delay_MUSD,loss_MUSD,min_net_wait_gain_MUSD,max_net_wait_gain_MUSD,status
0.0,250.0,-5.000000000000021,17.447821354080133,model_disagreement
0.0,279.1666666666667,-5.000000000000032,17.10803507762915,model_disagreement
0.0,308.3333333333333,-5.000000000000028,16.768248801178174,model_disagreement
0.0,337.5,-5.000000000000025,16.42846252472719,model_disagreement
0.0,366.6666666666667,-5.0000000000000355,16.08867624827621,model_disagreement
0.0,395.83333333333337,-5.0000000000000355,15.748889971825225,model_disagreement
0.0,425.0,-5.000000000000043,15.443616240123216,model_disagreement
0.0,454.1666666666667,-5.0000000000000355,15.205254322086482,model_disagreement
0.0,483.33333333333337,-5.0000000000000355,14.96689240404974,model_disagreement
0.0,512.5,-5.0000000000000355,14.728530486013007,model_disagreement
0.0,541.6666666666667,-5.0000000000000355,14.490168567976273,model_disagreement
0.0,570.8333333333334,-5.0000000000000355,14.251806649939535,model_disagreement
0.0,600.0,-5.0000000000000355,14.013444731902801,model_disagreement
0.0,629.1666666666667,-5.0000000000000355,13.775082813866064,model_disagreement
0.0,658.3333333333334,-5.0000000000000355,13.536720895829326,model_disagreement
0.0,687.5,-5.0000000000000355,13.298358977792592,model_disagreement
0.0,716.6666666666667,-5.0000000000000355,13.059997059755858,model_disagreement
0.0,745.8333333333334,-5.0000000000000355,12.82163514171912,model_disagreement
0.0,775.0,-5.0000000000000355,12.58327322368238,model_disagreement
0.0,804.1666666666667,-5.0000000000000355,12.344911305645645,model_disagreement
0.0,833.3333333333334,-5.000000000000043,12.106549387608911,model_disagreement
0.0,862.5,-5.000000000000043,11.868187469572174,model_disagreement
0.0,891.6666666666667,-5.000000000000043,11.629825551535433,model_disagreement
0.0,920.8333333333334,-5.000000000000043,11.391463633498702,model_disagreement
0.0,950.0,-5.0000000000000355,11.153101715461961,model_disagreement
0.0,979.1666666666667,-5.000000000000043,10.91473979742523,model_disagreement
0.0,1008.3333333333334,-5.000000000000043,10.67637787938849,model_disagreement
0.0,1037.5,-5.000000000000043,10.43801596135176,model_disagreement
0.0,1066.6666666666667,-5.000000000000043,10.199654043315018,model_disagreement
0.0,1095.8333333333335,-5.000000000000043,9.961292125278284,model_disagreement
0.0,1125.0,-5.0000000000000355,9.72293020724155,model_disagreement
0.0,1154.1666666666667,-5.0000000000000355,9.484568289204805,model_disagreement
0.0,1183.3333333333335,-5.0000000000000355,9.26898804719972,model_disagreement
0.0,1212.5,-5.000000000000043,9.065694691600385,model_disagreement
0.0,1241.6666666666667,-5.000000000000043,8.862401336001053,model_disagreement
0.0,1270.8333333333335,-5.000000000000043,8.659107980401718,model_disagreement
0.0,1300.0,-5.0000000000000355,8.455814624802379,model_disagreement
0.0,1329.1666666666667,-5.000000000000043,8.25252126920304,model_disagreement
0.0,1358.3333333333335,-5.000000000000043,8.049227913603708,model_disagreement
0.0,1387.5,-5.000000000000043,7.84593455800437,model_disagreement
0.0,1416.6666666666667,-5.000000000000043,7.642641202405038,model_disagreement
0.0,1445.8333333333335,-5.000000000000043,7.4393478468056955,model_disagreement
0.0,1475.0,-5.000000000000043,7.23605449120636,model_disagreement
0.0,1504.1666666666667,-5.0000000000000355,7.0327611356070285,model_disagreement
0.0,1533.3333333333335,-5.000000000000043,6.82946778000769,model_disagreement
0.0,1562.5,-5.000000000000043,6.626174424408347,model_disagreement
0.0,1591.6666666666667,-5.000000000000043,6.422881068809019,model_disagreement
0.0,1620.8333333333335,-5.000000000000043,6.219587713209677,model_disagreement
0.0,1650.0,-5.000000000000043,6.016294357610342,model_disagreement
0.0,1679.1666666666667,-5.000000000000043,5.813001002011006,model_disagreement
0.0,1708.3333333333335,-5.000000000000043,5.609707646411671,model_disagreement
0.0,1737.5,-5.000000000000043,5.406414290812336,model_disagreement
0.0,1766.6666666666667,-5.000000000000043,5.2031209352129935,model_disagreement
0.0,1795.8333333333335,-5.000000000000043,4.999827579613665,model_disagreement
0.0,1825.0,-5.000000000000043,4.796534224014323,model_disagreement
0.0,1854.1666666666667,-5.000000000000043,4.593240868414988,model_disagreement
0.0,1883.3333333333335,-5.00000000000005,4.389947512815652,model_disagreement
0.0,1912.5,-5.000000000000043,4.186654157216317,model_disagreement
0.0,1941.6666666666667,-5.000000000000043,3.983360801616975,model_disagreement
0.0,1970.8333333333335,-5.0000000000000355,3.7800674460176396,model_disagreement
0.0,2000.0,-5.000000000000043,3.5767740904183114,model_disagreement
2.0,250.0,-7.000000000000021,15.447821354080133,model_disagreement
2.0,279.1666666666667,-7.000000000000032,15.10803507762915,model_disagreement
2.0,308.3333333333333,-7.000000000000028,14.768248801178174,model_disagreement
2.0,337.5,-7.000000000000025,14.428462524727191,model_disagreement
2.0,366.6666666666667,-7.0000000000000355,14.088676248276212,model_disagreement
2.0,395.83333333333337,-7.0000000000000355,13.748889971825225,model_disagreement
2.0,425.0,-7.000000000000043,13.443616240123216,model_disagreement
2.0,454.1666666666667,-7.0000000000000355,13.205254322086482,model_disagreement
2.0,483.33333333333337,-7.0000000000000355,12.96689240404974,model_disagreement
2.0,512.5,-7.0000000000000355,12.728530486013007,model_disagreement
2.0,541.6666666666667,-7.0000000000000355,12.490168567976273,model_disagreement
2.0,570.8333333333334,-7.0000000000000355,12.251806649939535,model_disagreement
2.0,600.0,-7.0000000000000355,12.013444731902801,model_disagreement
2.0,629.1666666666667,-7.0000000000000355,11.775082813866064,model_disagreement
2.0,658.3333333333334,-7.0000000000000355,11.536720895829326,model_disagreement
2.0,687.5,-7.0000000000000355,11.298358977792592,model_disagreement
2.0,716.6666666666667,-7.0000000000000355,11.059997059755858,model_disagreement
2.0,745.8333333333334,-7.0000000000000355,10.82163514171912,model_disagreement
2.0,775.0,-7.0000000000000355,10.58327322368238,model_disagreement
2.0,804.1666666666667,-7.0000000000000355,10.344911305645645,model_disagreement
2.0,833.3333333333334,-7.000000000000043,10.106549387608911,model_disagreement
2.0,862.5,-7.000000000000043,9.868187469572174,model_disagreement
2.0,891.6666666666667,-7.000000000000043,9.629825551535433,model_disagreement
2.0,920.8333333333334,-7.000000000000043,9.391463633498702,model_disagreement
2.0,950.0,-7.0000000000000355,9.153101715461961,model_disagreement
2.0,979.1666666666667,-7.000000000000043,8.91473979742523,model_disagreement
2.0,1008.3333333333334,-7.000000000000043,8.67637787938849,model_disagreement
2.0,1037.5,-7.000000000000043,8.43801596135176,model_disagreement
2.0,1066.6666666666667,-7.000000000000043,8.199654043315018,model_disagreement
2.0,1095.8333333333335,-7.000000000000043,7.961292125278284,model_disagreement
2.0,1125.0,-7.0000000000000355,7.72293020724155,model_disagreement
2.0,1154.1666666666667,-7.0000000000000355,7.484568289204805,model_disagreement
2.0,1183.3333333333335,-7.0000000000000355,7.26898804719972,model_disagreement
2.0,1212.5,-7.000000000000043,7.065694691600385,model_disagreement
2.0,1241.6666666666667,-7.000000000000043,6.862401336001053,model_disagreement
2.0,1270.8333333333335,-7.000000000000043,6.659107980401718,model_disagreement
2.0,1300.0,-7.0000000000000355,6.455814624802379,model_disagreement
2.0,1329.1666666666667,-7.000000000000043,6.25252126920304,model_disagreement
2.0,1358.3333333333335,-7.000000000000043,6.049227913603708,model_disagreement
2.0,1387.5,-7.000000000000043,5.84593455800437,model_disagreement
2.0,1416.6666666666667,-7.000000000000043,5.642641202405038,model_disagreement
2.0,1445.8333333333335,-7.000000000000043,5.4393478468056955,model_disagreement
2.0,1475.0,-7.000000000000043,5.23605449120636,model_disagreement
2.0,1504.1666666666667,-7.0000000000000355,5.0327611356070285,model_disagreement
2.0,1533.3333333333335,-7.000000000000043,4.82946778000769,model_disagreement
2.0,1562.5,-7.000000000000043,4.626174424408347,model_disagreement
2.0,1591.6666666666667,-7.000000000000043,4.422881068809019,model_disagreement
2.0,1620.8333333333335,-7.000000000000043,4.219587713209677,model_disagreement
2.0,1650.0,-7.000000000000043,4.016294357610342,model_disagreement
2.0,1679.1666666666667,-7.000000000000043,3.8130010020110063,model_disagreement
2.0,1708.3333333333335,-7.000000000000043,3.609707646411671,model_disagreement
2.0,1737.5,-7.000000000000043,3.406414290812336,model_disagreement
2.0,1766.6666666666667,-7.000000000000043,3.2031209352129935,model_disagreement
2.0,1795.8333333333335,-7.000000000000043,2.9998275796136653,model_disagreement
2.0,1825.0,-7.000000000000043,2.796534224014323,model_disagreement
2.0,1854.1666666666667,-7.000000000000043,2.5932408684149877,model_disagreement
2.0,1883.3333333333335,-7.00000000000005,2.3899475128156524,model_disagreement
2.0,1912.5,-7.000000000000043,2.186654157216317,model_disagreement
2.0,1941.6666666666667,-7.000000000000043,1.9833608016169748,model_disagreement
2.0,1970.8333333333335,-7.0000000000000355,1.7800674460176396,model_disagreement
2.0,2000.0,-7.000000000000043,1.5767740904183114,model_disagreement
4.0,250.0,-9.000000000000021,13.447821354080133,model_disagreement
4.0,279.1666666666667,-9.000000000000032,13.10803507762915,model_disagreement
4.0,308.3333333333333,-9.000000000000028,12.768248801178174,model_disagreement
4.0,337.5,-9.000000000000025,12.428462524727191,model_disagreement
4.0,366.6666666666667,-9.000000000000036,12.088676248276212,model_disagreement
4.0,395.83333333333337,-9.000000000000036,11.748889971825225,model_disagreement
4.0,425.0,-9.000000000000043,11.443616240123216,model_disagreement
4.0,454.1666666666667,-9.000000000000036,11.205254322086482,model_disagreement
4.0,483.33333333333337,-9.000000000000036,10.96689240404974,model_disagreement
4.0,512.5,-9.000000000000036,10.728530486013007,model_disagreement
4.0,541.6666666666667,-9.000000000000036,10.490168567976273,model_disagreement
4.0,570.8333333333334,-9.000000000000036,10.251806649939535,model_disagreement
4.0,600.0,-9.000000000000036,10.013444731902801,model_disagreement
4.0,629.1666666666667,-9.000000000000036,9.775082813866064,model_disagreement
4.0,658.3333333333334,-9.000000000000036,9.536720895829326,model_disagreement
4.0,687.5,-9.000000000000036,9.298358977792592,model_disagreement
4.0,716.6666666666667,-9.000000000000036,9.059997059755858,model_disagreement
4.0,745.8333333333334,-9.000000000000036,8.82163514171912,model_disagreement
4.0,775.0,-9.000000000000036,8.58327322368238,model_disagreement
4.0,804.1666666666667,-9.000000000000036,8.344911305645645,model_disagreement
4.0,833.3333333333334,-9.000000000000043,8.106549387608911,model_disagreement
4.0,862.5,-9.000000000000043,7.868187469572174,model_disagreement
4.0,891.6666666666667,-9.000000000000043,7.629825551535433,model_disagreement
4.0,920.8333333333334,-9.000000000000043,7.391463633498702,model_disagreement
4.0,950.0,-9.000000000000036,7.153101715461961,model_disagreement
4.0,979.1666666666667,-9.000000000000043,6.914739797425231,model_disagreement
4.0,1008.3333333333334,-9.000000000000043,6.67637787938849,model_disagreement
4.0,1037.5,-9.000000000000043,6.438015961351759,model_disagreement
4.0,1066.6666666666667,-9.000000000000043,6.199654043315018,model_disagreement
4.0,1095.8333333333335,-9.000000000000043,5.961292125278284,model_disagreement
4.0,1125.0,-9.000000000000036,5.72293020724155,model_disagreement
4.0,1154.1666666666667,-9.000000000000036,5.484568289204805,model_disagreement
4.0,1183.3333333333335,-9.000000000000036,5.26898804719972,model_disagreement
4.0,1212.5,-9.000000000000043,5.065694691600385,model_disagreement
4.0,1241.6666666666667,-9.000000000000043,4.862401336001053,model_disagreement
4.0,1270.8333333333335,-9.000000000000043,4.659107980401718,model_disagreement
4.0,1300.0,-9.000000000000036,4.455814624802379,model_disagreement
4.0,1329.1666666666667,-9.000000000000043,4.25252126920304,model_disagreement
4.0,1358.3333333333335,-9.000000000000043,4.049227913603708,model_disagreement
4.0,1387.5,-9.000000000000043,3.8459345580043696,model_disagreement
4.0,1416.6666666666667,-9.000000000000043,3.642641202405038,model_disagreement
4.0,1445.8333333333335,-9.000000000000043,3.4393478468056955,model_disagreement
4.0,1475.0,-9.000000000000043,3.2360544912063602,model_disagreement
4.0,1504.1666666666667,-9.000000000000036,3.0327611356070285,model_disagreement
4.0,1533.3333333333335,-9.000000000000043,2.8294677800076897,model_disagreement
4.0,1562.5,-9.000000000000043,2.6261744244083474,model_disagreement
4.0,1591.6666666666667,-9.000000000000043,2.422881068809019,model_disagreement
4.0,1620.8333333333335,-9.000000000000043,2.219587713209677,model_disagreement
4.0,1650.0,-9.000000000000043,2.0162943576103416,model_disagreement
4.0,1679.1666666666667,-9.000000000000043,1.8130010020110063,model_disagreement
4.0,1708.3333333333335,-9.000000000000043,1.609707646411671,model_disagreement
4.0,1737.5,-9.000000000000043,1.4064142908123358,model_disagreement
4.0,1766.6666666666667,-9.000000000000043,1.2031209352129935,model_disagreement
4.0,1795.8333333333335,-9.000000000000043,0.9998275796136653,model_disagreement
4.0,1825.0,-9.000000000000043,0.796534224014323,model_disagreement
4.0,1854.1666666666667,-9.000000000000043,0.5932408684149877,model_disagreement
4.0,1883.3333333333335,-9.00000000000005,0.38994751281565243,model_disagreement
4.0,1912.5,-9.000000000000043,0.18665415721631717,model_disagreement
4.0,1941.6666666666667,-9.000000000000043,-0.01663919838302519,reallocate_all
4.0,1970.8333333333335,-9.000000000000036,-0.21993255398236045,reallocate_all
4.0,2000.0,-9.000000000000043,-0.4232259095816886,reallocate_all
6.0,250.0,-11.000000000000021,11.447821354080133,model_disagreement
6.0,279.1666666666667,-11.000000000000032,11.10803507762915,model_disagreement
6.0,308.3333333333333,-11.000000000000028,10.768248801178174,model_disagreement
6.0,337.5,-11.000000000000025,10.428462524727191,model_disagreement
6.0,366.6666666666667,-11.000000000000036,10.088676248276212,model_disagreement
6.0,395.83333333333337,-11.000000000000036,9.748889971825225,model_disagreement
6.0,425.0,-11.000000000000043,9.443616240123216,model_disagreement
6.0,454.1666666666667,-11.000000000000036,9.205254322086482,model_disagreement
6.0,483.33333333333337,-11.000000000000036,8.96689240404974,model_disagreement
6.0,512.5,-11.000000000000036,8.728530486013007,model_disagreement
6.0,541.6666666666667,-11.000000000000036,8.490168567976273,model_disagreement
6.0,570.8333333333334,-11.000000000000036,8.251806649939535,model_disagreement
6.0,600.0,-11.000000000000036,8.013444731902801,model_disagreement
6.0,629.1666666666667,-11.000000000000036,7.775082813866064,model_disagreement
6.0,658.3333333333334,-11.000000000000036,7.536720895829326,model_disagreement
6.0,687.5,-11.000000000000036,7.298358977792592,model_disagreement
6.0,716.6666666666667,-11.000000000000036,7.059997059755858,model_disagreement
6.0,745.8333333333334,-11.000000000000036,6.8216351417191206,model_disagreement
6.0,775.0,-11.000000000000036,6.583273223682379,model_disagreement
6.0,804.1666666666667,-11.000000000000036,6.344911305645645,model_disagreement
6.0,833.3333333333334,-11.000000000000043,6.106549387608911,model_disagreement
6.0,862.5,-11.000000000000043,5.868187469572174,model_disagreement
6.0,891.6666666666667,-11.000000000000043,5.629825551535433,model_disagreement
6.0,920.8333333333334,-11.000000000000043,5.391463633498702,model_disagreement
6.0,950.0,-11.000000000000036,5.153101715461961,model_disagreement
6.0,979.1666666666667,-11.000000000000043,4.914739797425231,model_disagreement
6.0,1008.3333333333334,-11.000000000000043,4.67637787938849,model_disagreement
6.0,1037.5,-11.000000000000043,4.438015961351759,model_disagreement
6.0,1066.6666666666667,-11.000000000000043,4.199654043315018,model_disagreement
6.0,1095.8333333333335,-11.000000000000043,3.961292125278284,model_disagreement
6.0,1125.0,-11.000000000000036,3.72293020724155,model_disagreement
6.0,1154.1666666666667,-11.000000000000036,3.4845682892048053,model_disagreement
6.0,1183.3333333333335,-11.000000000000036,3.26898804719972,model_disagreement
6.0,1212.5,-11.000000000000043,3.0656946916003847,model_disagreement
6.0,1241.6666666666667,-11.000000000000043,2.862401336001053,model_disagreement
6.0,1270.8333333333335,-11.000000000000043,2.6591079804017177,model_disagreement
6.0,1300.0,-11.000000000000036,2.455814624802379,model_disagreement
6.0,1329.1666666666667,-11.000000000000043,2.25252126920304,model_disagreement
6.0,1358.3333333333335,-11.000000000000043,2.0492279136037084,model_disagreement
6.0,1387.5,-11.000000000000043,1.8459345580043696,model_disagreement
6.0,1416.6666666666667,-11.000000000000043,1.6426412024050379,model_disagreement
6.0,1445.8333333333335,-11.000000000000043,1.4393478468056955,model_disagreement
6.0,1475.0,-11.000000000000043,1.2360544912063602,model_disagreement
6.0,1504.1666666666667,-11.000000000000036,1.0327611356070285,model_disagreement
6.0,1533.3333333333335,-11.000000000000043,0.8294677800076897,model_disagreement
6.0,1562.5,-11.000000000000043,0.6261744244083474,model_disagreement
6.0,1591.6666666666667,-11.000000000000043,0.4228810688090192,model_disagreement
6.0,1620.8333333333335,-11.000000000000043,0.21958771320967685,model_disagreement
6.0,1650.0,-11.000000000000043,0.016294357610341592,model_disagreement
6.0,1679.1666666666667,-11.000000000000043,-0.18699899798899366,reallocate_all
6.0,1708.3333333333335,-11.000000000000043,-0.3902923535883289,reallocate_all
6.0,1737.5,-11.000000000000043,-0.5935857091876642,reallocate_all
6.0,1766.6666666666667,-11.000000000000043,-0.7968790647870065,reallocate_all
6.0,1795.8333333333335,-11.000000000000043,-1.0001724203863347,reallocate_all
6.0,1825.0,-11.000000000000043,-1.203465775985677,reallocate_all
6.0,1854.1666666666667,-11.000000000000043,-1.4067591315850123,reallocate_all
6.0,1883.3333333333335,-11.00000000000005,-1.6100524871843476,reallocate_all
6.0,1912.5,-11.000000000000043,-1.8133458427836828,reallocate_all
6.0,1941.6666666666667,-11.000000000000043,-2.016639198383025,reallocate_all
6.0,1970.8333333333335,-11.000000000000036,-2.2199325539823604,reallocate_all
6.0,2000.0,-11.000000000000043,-2.4232259095816886,reallocate_all
8.0,250.0,-13.000000000000021,9.447821354080133,model_disagreement
8.0,279.1666666666667,-13.000000000000032,9.10803507762915,model_disagreement
8.0,308.3333333333333,-13.000000000000028,8.768248801178174,model_disagreement
8.0,337.5,-13.000000000000025,8.428462524727191,model_disagreement
8.0,366.6666666666667,-13.000000000000036,8.088676248276212,model_disagreement
8.0,395.83333333333337,-13.000000000000036,7.748889971825225,model_disagreement
8.0,425.0,-13.000000000000043,7.443616240123216,model_disagreement
8.0,454.1666666666667,-13.000000000000036,7.205254322086482,model_disagreement
8.0,483.33333333333337,-13.000000000000036,6.966892404049741,model_disagreement
8.0,512.5,-13.000000000000036,6.728530486013007,model_disagreement
8.0,541.6666666666667,-13.000000000000036,6.490168567976273,model_disagreement
8.0,570.8333333333334,-13.000000000000036,6.251806649939535,model_disagreement
8.0,600.0,-13.000000000000036,6.013444731902801,model_disagreement
8.0,629.1666666666667,-13.000000000000036,5.775082813866064,model_disagreement
8.0,658.3333333333334,-13.000000000000036,5.536720895829326,model_disagreement
8.0,687.5,-13.000000000000036,5.298358977792592,model_disagreement
8.0,716.6666666666667,-13.000000000000036,5.059997059755858,model_disagreement
8.0,745.8333333333334,-13.000000000000036,4.8216351417191206,model_disagreement
8.0,775.0,-13.000000000000036,4.583273223682379,model_disagreement
8.0,804.1666666666667,-13.000000000000036,4.344911305645645,model_disagreement
8.0,833.3333333333334,-13.000000000000043,4.106549387608911,model_disagreement
8.0,862.5,-13.000000000000043,3.868187469572174,model_disagreement
8.0,891.6666666666667,-13.000000000000043,3.6298255515354327,model_disagreement
8.0,920.8333333333334,-13.000000000000043,3.3914636334987023,model_disagreement
8.0,950.0,-13.000000000000036,3.153101715461961,model_disagreement
8.0,979.1666666666667,-13.000000000000043,2.9147397974252307,model_disagreement
8.0,1008.3333333333334,-13.000000000000043,2.6763778793884896,model_disagreement
8.0,1037.5,-13.000000000000043,2.438015961351759,model_disagreement
8.0,1066.6666666666667,-13.000000000000043,2.199654043315018,model_disagreement
8.0,1095.8333333333335,-13.000000000000043,1.961292125278284,model_disagreement
8.0,1125.0,-13.000000000000036,1.72293020724155,model_disagreement
8.0,1154.1666666666667,-13.000000000000036,1.4845682892048053,model_disagreement
8.0,1183.3333333333335,-13.000000000000036,1.26898804719972,model_disagreement
8.0,1212.5,-13.000000000000043,1.0656946916003847,model_disagreement
8.0,1241.6666666666667,-13.000000000000043,0.862401336001053,model_disagreement
8.0,1270.8333333333335,-13.000000000000043,0.6591079804017177,model_disagreement
8.0,1300.0,-13.000000000000036,0.4558146248023789,model_disagreement
8.0,1329.1666666666667,-13.000000000000043,0.2525212692030401,model_disagreement
8.0,1358.3333333333335,-13.000000000000043,0.04922791360370837,model_disagreement
8.0,1387.5,-13.000000000000043,-0.15406544199563044,reallocate_all
8.0,1416.6666666666667,-13.000000000000043,-0.35735879759496214,reallocate_all
8.0,1445.8333333333335,-13.000000000000043,-0.5606521531943045,reallocate_all
8.0,1475.0,-13.000000000000043,-0.7639455087936398,reallocate_all
8.0,1504.1666666666667,-13.000000000000036,-0.9672388643929715,reallocate_all
8.0,1533.3333333333335,-13.000000000000043,-1.1705322199923103,reallocate_all
8.0,1562.5,-13.000000000000043,-1.3738255755916526,reallocate_all
8.0,1591.6666666666667,-13.000000000000043,-1.5771189311909808,reallocate_all
8.0,1620.8333333333335,-13.000000000000043,-1.7804122867903232,reallocate_all
8.0,1650.0,-13.000000000000043,-1.9837056423896584,reallocate_all
8.0,1679.1666666666667,-13.000000000000043,-2.1869989979889937,reallocate_all
8.0,1708.3333333333335,-13.000000000000043,-2.390292353588329,reallocate_all
8.0,1737.5,-13.000000000000043,-2.593585709187664,reallocate_all
8.0,1766.6666666666667,-13.000000000000043,-2.7968790647870065,reallocate_all
8.0,1795.8333333333335,-13.000000000000043,-3.0001724203863347,reallocate_all
8.0,1825.0,-13.000000000000043,-3.203465775985677,reallocate_all
8.0,1854.1666666666667,-13.000000000000043,-3.4067591315850123,reallocate_all
8.0,1883.3333333333335,-13.00000000000005,-3.6100524871843476,reallocate_all
8.0,1912.5,-13.000000000000043,-3.813345842783683,reallocate_all
8.0,1941.6666666666667,-13.000000000000043,-4.016639198383025,reallocate_all
8.0,1970.8333333333335,-13.000000000000036,-4.2199325539823604,reallocate_all
8.0,2000.0,-13.000000000000043,-4.423225909581689,reallocate_all
10.0,250.0,-15.000000000000021,7.4478213540801335,model_disagreement
10.0,279.1666666666667,-15.000000000000032,7.10803507762915,model_disagreement
10.0,308.3333333333333,-15.000000000000028,6.768248801178174,model_disagreement
10.0,337.5,-15.000000000000025,6.428462524727191,model_disagreement
10.0,366.6666666666667,-15.000000000000036,6.088676248276212,model_disagreement
10.0,395.83333333333337,-15.000000000000036,5.748889971825225,model_disagreement
10.0,425.0,-15.000000000000043,5.443616240123216,model_disagreement
10.0,454.1666666666667,-15.000000000000036,5.205254322086482,model_disagreement
10.0,483.33333333333337,-15.000000000000036,4.966892404049741,model_disagreement
10.0,512.5,-15.000000000000036,4.728530486013007,model_disagreement
10.0,541.6666666666667,-15.000000000000036,4.490168567976273,model_disagreement
10.0,570.8333333333334,-15.000000000000036,4.251806649939535,model_disagreement
10.0,600.0,-15.000000000000036,4.013444731902801,model_disagreement
10.0,629.1666666666667,-15.000000000000036,3.7750828138660637,model_disagreement
10.0,658.3333333333334,-15.000000000000036,3.536720895829326,model_disagreement
10.0,687.5,-15.000000000000036,3.298358977792592,model_disagreement
10.0,716.6666666666667,-15.000000000000036,3.059997059755858,model_disagreement
10.0,745.8333333333334,-15.000000000000036,2.8216351417191206,model_disagreement
10.0,775.0,-15.000000000000036,2.5832732236823794,model_disagreement
10.0,804.1666666666667,-15.000000000000036,2.3449113056456454,model_disagreement
10.0,833.3333333333334,-15.000000000000043,2.1065493876089114,model_disagreement
10.0,862.5,-15.000000000000043,1.8681874695721739,model_disagreement
10.0,891.6666666666667,-15.000000000000043,1.6298255515354327,model_disagreement
10.0,920.8333333333334,-15.000000000000043,1.3914636334987023,model_disagreement
10.0,950.0,-15.000000000000036,1.1531017154619612,model_disagreement
10.0,979.1666666666667,-15.000000000000043,0.9147397974252307,model_disagreement
10.0,1008.3333333333334,-15.000000000000043,0.6763778793884896,model_disagreement
10.0,1037.5,-15.000000000000043,0.43801596135175913,model_disagreement
10.0,1066.6666666666667,-15.000000000000043,0.19965404331501801,model_disagreement
10.0,1095.8333333333335,-15.000000000000043,-0.038707874721715996,reallocate_all
10.0,1125.0,-15.000000000000036,-0.27706979275845,reallocate_all
10.0,1154.1666666666667,-15.000000000000036,-0.5154317107951947,reallocate_all
10.0,1183.3333333333335,-15.000000000000036,-0.7310119528002801,reallocate_all
10.0,1212.5,-15.000000000000043,-0.9343053083996153,reallocate_all
10.0,1241.6666666666667,-15.000000000000043,-1.137598663998947,reallocate_all
10.0,1270.8333333333335,-15.000000000000043,-1.3408920195982823,reallocate_all
10.0,1300.0,-15.000000000000036,-1.5441853751976211,reallocate_all
10.0,1329.1666666666667,-15.000000000000043,-1.74747873079696,reallocate_all
10.0,1358.3333333333335,-15.000000000000043,-1.9507720863962916,reallocate_all
10.0,1387.5,-15.000000000000043,-2.1540654419956304,reallocate_all
10.0,1416.6666666666667,-15.000000000000043,-2.357358797594962,reallocate_all
10.0,1445.8333333333335,-15.000000000000043,-2.5606521531943045,reallocate_all
10.0,1475.0,-15.000000000000043,-2.7639455087936398,reallocate_all
10.0,1504.1666666666667,-15.000000000000036,-2.9672388643929715,reallocate_all
10.0,1533.3333333333335,-15.000000000000043,-3.1705322199923103,reallocate_all
10.0,1562.5,-15.000000000000043,-3.3738255755916526,reallocate_all
10.0,1591.6666666666667,-15.000000000000043,-3.577118931190981,reallocate_all
10.0,1620.8333333333335,-15.000000000000043,-3.780412286790323,reallocate_all
10.0,1650.0,-15.000000000000043,-3.9837056423896584,reallocate_all
10.0,1679.1666666666667,-15.000000000000043,-4.186998997988994,reallocate_all
10.0,1708.3333333333335,-15.000000000000043,-4.390292353588329,reallocate_all
10.0,1737.5,-15.000000000000043,-4.593585709187664,reallocate_all
10.0,1766.6666666666667,-15.000000000000043,-4.7968790647870065,reallocate_all
10.0,1795.8333333333335,-15.000000000000043,-5.000172420386335,reallocate_all
10.0,1825.0,-15.000000000000043,-5.203465775985677,reallocate_all
10.0,1854.1666666666667,-15.000000000000043,-5.406759131585012,reallocate_all
10.0,1883.3333333333335,-15.00000000000005,-5.610052487184348,reallocate_all
10.0,1912.5,-15.000000000000043,-5.813345842783683,reallocate_all
10.0,1941.6666666666667,-15.000000000000043,-6.016639198383025,reallocate_all
10.0,1970.8333333333335,-15.000000000000036,-6.2199325539823604,reallocate_all
10.0,2000.0,-15.000000000000043,-6.423225909581689,reallocate_all
12.0,250.0,-17.00000000000002,5.4478213540801335,model_disagreement
12.0,279.1666666666667,-17.000000000000032,5.10803507762915,model_disagreement
12.0,308.3333333333333,-17.00000000000003,4.768248801178174,model_disagreement
12.0,337.5,-17.000000000000025,4.428462524727191,model_disagreement
12.0,366.6666666666667,-17.000000000000036,4.088676248276212,model_disagreement
12.0,395.83333333333337,-17.000000000000036,3.748889971825225,model_disagreement
12.0,425.0,-17.000000000000043,3.443616240123216,model_disagreement
12.0,454.1666666666667,-17.000000000000036,3.205254322086482,model_disagreement
12.0,483.33333333333337,-17.000000000000036,2.966892404049741,model_disagreement
12.0,512.5,-17.000000000000036,2.728530486013007,model_disagreement
12.0,541.6666666666667,-17.000000000000036,2.490168567976273,model_disagreement
12.0,570.8333333333334,-17.000000000000036,2.2518066499395353,model_disagreement
12.0,600.0,-17.000000000000036,2.0134447319028013,model_disagreement
12.0,629.1666666666667,-17.000000000000036,1.7750828138660637,model_disagreement
12.0,658.3333333333334,-17.000000000000036,1.5367208958293261,model_disagreement
12.0,687.5,-17.000000000000036,1.2983589777925921,model_disagreement
12.0,716.6666666666667,-17.000000000000036,1.0599970597558581,model_disagreement
12.0,745.8333333333334,-17.000000000000036,0.8216351417191206,model_disagreement
12.0,775.0,-17.000000000000036,0.5832732236823794,model_disagreement
12.0,804.1666666666667,-17.000000000000036,0.3449113056456454,model_disagreement
12.0,833.3333333333334,-17.000000000000043,0.10654938760891142,model_disagreement
12.0,862.5,-17.000000000000043,-0.13181253042782615,reallocate_all
12.0,891.6666666666667,-17.000000000000043,-0.37017444846456726,reallocate_all
12.0,920.8333333333334,-17.000000000000043,-0.6085363665012977,reallocate_all
12.0,950.0,-17.000000000000036,-0.8468982845380388,reallocate_all
12.0,979.1666666666667,-17.000000000000043,-1.0852602025747693,reallocate_all
12.0,1008.3333333333334,-17.000000000000043,-1.3236221206115104,reallocate_all
12.0,1037.5,-17.000000000000043,-1.5619840386482409,reallocate_all
12.0,1066.6666666666667,-17.000000000000043,-1.800345956684982,reallocate_all
12.0,1095.8333333333335,-17.000000000000043,-2.038707874721716,reallocate_all
12.0,1125.0,-17.000000000000036,-2.27706979275845,reallocate_all
12.0,1154.1666666666667,-17.000000000000036,-2.5154317107951947,reallocate_all
12.0,1183.3333333333335,-17.000000000000036,-2.73101195280028,reallocate_all
12.0,1212.5,-17.000000000000043,-2.9343053083996153,reallocate_all
12.0,1241.6666666666667,-17.000000000000043,-3.137598663998947,reallocate_all
12.0,1270.8333333333335,-17.000000000000043,-3.3408920195982823,reallocate_all
12.0,1300.0,-17.000000000000036,-3.544185375197621,reallocate_all
12.0,1329.1666666666667,-17.000000000000043,-3.74747873079696,reallocate_all
12.0,1358.3333333333335,-17.000000000000043,-3.9507720863962916,reallocate_all
12.0,1387.5,-17.000000000000043,-4.15406544199563,reallocate_all
12.0,1416.6666666666667,-17.000000000000043,-4.357358797594962,reallocate_all
12.0,1445.8333333333335,-17.000000000000043,-4.5606521531943045,reallocate_all
12.0,1475.0,-17.000000000000043,-4.76394550879364,reallocate_all
12.0,1504.1666666666667,-17.000000000000036,-4.9672388643929715,reallocate_all
12.0,1533.3333333333335,-17.000000000000043,-5.17053221999231,reallocate_all
12.0,1562.5,-17.000000000000043,-5.373825575591653,reallocate_all
12.0,1591.6666666666667,-17.000000000000043,-5.577118931190981,reallocate_all
12.0,1620.8333333333335,-17.000000000000043,-5.780412286790323,reallocate_all
12.0,1650.0,-17.000000000000043,-5.983705642389658,reallocate_all
12.0,1679.1666666666667,-17.000000000000043,-6.186998997988994,reallocate_all
12.0,1708.3333333333335,-17.000000000000043,-6.390292353588329,reallocate_all
12.0,1737.5,-17.000000000000043,-6.593585709187664,reallocate_all
12.0,1766.6666666666667,-17.000000000000043,-6.7968790647870065,reallocate_all
12.0,1795.8333333333335,-17.000000000000043,-7.000172420386335,reallocate_all
12.0,1825.0,-17.000000000000043,-7.203465775985677,reallocate_all
12.0,1854.1666666666667,-17.000000000000043,-7.406759131585012,reallocate_all
12.0,1883.3333333333335,-17.00000000000005,-7.610052487184348,reallocate_all
12.0,1912.5,-17.000000000000043,-7.813345842783683,reallocate_all
12.0,1941.6666666666667,-17.000000000000043,-8.016639198383025,reallocate_all
12.0,1970.8333333333335,-17.000000000000036,-8.21993255398236,reallocate_all
12.0,2000.0,-17.000000000000043,-8.423225909581689,reallocate_all
14.0,250.0,-19.00000000000002,3.4478213540801335,model_disagreement
14.0,279.1666666666667,-19.000000000000032,3.1080350776291503,model_disagreement
14.0,308.3333333333333,-19.00000000000003,2.7682488011781743,model_disagreement
14.0,337.5,-19.000000000000025,2.428462524727191,model_disagreement
14.0,366.6666666666667,-19.000000000000036,2.0886762482762116,model_disagreement
14.0,395.83333333333337,-19.000000000000036,1.7488899718252249,model_disagreement
14.0,425.0,-19.000000000000043,1.443616240123216,model_disagreement
14.0,454.1666666666667,-19.000000000000036,1.205254322086482,model_disagreement
14.0,483.33333333333337,-19.000000000000036,0.9668924040497409,model_disagreement
14.0,512.5,-19.000000000000036,0.7285304860130069,model_disagreement
14.0,541.6666666666667,-19.000000000000036,0.49016856797627284,model_disagreement
14.0,570.8333333333334,-19.000000000000036,0.2518066499395353,model_disagreement
14.0,600.0,-19.000000000000036,0.013444731902801266,model_disagreement
14.0,629.1666666666667,-19.000000000000036,-0.2249171861339363,reallocate_all
14.0,658.3333333333334,-19.000000000000036,-0.46327910417067386,reallocate_all
14.0,687.5,-19.000000000000036,-0.7016410222074079,reallocate_all
14.0,716.6666666666667,-19.000000000000036,-0.9400029402441419,reallocate_all
14.0,745.8333333333334,-19.000000000000036,-1.1783648582808794,reallocate_all
14.0,775.0,-19.000000000000036,-1.4167267763176206,reallocate_all
14.0,804.1666666666667,-19.000000000000036,-1.6550886943543546,reallocate_all
14.0,833.3333333333334,-19.000000000000043,-1.8934506123910886,reallocate_all
14.0,862.5,-19.000000000000043,-2.131812530427826,reallocate_all
14.0,891.6666666666667,-19.000000000000043,-2.3701744484645673,reallocate_all
14.0,920.8333333333334,-19.000000000000043,-2.6085363665012977,reallocate_all
14.0,950.0,-19.000000000000036,-2.846898284538039,reallocate_all
14.0,979.1666666666667,-19.000000000000043,-3.0852602025747693,reallocate_all
14.0,1008.3333333333334,-19.000000000000043,-3.3236221206115104,reallocate_all
14.0,1037.5,-19.000000000000043,-3.561984038648241,reallocate_all
14.0,1066.6666666666667,-19.000000000000043,-3.800345956684982,reallocate_all
14.0,1095.8333333333335,-19.000000000000043,-4.038707874721716,reallocate_all
14.0,1125.0,-19.000000000000036,-4.27706979275845,reallocate_all
14.0,1154.1666666666667,-19.000000000000036,-4.515431710795195,reallocate_all
14.0,1183.3333333333335,-19.000000000000036,-4.73101195280028,reallocate_all
14.0,1212.5,-19.000000000000043,-4.934305308399615,reallocate_all
14.0,1241.6666666666667,-19.000000000000043,-5.137598663998947,reallocate_all
14.0,1270.8333333333335,-19.000000000000043,-5.340892019598282,reallocate_all
14.0,1300.0,-19.000000000000036,-5.544185375197621,reallocate_all
14.0,1329.1666666666667,-19.000000000000043,-5.74747873079696,reallocate_all
14.0,1358.3333333333335,-19.000000000000043,-5.950772086396292,reallocate_all
14.0,1387.5,-19.000000000000043,-6.15406544199563,reallocate_all
14.0,1416.6666666666667,-19.000000000000043,-6.357358797594962,reallocate_all
14.0,1445.8333333333335,-19.000000000000043,-6.5606521531943045,reallocate_all
14.0,1475.0,-19.000000000000043,-6.76394550879364,reallocate_all
14.0,1504.1666666666667,-19.000000000000036,-6.9672388643929715,reallocate_all
14.0,1533.3333333333335,-19.000000000000043,-7.17053221999231,reallocate_all
14.0,1562.5,-19.000000000000043,-7.373825575591653,reallocate_all
14.0,1591.6666666666667,-19.000000000000043,-7.577118931190981,reallocate_all
14.0,1620.8333333333335,-19.000000000000043,-7.780412286790323,reallocate_all
14.0,1650.0,-19.000000000000043,-7.983705642389658,reallocate_all
14.0,1679.1666666666667,-19.000000000000043,-8.186998997988994,reallocate_all
14.0,1708.3333333333335,-19.000000000000043,-8.390292353588329,reallocate_all
14.0,1737.5,-19.000000000000043,-8.593585709187664,reallocate_all
14.0,1766.6666666666667,-19.000000000000043,-8.796879064787007,reallocate_all
14.0,1795.8333333333335,-19.000000000000043,-9.000172420386335,reallocate_all
14.0,1825.0,-19.000000000000043,-9.203465775985677,reallocate_all
14.0,1854.1666666666667,-19.000000000000043,-9.406759131585012,reallocate_all
14.0,1883.3333333333335,-19.00000000000005,-9.610052487184348,reallocate_all
14.0,1912.5,-19.000000000000043,-9.813345842783683,reallocate_all
14.0,1941.6666666666667,-19.000000000000043,-10.016639198383025,reallocate_all
14.0,1970.8333333333335,-19.000000000000036,-10.21993255398236,reallocate_all
14.0,2000.0,-19.000000000000043,-10.423225909581689,reallocate_all
16.0,250.0,-21.00000000000002,1.4478213540801335,model_disagreement
16.0,279.1666666666667,-21.000000000000032,1.1080350776291503,model_disagreement
16.0,308.3333333333333,-21.00000000000003,0.7682488011781743,model_disagreement
16.0,337.5,-21.000000000000025,0.42846252472719115,model_disagreement
16.0,366.6666666666667,-21.000000000000036,0.08867624827621157,model_disagreement
16.0,395.83333333333337,-21.000000000000036,-0.2511100281747751,reallocate_all
16.0,425.0,-21.000000000000043,-0.556383759876784,reallocate_all
16.0,454.1666666666667,-21.000000000000036,-0.794745677913518,reallocate_all
16.0,483.33333333333337,-21.000000000000036,-1.0331075959502591,reallocate_all
16.0,512.5,-21.000000000000036,-1.2714695139869931,reallocate_all
16.0,541.6666666666667,-21.000000000000036,-1.5098314320237272,reallocate_all
16.0,570.8333333333334,-21.000000000000036,-1.7481933500604647,reallocate_all
16.0,600.0,-21.000000000000036,-1.9865552680971987,reallocate_all
16.0,629.1666666666667,-21.000000000000036,-2.2249171861339363,reallocate_all
16.0,658.3333333333334,-21.000000000000036,-2.463279104170674,reallocate_all
16.0,687.5,-21.000000000000036,-2.701641022207408,reallocate_all
16.0,716.6666666666667,-21.000000000000036,-2.940002940244142,reallocate_all
16.0,745.8333333333334,-21.000000000000036,-3.1783648582808794,reallocate_all
16.0,775.0,-21.000000000000036,-3.4167267763176206,reallocate_all
16.0,804.1666666666667,-21.000000000000036,-3.6550886943543546,reallocate_all
16.0,833.3333333333334,-21.000000000000043,-3.8934506123910886,reallocate_all
16.0,862.5,-21.000000000000043,-4.131812530427826,reallocate_all
16.0,891.6666666666667,-21.000000000000043,-4.370174448464567,reallocate_all
16.0,920.8333333333334,-21.000000000000043,-4.608536366501298,reallocate_all
16.0,950.0,-21.000000000000036,-4.846898284538039,reallocate_all
16.0,979.1666666666667,-21.000000000000043,-5.085260202574769,reallocate_all
16.0,1008.3333333333334,-21.000000000000043,-5.32362212061151,reallocate_all
16.0,1037.5,-21.000000000000043,-5.561984038648241,reallocate_all
16.0,1066.6666666666667,-21.000000000000043,-5.800345956684982,reallocate_all
16.0,1095.8333333333335,-21.000000000000043,-6.038707874721716,reallocate_all
16.0,1125.0,-21.000000000000036,-6.27706979275845,reallocate_all
16.0,1154.1666666666667,-21.000000000000036,-6.515431710795195,reallocate_all
16.0,1183.3333333333335,-21.000000000000036,-6.73101195280028,reallocate_all
16.0,1212.5,-21.000000000000043,-6.934305308399615,reallocate_all
16.0,1241.6666666666667,-21.000000000000043,-7.137598663998947,reallocate_all
16.0,1270.8333333333335,-21.000000000000043,-7.340892019598282,reallocate_all
16.0,1300.0,-21.000000000000036,-7.544185375197621,reallocate_all
16.0,1329.1666666666667,-21.000000000000043,-7.74747873079696,reallocate_all
16.0,1358.3333333333335,-21.000000000000043,-7.950772086396292,reallocate_all
16.0,1387.5,-21.000000000000043,-8.15406544199563,reallocate_all
16.0,1416.6666666666667,-21.000000000000043,-8.357358797594962,reallocate_all
16.0,1445.8333333333335,-21.000000000000043,-8.560652153194305,reallocate_all
16.0,1475.0,-21.000000000000043,-8.76394550879364,reallocate_all
16.0,1504.1666666666667,-21.000000000000036,-8.967238864392971,reallocate_all
16.0,1533.3333333333335,-21.000000000000043,-9.17053221999231,reallocate_all
16.0,1562.5,-21.000000000000043,-9.373825575591653,reallocate_all
16.0,1591.6666666666667,-21.000000000000043,-9.57711893119098,reallocate_all
16.0,1620.8333333333335,-21.000000000000043,-9.780412286790323,reallocate_all
16.0,1650.0,-21.000000000000043,-9.983705642389658,reallocate_all
16.0,1679.1666666666667,-21.000000000000043,-10.186998997988994,reallocate_all
16.0,1708.3333333333335,-21.000000000000043,-10.390292353588329,reallocate_all
16.0,1737.5,-21.000000000000043,-10.593585709187664,reallocate_all
16.0,1766.6666666666667,-21.000000000000043,-10.796879064787007,reallocate_all
16.0,1795.8333333333335,-21.000000000000043,-11.000172420386335,reallocate_all
16.0,1825.0,-21.000000000000043,-11.203465775985677,reallocate_all
16.0,1854.1666666666667,-21.000000000000043,-11.406759131585012,reallocate_all
16.0,1883.3333333333335,-21.00000000000005,-11.610052487184348,reallocate_all
16.0,1912.5,-21.000000000000043,-11.813345842783683,reallocate_all
16.0,1941.6666666666667,-21.000000000000043,-12.016639198383025,reallocate_all
16.0,1970.8333333333335,-21.000000000000036,-12.21993255398236,reallocate_all
16.0,2000.0,-21.000000000000043,-12.423225909581689,reallocate_all
18.0,250.0,-23.00000000000002,-0.5521786459198665,reallocate_all
18.0,279.1666666666667,-23.000000000000032,-0.8919649223708497,reallocate_all
18.0,308.3333333333333,-23.00000000000003,-1.2317511988218257,reallocate_all
18.0,337.5,-23.000000000000025,-1.5715374752728088,reallocate_all
18.0,366.6666666666667,-23.000000000000036,-1.9113237517237884,reallocate_all
18.0,395.83333333333337,-23.000000000000036,-2.251110028174775,reallocate_all
18.0,425.0,-23.000000000000043,-2.556383759876784,reallocate_all
18.0,454.1666666666667,-23.000000000000036,-2.794745677913518,reallocate_all
18.0,483.33333333333337,-23.000000000000036,-3.033107595950259,reallocate_all
18.0,512.5,-23.000000000000036,-3.271469513986993,reallocate_all
18.0,541.6666666666667,-23.000000000000036,-3.509831432023727,reallocate_all
18.0,570.8333333333334,-23.000000000000036,-3.7481933500604647,reallocate_all
18.0,600.0,-23.000000000000036,-3.9865552680971987,reallocate_all
18.0,629.1666666666667,-23.000000000000036,-4.224917186133936,reallocate_all
18.0,658.3333333333334,-23.000000000000036,-4.463279104170674,reallocate_all
18.0,687.5,-23.000000000000036,-4.701641022207408,reallocate_all
18.0,716.6666666666667,-23.000000000000036,-4.940002940244142,reallocate_all
18.0,745.8333333333334,-23.000000000000036,-5.1783648582808794,reallocate_all
18.0,775.0,-23.000000000000036,-5.416726776317621,reallocate_all
18.0,804.1666666666667,-23.000000000000036,-5.655088694354355,reallocate_all
18.0,833.3333333333334,-23.000000000000043,-5.893450612391089,reallocate_all
18.0,862.5,-23.000000000000043,-6.131812530427826,reallocate_all
18.0,891.6666666666667,-23.000000000000043,-6.370174448464567,reallocate_all
18.0,920.8333333333334,-23.000000000000043,-6.608536366501298,reallocate_all
18.0,950.0,-23.000000000000036,-6.846898284538039,reallocate_all
18.0,979.1666666666667,-23.000000000000043,-7.085260202574769,reallocate_all
18.0,1008.3333333333334,-23.000000000000043,-7.32362212061151,reallocate_all
18.0,1037.5,-23.000000000000043,-7.561984038648241,reallocate_all
18.0,1066.6666666666667,-23.000000000000043,-7.800345956684982,reallocate_all
18.0,1095.8333333333335,-23.000000000000043,-8.038707874721716,reallocate_all
18.0,1125.0,-23.000000000000036,-8.27706979275845,reallocate_all
18.0,1154.1666666666667,-23.000000000000036,-8.515431710795195,reallocate_all
18.0,1183.3333333333335,-23.000000000000036,-8.73101195280028,reallocate_all
18.0,1212.5,-23.000000000000043,-8.934305308399615,reallocate_all
18.0,1241.6666666666667,-23.000000000000043,-9.137598663998947,reallocate_all
18.0,1270.8333333333335,-23.000000000000043,-9.340892019598282,reallocate_all
18.0,1300.0,-23.000000000000036,-9.544185375197621,reallocate_all
18.0,1329.1666666666667,-23.000000000000043,-9.74747873079696,reallocate_all
18.0,1358.3333333333335,-23.000000000000043,-9.950772086396292,reallocate_all
18.0,1387.5,-23.000000000000043,-10.15406544199563,reallocate_all
18.0,1416.6666666666667,-23.000000000000043,-10.357358797594962,reallocate_all
18.0,1445.8333333333335,-23.000000000000043,-10.560652153194305,reallocate_all
18.0,1475.0,-23.000000000000043,-10.76394550879364,reallocate_all
18.0,1504.1666666666667,-23.000000000000036,-10.967238864392971,reallocate_all
18.0,1533.3333333333335,-23.000000000000043,-11.17053221999231,reallocate_all
18.0,1562.5,-23.000000000000043,-11.373825575591653,reallocate_all
18.0,1591.6666666666667,-23.000000000000043,-11.57711893119098,reallocate_all
18.0,1620.8333333333335,-23.000000000000043,-11.780412286790323,reallocate_all
18.0,1650.0,-23.000000000000043,-11.983705642389658,reallocate_all
18.0,1679.1666666666667,-23.000000000000043,-12.186998997988994,reallocate_all
18.0,1708.3333333333335,-23.000000000000043,-12.390292353588329,reallocate_all
18.0,1737.5,-23.000000000000043,-12.593585709187664,reallocate_all
18.0,1766.6666666666667,-23.000000000000043,-12.796879064787007,reallocate_all
18.0,1795.8333333333335,-23.000000000000043,-13.000172420386335,reallocate_all
18.0,1825.0,-23.000000000000043,-13.203465775985677,reallocate_all
18.0,1854.1666666666667,-23.000000000000043,-13.406759131585012,reallocate_all
18.0,1883.3333333333335,-23.00000000000005,-13.610052487184348,reallocate_all
18.0,1912.5,-23.000000000000043,-13.813345842783683,reallocate_all
18.0,1941.6666666666667,-23.000000000000043,-14.016639198383025,reallocate_all
18.0,1970.8333333333335,-23.000000000000036,-14.21993255398236,reallocate_all
18.0,2000.0,-23.000000000000043,-14.423225909581689,reallocate_all
20.0,250.0,-25.00000000000002,-2.5521786459198665,reallocate_all
20.0,279.1666666666667,-25.000000000000032,-2.8919649223708497,reallocate_all
20.0,308.3333333333333,-25.00000000000003,-3.2317511988218257,reallocate_all
20.0,337.5,-25.000000000000025,-3.571537475272809,reallocate_all
20.0,366.6666666666667,-25.000000000000036,-3.9113237517237884,reallocate_all
20.0,395.83333333333337,-25.000000000000036,-4.251110028174775,reallocate_all
20.0,425.0,-25.000000000000043,-4.556383759876784,reallocate_all
20.0,454.1666666666667,-25.000000000000036,-4.794745677913518,reallocate_all
20.0,483.33333333333337,-25.000000000000036,-5.033107595950259,reallocate_all
20.0,512.5,-25.000000000000036,-5.271469513986993,reallocate_all
20.0,541.6666666666667,-25.000000000000036,-5.509831432023727,reallocate_all
20.0,570.8333333333334,-25.000000000000036,-5.748193350060465,reallocate_all
20.0,600.0,-25.000000000000036,-5.986555268097199,reallocate_all
20.0,629.1666666666667,-25.000000000000036,-6.224917186133936,reallocate_all
20.0,658.3333333333334,-25.000000000000036,-6.463279104170674,reallocate_all
20.0,687.5,-25.000000000000036,-6.701641022207408,reallocate_all
20.0,716.6666666666667,-25.000000000000036,-6.940002940244142,reallocate_all
20.0,745.8333333333334,-25.000000000000036,-7.1783648582808794,reallocate_all
20.0,775.0,-25.000000000000036,-7.416726776317621,reallocate_all
20.0,804.1666666666667,-25.000000000000036,-7.655088694354355,reallocate_all
20.0,833.3333333333334,-25.000000000000043,-7.893450612391089,reallocate_all
20.0,862.5,-25.000000000000043,-8.131812530427826,reallocate_all
20.0,891.6666666666667,-25.000000000000043,-8.370174448464567,reallocate_all
20.0,920.8333333333334,-25.000000000000043,-8.608536366501298,reallocate_all
20.0,950.0,-25.000000000000036,-8.846898284538039,reallocate_all
20.0,979.1666666666667,-25.000000000000043,-9.08526020257477,reallocate_all
20.0,1008.3333333333334,-25.000000000000043,-9.32362212061151,reallocate_all
20.0,1037.5,-25.000000000000043,-9.56198403864824,reallocate_all
20.0,1066.6666666666667,-25.000000000000043,-9.800345956684982,reallocate_all
20.0,1095.8333333333335,-25.000000000000043,-10.038707874721716,reallocate_all
20.0,1125.0,-25.000000000000036,-10.27706979275845,reallocate_all
20.0,1154.1666666666667,-25.000000000000036,-10.515431710795195,reallocate_all
20.0,1183.3333333333335,-25.000000000000036,-10.73101195280028,reallocate_all
20.0,1212.5,-25.000000000000043,-10.934305308399615,reallocate_all
20.0,1241.6666666666667,-25.000000000000043,-11.137598663998947,reallocate_all
20.0,1270.8333333333335,-25.000000000000043,-11.340892019598282,reallocate_all
20.0,1300.0,-25.000000000000036,-11.544185375197621,reallocate_all
20.0,1329.1666666666667,-25.000000000000043,-11.74747873079696,reallocate_all
20.0,1358.3333333333335,-25.000000000000043,-11.950772086396292,reallocate_all
20.0,1387.5,-25.000000000000043,-12.15406544199563,reallocate_all
20.0,1416.6666666666667,-25.000000000000043,-12.357358797594962,reallocate_all
20.0,1445.8333333333335,-25.000000000000043,-12.560652153194305,reallocate_all
20.0,1475.0,-25.000000000000043,-12.76394550879364,reallocate_all
20.0,1504.1666666666667,-25.000000000000036,-12.967238864392971,reallocate_all
20.0,1533.3333333333335,-25.000000000000043,-13.17053221999231,reallocate_all
20.0,1562.5,-25.000000000000043,-13.373825575591653,reallocate_all
20.0,1591.6666666666667,-25.000000000000043,-13.57711893119098,reallocate_all
20.0,1620.8333333333335,-25.000000000000043,-13.780412286790323,reallocate_all
20.0,1650.0,-25.000000000000043,-13.983705642389658,reallocate_all
20.0,1679.1666666666667,-25.000000000000043,-14.186998997988994,reallocate_all
20.0,1708.3333333333335,-25.000000000000043,-14.390292353588329,reallocate_all
20.0,1737.5,-25.000000000000043,-14.593585709187664,reallocate_all
20.0,1766.6666666666667,-25.000000000000043,-14.796879064787007,reallocate_all
20.0,1795.8333333333335,-25.000000000000043,-15.000172420386335,reallocate_all
20.0,1825.0,-25.000000000000043,-15.203465775985677,reallocate_all
20.0,1854.1666666666667,-25.000000000000043,-15.406759131585012,reallocate_all
20.0,1883.3333333333335,-25.00000000000005,-15.610052487184348,reallocate_all
20.0,1912.5,-25.000000000000043,-15.813345842783683,reallocate_all
20.0,1941.6666666666667,-25.000000000000043,-16.016639198383025,reallocate_all
20.0,1970.8333333333335,-25.000000000000036,-16.21993255398236,reallocate_all
20.0,2000.0,-25.000000000000043,-16.42322590958169,reallocate_all
22.0,250.0,-27.00000000000002,-4.5521786459198665,reallocate_all
22.0,279.1666666666667,-27.000000000000032,-4.89196492237085,reallocate_all
22.0,308.3333333333333,-27.00000000000003,-5.231751198821826,reallocate_all
22.0,337.5,-27.000000000000025,-5.571537475272809,reallocate_all
22.0,366.6666666666667,-27.000000000000036,-5.911323751723788,reallocate_all
22.0,395.83333333333337,-27.000000000000036,-6.251110028174775,reallocate_all
22.0,425.0,-27.000000000000043,-6.556383759876784,reallocate_all
22.0,454.1666666666667,-27.000000000000036,-6.794745677913518,reallocate_all
22.0,483.33333333333337,-27.000000000000036,-7.033107595950259,reallocate_all
22.0,512.5,-27.000000000000036,-7.271469513986993,reallocate_all
22.0,541.6666666666667,-27.000000000000036,-7.509831432023727,reallocate_all
22.0,570.8333333333334,-27.000000000000036,-7.748193350060465,reallocate_all
22.0,600.0,-27.000000000000036,-7.986555268097199,reallocate_all
22.0,629.1666666666667,-27.000000000000036,-8.224917186133936,reallocate_all
22.0,658.3333333333334,-27.000000000000036,-8.463279104170674,reallocate_all
22.0,687.5,-27.000000000000036,-8.701641022207408,reallocate_all
22.0,716.6666666666667,-27.000000000000036,-8.940002940244142,reallocate_all
22.0,745.8333333333334,-27.000000000000036,-9.17836485828088,reallocate_all
22.0,775.0,-27.000000000000036,-9.41672677631762,reallocate_all
22.0,804.1666666666667,-27.000000000000036,-9.655088694354355,reallocate_all
22.0,833.3333333333334,-27.000000000000043,-9.893450612391089,reallocate_all
22.0,862.5,-27.000000000000043,-10.131812530427826,reallocate_all
22.0,891.6666666666667,-27.000000000000043,-10.370174448464567,reallocate_all
22.0,920.8333333333334,-27.000000000000043,-10.608536366501298,reallocate_all
22.0,950.0,-27.000000000000036,-10.846898284538039,reallocate_all
22.0,979.1666666666667,-27.000000000000043,-11.08526020257477,reallocate_all
22.0,1008.3333333333334,-27.000000000000043,-11.32362212061151,reallocate_all
22.0,1037.5,-27.000000000000043,-11.56198403864824,reallocate_all
22.0,1066.6666666666667,-27.000000000000043,-11.800345956684982,reallocate_all
22.0,1095.8333333333335,-27.000000000000043,-12.038707874721716,reallocate_all
22.0,1125.0,-27.000000000000036,-12.27706979275845,reallocate_all
22.0,1154.1666666666667,-27.000000000000036,-12.515431710795195,reallocate_all
22.0,1183.3333333333335,-27.000000000000036,-12.73101195280028,reallocate_all
22.0,1212.5,-27.000000000000043,-12.934305308399615,reallocate_all
22.0,1241.6666666666667,-27.000000000000043,-13.137598663998947,reallocate_all
22.0,1270.8333333333335,-27.000000000000043,-13.340892019598282,reallocate_all
22.0,1300.0,-27.000000000000036,-13.544185375197621,reallocate_all
22.0,1329.1666666666667,-27.000000000000043,-13.74747873079696,reallocate_all
22.0,1358.3333333333335,-27.000000000000043,-13.950772086396292,reallocate_all
22.0,1387.5,-27.000000000000043,-14.15406544199563,reallocate_all
22.0,1416.6666666666667,-27.000000000000043,-14.357358797594962,reallocate_all
22.0,1445.8333333333335,-27.000000000000043,-14.560652153194305,reallocate_all
22.0,1475.0,-27.000000000000043,-14.76394550879364,reallocate_all
22.0,1504.1666666666667,-27.000000000000036,-14.967238864392971,reallocate_all
22.0,1533.3333333333335,-27.000000000000043,-15.17053221999231,reallocate_all
22.0,1562.5,-27.000000000000043,-15.373825575591653,reallocate_all
22.0,1591.6666666666667,-27.000000000000043,-15.57711893119098,reallocate_all
22.0,1620.8333333333335,-27.000000000000043,-15.780412286790323,reallocate_all
22.0,1650.0,-27.000000000000043,-15.983705642389658,reallocate_all
22.0,1679.1666666666667,-27.000000000000043,-16.186998997988994,reallocate_all
22.0,1708.3333333333335,-27.000000000000043,-16.39029235358833,reallocate_all
22.0,1737.5,-27.000000000000043,-16.593585709187664,reallocate_all
22.0,1766.6666666666667,-27.000000000000043,-16.796879064787007,reallocate_all
22.0,1795.8333333333335,-27.000000000000043,-17.000172420386335,reallocate_all
22.0,1825.0,-27.000000000000043,-17.203465775985677,reallocate_all
22.0,1854.1666666666667,-27.000000000000043,-17.406759131585012,reallocate_all
22.0,1883.3333333333335,-27.00000000000005,-17.610052487184348,reallocate_all
22.0,1912.5,-27.000000000000043,-17.813345842783683,reallocate_all
22.0,1941.6666666666667,-27.000000000000043,-18.016639198383025,reallocate_all
22.0,1970.8333333333335,-27.000000000000036,-18.21993255398236,reallocate_all
22.0,2000.0,-27.000000000000043,-18.42322590958169,reallocate_all
24.0,250.0,-29.00000000000002,-6.5521786459198665,reallocate_all
24.0,279.1666666666667,-29.000000000000032,-6.89196492237085,reallocate_all
24.0,308.3333333333333,-29.00000000000003,-7.231751198821826,reallocate_all
24.0,337.5,-29.000000000000025,-7.571537475272809,reallocate_all
24.0,366.6666666666667,-29.000000000000036,-7.911323751723788,reallocate_all
24.0,395.83333333333337,-29.000000000000036,-8.251110028174775,reallocate_all
24.0,425.0,-29.000000000000043,-8.556383759876784,reallocate_all
24.0,454.1666666666667,-29.000000000000036,-8.794745677913518,reallocate_all
24.0,483.33333333333337,-29.000000000000036,-9.03310759595026,reallocate_all
24.0,512.5,-29.000000000000036,-9.271469513986993,reallocate_all
24.0,541.6666666666667,-29.000000000000036,-9.509831432023727,reallocate_all
24.0,570.8333333333334,-29.000000000000036,-9.748193350060465,reallocate_all
24.0,600.0,-29.000000000000036,-9.986555268097199,reallocate_all
24.0,629.1666666666667,-29.000000000000036,-10.224917186133936,reallocate_all
24.0,658.3333333333334,-29.000000000000036,-10.463279104170674,reallocate_all
24.0,687.5,-29.000000000000036,-10.701641022207408,reallocate_all
24.0,716.6666666666667,-29.000000000000036,-10.940002940244142,reallocate_all
24.0,745.8333333333334,-29.000000000000036,-11.17836485828088,reallocate_all
24.0,775.0,-29.000000000000036,-11.41672677631762,reallocate_all
24.0,804.1666666666667,-29.000000000000036,-11.655088694354355,reallocate_all
24.0,833.3333333333334,-29.000000000000043,-11.893450612391089,reallocate_all
24.0,862.5,-29.000000000000043,-12.131812530427826,reallocate_all
24.0,891.6666666666667,-29.000000000000043,-12.370174448464567,reallocate_all
24.0,920.8333333333334,-29.000000000000043,-12.608536366501298,reallocate_all
24.0,950.0,-29.000000000000036,-12.846898284538039,reallocate_all
24.0,979.1666666666667,-29.000000000000043,-13.08526020257477,reallocate_all
24.0,1008.3333333333334,-29.000000000000043,-13.32362212061151,reallocate_all
24.0,1037.5,-29.000000000000043,-13.56198403864824,reallocate_all
24.0,1066.6666666666667,-29.000000000000043,-13.800345956684982,reallocate_all
24.0,1095.8333333333335,-29.000000000000043,-14.038707874721716,reallocate_all
24.0,1125.0,-29.000000000000036,-14.27706979275845,reallocate_all
24.0,1154.1666666666667,-29.000000000000036,-14.515431710795195,reallocate_all
24.0,1183.3333333333335,-29.000000000000036,-14.73101195280028,reallocate_all
24.0,1212.5,-29.000000000000043,-14.934305308399615,reallocate_all
24.0,1241.6666666666667,-29.000000000000043,-15.137598663998947,reallocate_all
24.0,1270.8333333333335,-29.000000000000043,-15.340892019598282,reallocate_all
24.0,1300.0,-29.000000000000036,-15.544185375197621,reallocate_all
24.0,1329.1666666666667,-29.000000000000043,-15.74747873079696,reallocate_all
24.0,1358.3333333333335,-29.000000000000043,-15.950772086396292,reallocate_all
24.0,1387.5,-29.000000000000043,-16.15406544199563,reallocate_all
24.0,1416.6666666666667,-29.000000000000043,-16.357358797594962,reallocate_all
24.0,1445.8333333333335,-29.000000000000043,-16.560652153194305,reallocate_all
24.0,1475.0,-29.000000000000043,-16.76394550879364,reallocate_all
24.0,1504.1666666666667,-29.000000000000036,-16.96723886439297,reallocate_all
24.0,1533.3333333333335,-29.000000000000043,-17.17053221999231,reallocate_all
24.0,1562.5,-29.000000000000043,-17.373825575591653,reallocate_all
24.0,1591.6666666666667,-29.000000000000043,-17.57711893119098,reallocate_all
24.0,1620.8333333333335,-29.000000000000043,-17.780412286790323,reallocate_all
24.0,1650.0,-29.000000000000043,-17.98370564238966,reallocate_all
24.0,1679.1666666666667,-29.000000000000043,-18.186998997988994,reallocate_all
24.0,1708.3333333333335,-29.000000000000043,-18.39029235358833,reallocate_all
24.0,1737.5,-29.000000000000043,-18.593585709187664,reallocate_all
24.0,1766.6666666666667,-29.000000000000043,-18.796879064787007,reallocate_all
24.0,1795.8333333333335,-29.000000000000043,-19.000172420386335,reallocate_all
24.0,1825.0,-29.000000000000043,-19.203465775985677,reallocate_all
24.0,1854.1666666666667,-29.000000000000043,-19.406759131585012,reallocate_all
24.0,1883.3333333333335,-29.00000000000005,-19.610052487184348,reallocate_all
24.0,1912.5,-29.000000000000043,-19.813345842783683,reallocate_all
24.0,1941.6666666666667,-29.000000000000043,-20.016639198383025,reallocate_all
24.0,1970.8333333333335,-29.000000000000036,-20.21993255398236,reallocate_all
24.0,2000.0,-29.000000000000043,-20.42322590958169,reallocate_all
26.0,250.0,-31.00000000000002,-8.552178645919867,reallocate_all
26.0,279.1666666666667,-31.000000000000032,-8.89196492237085,reallocate_all
26.0,308.3333333333333,-31.00000000000003,-9.231751198821826,reallocate_all
26.0,337.5,-31.000000000000025,-9.571537475272809,reallocate_all
26.0,366.6666666666667,-31.000000000000036,-9.911323751723788,reallocate_all
26.0,395.83333333333337,-31.000000000000036,-10.251110028174775,reallocate_all
26.0,425.0,-31.000000000000043,-10.556383759876784,reallocate_all
26.0,454.1666666666667,-31.000000000000036,-10.794745677913518,reallocate_all
26.0,483.33333333333337,-31.000000000000036,-11.03310759595026,reallocate_all
26.0,512.5,-31.000000000000036,-11.271469513986993,reallocate_all
26.0,541.6666666666667,-31.000000000000036,-11.509831432023727,reallocate_all
26.0,570.8333333333334,-31.000000000000036,-11.748193350060465,reallocate_all
26.0,600.0,-31.000000000000036,-11.986555268097199,reallocate_all
26.0,629.1666666666667,-31.000000000000036,-12.224917186133936,reallocate_all
26.0,658.3333333333334,-31.000000000000036,-12.463279104170674,reallocate_all
26.0,687.5,-31.000000000000036,-12.701641022207408,reallocate_all
26.0,716.6666666666667,-31.000000000000036,-12.940002940244142,reallocate_all
26.0,745.8333333333334,-31.000000000000036,-13.17836485828088,reallocate_all
26.0,775.0,-31.000000000000036,-13.41672677631762,reallocate_all
26.0,804.1666666666667,-31.000000000000036,-13.655088694354355,reallocate_all
26.0,833.3333333333334,-31.000000000000043,-13.893450612391089,reallocate_all
26.0,862.5,-31.000000000000043,-14.131812530427826,reallocate_all
26.0,891.6666666666667,-31.000000000000043,-14.370174448464567,reallocate_all
26.0,920.8333333333334,-31.000000000000043,-14.608536366501298,reallocate_all
26.0,950.0,-31.000000000000036,-14.846898284538039,reallocate_all
26.0,979.1666666666667,-31.000000000000043,-15.08526020257477,reallocate_all
26.0,1008.3333333333334,-31.000000000000043,-15.32362212061151,reallocate_all
26.0,1037.5,-31.000000000000043,-15.56198403864824,reallocate_all
26.0,1066.6666666666667,-31.000000000000043,-15.800345956684982,reallocate_all
26.0,1095.8333333333335,-31.000000000000043,-16.038707874721716,reallocate_all
26.0,1125.0,-31.000000000000036,-16.27706979275845,reallocate_all
26.0,1154.1666666666667,-31.000000000000036,-16.515431710795195,reallocate_all
26.0,1183.3333333333335,-31.000000000000036,-16.73101195280028,reallocate_all
26.0,1212.5,-31.000000000000043,-16.934305308399615,reallocate_all
26.0,1241.6666666666667,-31.000000000000043,-17.137598663998947,reallocate_all
26.0,1270.8333333333335,-31.000000000000043,-17.340892019598282,reallocate_all
26.0,1300.0,-31.000000000000036,-17.54418537519762,reallocate_all
26.0,1329.1666666666667,-31.000000000000043,-17.74747873079696,reallocate_all
26.0,1358.3333333333335,-31.000000000000043,-17.95077208639629,reallocate_all
26.0,1387.5,-31.000000000000043,-18.15406544199563,reallocate_all
26.0,1416.6666666666667,-31.000000000000043,-18.357358797594962,reallocate_all
26.0,1445.8333333333335,-31.000000000000043,-18.560652153194305,reallocate_all
26.0,1475.0,-31.000000000000043,-18.76394550879364,reallocate_all
26.0,1504.1666666666667,-31.000000000000036,-18.96723886439297,reallocate_all
26.0,1533.3333333333335,-31.000000000000043,-19.17053221999231,reallocate_all
26.0,1562.5,-31.000000000000043,-19.373825575591653,reallocate_all
26.0,1591.6666666666667,-31.000000000000043,-19.57711893119098,reallocate_all
26.0,1620.8333333333335,-31.000000000000043,-19.780412286790323,reallocate_all
26.0,1650.0,-31.000000000000043,-19.98370564238966,reallocate_all
26.0,1679.1666666666667,-31.000000000000043,-20.186998997988994,reallocate_all
26.0,1708.3333333333335,-31.000000000000043,-20.39029235358833,reallocate_all
26.0,1737.5,-31.000000000000043,-20.593585709187664,reallocate_all
26.0,1766.6666666666667,-31.000000000000043,-20.796879064787007,reallocate_all
26.0,1795.8333333333335,-31.000000000000043,-21.000172420386335,reallocate_all
26.0,1825.0,-31.000000000000043,-21.203465775985677,reallocate_all
26.0,1854.1666666666667,-31.000000000000043,-21.406759131585012,reallocate_all
26.0,1883.3333333333335,-31.00000000000005,-21.610052487184348,reallocate_all
26.0,1912.5,-31.000000000000043,-21.813345842783683,reallocate_all
26.0,1941.6666666666667,-31.000000000000043,-22.016639198383025,reallocate_all
26.0,1970.8333333333335,-31.000000000000036,-22.21993255398236,reallocate_all
26.0,2000.0,-31.000000000000043,-22.42322590958169,reallocate_all
28.0,250.0,-33.00000000000002,-10.552178645919867,reallocate_all
28.0,279.1666666666667,-33.00000000000003,-10.89196492237085,reallocate_all
28.0,308.3333333333333,-33.00000000000003,-11.231751198821826,reallocate_all
28.0,337.5,-33.00000000000003,-11.571537475272809,reallocate_all
28.0,366.6666666666667,-33.000000000000036,-11.911323751723788,reallocate_all
28.0,395.83333333333337,-33.000000000000036,-12.251110028174775,reallocate_all
28.0,425.0,-33.00000000000004,-12.556383759876784,reallocate_all
28.0,454.1666666666667,-33.000000000000036,-12.794745677913518,reallocate_all
28.0,483.33333333333337,-33.000000000000036,-13.03310759595026,reallocate_all
28.0,512.5,-33.000000000000036,-13.271469513986993,reallocate_all
28.0,541.6666666666667,-33.000000000000036,-13.509831432023727,reallocate_all
28.0,570.8333333333334,-33.000000000000036,-13.748193350060465,reallocate_all
28.0,600.0,-33.000000000000036,-13.986555268097199,reallocate_all
28.0,629.1666666666667,-33.000000000000036,-14.224917186133936,reallocate_all
28.0,658.3333333333334,-33.000000000000036,-14.463279104170674,reallocate_all
28.0,687.5,-33.000000000000036,-14.701641022207408,reallocate_all
28.0,716.6666666666667,-33.000000000000036,-14.940002940244142,reallocate_all
28.0,745.8333333333334,-33.000000000000036,-15.17836485828088,reallocate_all
28.0,775.0,-33.000000000000036,-15.41672677631762,reallocate_all
28.0,804.1666666666667,-33.000000000000036,-15.655088694354355,reallocate_all
28.0,833.3333333333334,-33.00000000000004,-15.893450612391089,reallocate_all
28.0,862.5,-33.00000000000004,-16.131812530427826,reallocate_all
28.0,891.6666666666667,-33.00000000000004,-16.370174448464567,reallocate_all
28.0,920.8333333333334,-33.00000000000004,-16.608536366501298,reallocate_all
28.0,950.0,-33.000000000000036,-16.84689828453804,reallocate_all
28.0,979.1666666666667,-33.00000000000004,-17.08526020257477,reallocate_all
28.0,1008.3333333333334,-33.00000000000004,-17.32362212061151,reallocate_all
28.0,1037.5,-33.00000000000004,-17.56198403864824,reallocate_all
28.0,1066.6666666666667,-33.00000000000004,-17.800345956684982,reallocate_all
28.0,1095.8333333333335,-33.00000000000004,-18.038707874721716,reallocate_all
28.0,1125.0,-33.000000000000036,-18.27706979275845,reallocate_all
28.0,1154.1666666666667,-33.000000000000036,-18.515431710795195,reallocate_all
28.0,1183.3333333333335,-33.000000000000036,-18.73101195280028,reallocate_all
28.0,1212.5,-33.00000000000004,-18.934305308399615,reallocate_all
28.0,1241.6666666666667,-33.00000000000004,-19.137598663998947,reallocate_all
28.0,1270.8333333333335,-33.00000000000004,-19.340892019598282,reallocate_all
28.0,1300.0,-33.000000000000036,-19.54418537519762,reallocate_all
28.0,1329.1666666666667,-33.00000000000004,-19.74747873079696,reallocate_all
28.0,1358.3333333333335,-33.00000000000004,-19.95077208639629,reallocate_all
28.0,1387.5,-33.00000000000004,-20.15406544199563,reallocate_all
28.0,1416.6666666666667,-33.00000000000004,-20.357358797594962,reallocate_all
28.0,1445.8333333333335,-33.00000000000004,-20.560652153194305,reallocate_all
28.0,1475.0,-33.00000000000004,-20.76394550879364,reallocate_all
28.0,1504.1666666666667,-33.000000000000036,-20.96723886439297,reallocate_all
28.0,1533.3333333333335,-33.00000000000004,-21.17053221999231,reallocate_all
28.0,1562.5,-33.00000000000004,-21.373825575591653,reallocate_all
28.0,1591.6666666666667,-33.00000000000004,-21.57711893119098,reallocate_all
28.0,1620.8333333333335,-33.00000000000004,-21.780412286790323,reallocate_all
28.0,1650.0,-33.00000000000004,-21.98370564238966,reallocate_all
28.0,1679.1666666666667,-33.00000000000004,-22.186998997988994,reallocate_all
28.0,1708.3333333333335,-33.00000000000004,-22.39029235358833,reallocate_all
28.0,1737.5,-33.00000000000004,-22.593585709187664,reallocate_all
28.0,1766.6666666666667,-33.00000000000004,-22.796879064787007,reallocate_all
28.0,1795.8333333333335,-33.00000000000004,-23.000172420386335,reallocate_all
28.0,1825.0,-33.00000000000004,-23.203465775985677,reallocate_all
28.0,1854.1666666666667,-33.00000000000004,-23.406759131585012,reallocate_all
28.0,1883.3333333333335,-33.00000000000005,-23.610052487184348,reallocate_all
28.0,1912.5,-33.00000000000004,-23.813345842783683,reallocate_all
28.0,1941.6666666666667,-33.00000000000004,-24.016639198383025,reallocate_all
28.0,1970.8333333333335,-33.000000000000036,-24.21993255398236,reallocate_all
28.0,2000.0,-33.00000000000004,-24.42322590958169,reallocate_all
30.0,250.0,-35.00000000000002,-12.552178645919867,reallocate_all
30.0,279.1666666666667,-35.00000000000003,-12.89196492237085,reallocate_all
30.0,308.3333333333333,-35.00000000000003,-13.231751198821826,reallocate_all
30.0,337.5,-35.00000000000003,-13.571537475272809,reallocate_all
30.0,366.6666666666667,-35.000000000000036,-13.911323751723788,reallocate_all
30.0,395.83333333333337,-35.000000000000036,-14.251110028174775,reallocate_all
30.0,425.0,-35.00000000000004,-14.556383759876784,reallocate_all
30.0,454.1666666666667,-35.000000000000036,-14.794745677913518,reallocate_all
30.0,483.33333333333337,-35.000000000000036,-15.03310759595026,reallocate_all
30.0,512.5,-35.000000000000036,-15.271469513986993,reallocate_all
30.0,541.6666666666667,-35.000000000000036,-15.509831432023727,reallocate_all
30.0,570.8333333333334,-35.000000000000036,-15.748193350060465,reallocate_all
30.0,600.0,-35.000000000000036,-15.986555268097199,reallocate_all
30.0,629.1666666666667,-35.000000000000036,-16.224917186133936,reallocate_all
30.0,658.3333333333334,-35.000000000000036,-16.463279104170674,reallocate_all
30.0,687.5,-35.000000000000036,-16.701641022207408,reallocate_all
30.0,716.6666666666667,-35.000000000000036,-16.940002940244142,reallocate_all
30.0,745.8333333333334,-35.000000000000036,-17.17836485828088,reallocate_all
30.0,775.0,-35.000000000000036,-17.41672677631762,reallocate_all
30.0,804.1666666666667,-35.000000000000036,-17.655088694354355,reallocate_all
30.0,833.3333333333334,-35.00000000000004,-17.89345061239109,reallocate_all
30.0,862.5,-35.00000000000004,-18.131812530427826,reallocate_all
30.0,891.6666666666667,-35.00000000000004,-18.370174448464567,reallocate_all
30.0,920.8333333333334,-35.00000000000004,-18.608536366501298,reallocate_all
30.0,950.0,-35.000000000000036,-18.84689828453804,reallocate_all
30.0,979.1666666666667,-35.00000000000004,-19.08526020257477,reallocate_all
30.0,1008.3333333333334,-35.00000000000004,-19.32362212061151,reallocate_all
30.0,1037.5,-35.00000000000004,-19.56198403864824,reallocate_all
30.0,1066.6666666666667,-35.00000000000004,-19.800345956684982,reallocate_all
30.0,1095.8333333333335,-35.00000000000004,-20.038707874721716,reallocate_all
30.0,1125.0,-35.000000000000036,-20.27706979275845,reallocate_all
30.0,1154.1666666666667,-35.000000000000036,-20.515431710795195,reallocate_all
30.0,1183.3333333333335,-35.000000000000036,-20.73101195280028,reallocate_all
30.0,1212.5,-35.00000000000004,-20.934305308399615,reallocate_all
30.0,1241.6666666666667,-35.00000000000004,-21.137598663998947,reallocate_all
30.0,1270.8333333333335,-35.00000000000004,-21.340892019598282,reallocate_all
30.0,1300.0,-35.000000000000036,-21.54418537519762,reallocate_all
30.0,1329.1666666666667,-35.00000000000004,-21.74747873079696,reallocate_all
30.0,1358.3333333333335,-35.00000000000004,-21.95077208639629,reallocate_all
30.0,1387.5,-35.00000000000004,-22.15406544199563,reallocate_all
30.0,1416.6666666666667,-35.00000000000004,-22.357358797594962,reallocate_all
30.0,1445.8333333333335,-35.00000000000004,-22.560652153194305,reallocate_all
30.0,1475.0,-35.00000000000004,-22.76394550879364,reallocate_all
30.0,1504.1666666666667,-35.000000000000036,-22.96723886439297,reallocate_all
30.0,1533.3333333333335,-35.00000000000004,-23.17053221999231,reallocate_all
30.0,1562.5,-35.00000000000004,-23.373825575591653,reallocate_all
30.0,1591.6666666666667,-35.00000000000004,-23.57711893119098,reallocate_all
30.0,1620.8333333333335,-35.00000000000004,-23.780412286790323,reallocate_all
30.0,1650.0,-35.00000000000004,-23.98370564238966,reallocate_all
30.0,1679.1666666666667,-35.00000000000004,-24.186998997988994,reallocate_all
30.0,1708.3333333333335,-35.00000000000004,-24.39029235358833,reallocate_all
30.0,1737.5,-35.00000000000004,-24.593585709187664,reallocate_all
30.0,1766.6666666666667,-35.00000000000004,-24.796879064787007,reallocate_all
30.0,1795.8333333333335,-35.00000000000004,-25.000172420386335,reallocate_all
30.0,1825.0,-35.00000000000004,-25.203465775985677,reallocate_all
30.0,1854.1666666666667,-35.00000000000004,-25.406759131585012,reallocate_all
30.0,1883.3333333333335,-35.00000000000005,-25.610052487184348,reallocate_all
30.0,1912.5,-35.00000000000004,-25.813345842783683,reallocate_all
30.0,1941.6666666666667,-35.00000000000004,-26.016639198383025,reallocate_all
30.0,1970.8333333333335,-35.000000000000036,-26.21993255398236,reallocate_all
30.0,2000.0,-35.00000000000004,-26.42322590958169,reallocate_all
32.0,250.0,-37.00000000000002,-14.552178645919867,reallocate_all
32.0,279.1666666666667,-37.00000000000003,-14.89196492237085,reallocate_all
32.0,308.3333333333333,-37.00000000000003,-15.231751198821826,reallocate_all
32.0,337.5,-37.00000000000003,-15.571537475272809,reallocate_all
32.0,366.6666666666667,-37.000000000000036,-15.911323751723788,reallocate_all
32.0,395.83333333333337,-37.000000000000036,-16.251110028174775,reallocate_all
32.0,425.0,-37.00000000000004,-16.556383759876784,reallocate_all
32.0,454.1666666666667,-37.000000000000036,-16.794745677913518,reallocate_all
32.0,483.33333333333337,-37.000000000000036,-17.03310759595026,reallocate_all
32.0,512.5,-37.000000000000036,-17.271469513986993,reallocate_all
32.0,541.6666666666667,-37.000000000000036,-17.509831432023727,reallocate_all
32.0,570.8333333333334,-37.000000000000036,-17.748193350060465,reallocate_all
32.0,600.0,-37.000000000000036,-17.9865552680972,reallocate_all
32.0,629.1666666666667,-37.000000000000036,-18.224917186133936,reallocate_all
32.0,658.3333333333334,-37.000000000000036,-18.463279104170674,reallocate_all
32.0,687.5,-37.000000000000036,-18.701641022207408,reallocate_all
32.0,716.6666666666667,-37.000000000000036,-18.940002940244142,reallocate_all
32.0,745.8333333333334,-37.000000000000036,-19.17836485828088,reallocate_all
32.0,775.0,-37.000000000000036,-19.41672677631762,reallocate_all
32.0,804.1666666666667,-37.000000000000036,-19.655088694354355,reallocate_all
32.0,833.3333333333334,-37.00000000000004,-19.89345061239109,reallocate_all
32.0,862.5,-37.00000000000004,-20.131812530427826,reallocate_all
32.0,891.6666666666667,-37.00000000000004,-20.370174448464567,reallocate_all
32.0,920.8333333333334,-37.00000000000004,-20.608536366501298,reallocate_all
32.0,950.0,-37.000000000000036,-20.84689828453804,reallocate_all
32.0,979.1666666666667,-37.00000000000004,-21.08526020257477,reallocate_all
32.0,1008.3333333333334,-37.00000000000004,-21.32362212061151,reallocate_all
32.0,1037.5,-37.00000000000004,-21.56198403864824,reallocate_all
32.0,1066.6666666666667,-37.00000000000004,-21.800345956684982,reallocate_all
32.0,1095.8333333333335,-37.00000000000004,-22.038707874721716,reallocate_all
32.0,1125.0,-37.000000000000036,-22.27706979275845,reallocate_all
32.0,1154.1666666666667,-37.000000000000036,-22.515431710795195,reallocate_all
32.0,1183.3333333333335,-37.000000000000036,-22.73101195280028,reallocate_all
32.0,1212.5,-37.00000000000004,-22.934305308399615,reallocate_all
32.0,1241.6666666666667,-37.00000000000004,-23.137598663998947,reallocate_all
32.0,1270.8333333333335,-37.00000000000004,-23.340892019598282,reallocate_all
32.0,1300.0,-37.000000000000036,-23.54418537519762,reallocate_all
32.0,1329.1666666666667,-37.00000000000004,-23.74747873079696,reallocate_all
32.0,1358.3333333333335,-37.00000000000004,-23.95077208639629,reallocate_all
32.0,1387.5,-37.00000000000004,-24.15406544199563,reallocate_all
32.0,1416.6666666666667,-37.00000000000004,-24.357358797594962,reallocate_all
32.0,1445.8333333333335,-37.00000000000004,-24.560652153194305,reallocate_all
32.0,1475.0,-37.00000000000004,-24.76394550879364,reallocate_all
32.0,1504.1666666666667,-37.000000000000036,-24.96723886439297,reallocate_all
32.0,1533.3333333333335,-37.00000000000004,-25.17053221999231,reallocate_all
32.0,1562.5,-37.00000000000004,-25.373825575591653,reallocate_all
32.0,1591.6666666666667,-37.00000000000004,-25.57711893119098,reallocate_all
32.0,1620.8333333333335,-37.00000000000004,-25.780412286790323,reallocate_all
32.0,1650.0,-37.00000000000004,-25.98370564238966,reallocate_all
32.0,1679.1666666666667,-37.00000000000004,-26.186998997988994,reallocate_all
32.0,1708.3333333333335,-37.00000000000004,-26.39029235358833,reallocate_all
32.0,1737.5,-37.00000000000004,-26.593585709187664,reallocate_all
32.0,1766.6666666666667,-37.00000000000004,-26.796879064787007,reallocate_all
32.0,1795.8333333333335,-37.00000000000004,-27.000172420386335,reallocate_all
32.0,1825.0,-37.00000000000004,-27.203465775985677,reallocate_all
32.0,1854.1666666666667,-37.00000000000004,-27.406759131585012,reallocate_all
32.0,1883.3333333333335,-37.00000000000005,-27.610052487184348,reallocate_all
32.0,1912.5,-37.00000000000004,-27.813345842783683,reallocate_all
32.0,1941.6666666666667,-37.00000000000004,-28.016639198383025,reallocate_all
32.0,1970.8333333333335,-37.000000000000036,-28.21993255398236,reallocate_all
32.0,2000.0,-37.00000000000004,-28.42322590958169,reallocate_all
34.0,250.0,-39.00000000000002,-16.552178645919867,reallocate_all
34.0,279.1666666666667,-39.00000000000003,-16.89196492237085,reallocate_all
34.0,308.3333333333333,-39.00000000000003,-17.231751198821826,reallocate_all
34.0,337.5,-39.00000000000003,-17.57153747527281,reallocate_all
34.0,366.6666666666667,-39.000000000000036,-17.91132375172379,reallocate_all
34.0,395.83333333333337,-39.000000000000036,-18.251110028174775,reallocate_all
34.0,425.0,-39.00000000000004,-18.556383759876784,reallocate_all
34.0,454.1666666666667,-39.000000000000036,-18.794745677913518,reallocate_all
34.0,483.33333333333337,-39.000000000000036,-19.03310759595026,reallocate_all
34.0,512.5,-39.000000000000036,-19.271469513986993,reallocate_all
34.0,541.6666666666667,-39.000000000000036,-19.509831432023727,reallocate_all
34.0,570.8333333333334,-39.000000000000036,-19.748193350060465,reallocate_all
34.0,600.0,-39.000000000000036,-19.9865552680972,reallocate_all
34.0,629.1666666666667,-39.000000000000036,-20.224917186133936,reallocate_all
34.0,658.3333333333334,-39.000000000000036,-20.463279104170674,reallocate_all
34.0,687.5,-39.000000000000036,-20.701641022207408,reallocate_all
34.0,716.6666666666667,-39.000000000000036,-20.940002940244142,reallocate_all
34.0,745.8333333333334,-39.000000000000036,-21.17836485828088,reallocate_all
34.0,775.0,-39.000000000000036,-21.41672677631762,reallocate_all
34.0,804.1666666666667,-39.000000000000036,-21.655088694354355,reallocate_all
34.0,833.3333333333334,-39.00000000000004,-21.89345061239109,reallocate_all
34.0,862.5,-39.00000000000004,-22.131812530427826,reallocate_all
34.0,891.6666666666667,-39.00000000000004,-22.370174448464567,reallocate_all
34.0,920.8333333333334,-39.00000000000004,-22.608536366501298,reallocate_all
34.0,950.0,-39.000000000000036,-22.84689828453804,reallocate_all
34.0,979.1666666666667,-39.00000000000004,-23.08526020257477,reallocate_all
34.0,1008.3333333333334,-39.00000000000004,-23.32362212061151,reallocate_all
34.0,1037.5,-39.00000000000004,-23.56198403864824,reallocate_all
34.0,1066.6666666666667,-39.00000000000004,-23.800345956684982,reallocate_all
34.0,1095.8333333333335,-39.00000000000004,-24.038707874721716,reallocate_all
34.0,1125.0,-39.000000000000036,-24.27706979275845,reallocate_all
34.0,1154.1666666666667,-39.000000000000036,-24.515431710795195,reallocate_all
34.0,1183.3333333333335,-39.000000000000036,-24.73101195280028,reallocate_all
34.0,1212.5,-39.00000000000004,-24.934305308399615,reallocate_all
34.0,1241.6666666666667,-39.00000000000004,-25.137598663998947,reallocate_all
34.0,1270.8333333333335,-39.00000000000004,-25.340892019598282,reallocate_all
34.0,1300.0,-39.000000000000036,-25.54418537519762,reallocate_all
34.0,1329.1666666666667,-39.00000000000004,-25.74747873079696,reallocate_all
34.0,1358.3333333333335,-39.00000000000004,-25.95077208639629,reallocate_all
34.0,1387.5,-39.00000000000004,-26.15406544199563,reallocate_all
34.0,1416.6666666666667,-39.00000000000004,-26.357358797594962,reallocate_all
34.0,1445.8333333333335,-39.00000000000004,-26.560652153194305,reallocate_all
34.0,1475.0,-39.00000000000004,-26.76394550879364,reallocate_all
34.0,1504.1666666666667,-39.000000000000036,-26.96723886439297,reallocate_all
34.0,1533.3333333333335,-39.00000000000004,-27.17053221999231,reallocate_all
34.0,1562.5,-39.00000000000004,-27.373825575591653,reallocate_all
34.0,1591.6666666666667,-39.00000000000004,-27.57711893119098,reallocate_all
34.0,1620.8333333333335,-39.00000000000004,-27.780412286790323,reallocate_all
34.0,1650.0,-39.00000000000004,-27.98370564238966,reallocate_all
34.0,1679.1666666666667,-39.00000000000004,-28.186998997988994,reallocate_all
34.0,1708.3333333333335,-39.00000000000004,-28.39029235358833,reallocate_all
34.0,1737.5,-39.00000000000004,-28.593585709187664,reallocate_all
34.0,1766.6666666666667,-39.00000000000004,-28.796879064787007,reallocate_all
34.0,1795.8333333333335,-39.00000000000004,-29.000172420386335,reallocate_all
34.0,1825.0,-39.00000000000004,-29.203465775985677,reallocate_all
34.0,1854.1666666666667,-39.00000000000004,-29.406759131585012,reallocate_all
34.0,1883.3333333333335,-39.00000000000005,-29.610052487184348,reallocate_all
34.0,1912.5,-39.00000000000004,-29.813345842783683,reallocate_all
34.0,1941.6666666666667,-39.00000000000004,-30.016639198383025,reallocate_all
34.0,1970.8333333333335,-39.000000000000036,-30.21993255398236,reallocate_all
34.0,2000.0,-39.00000000000004,-30.42322590958169,reallocate_all
36.0,250.0,-41.00000000000002,-18.552178645919867,reallocate_all
36.0,279.1666666666667,-41.00000000000003,-18.89196492237085,reallocate_all
36.0,308.3333333333333,-41.00000000000003,-19.231751198821826,reallocate_all
36.0,337.5,-41.00000000000003,-19.57153747527281,reallocate_all
36.0,366.6666666666667,-41.000000000000036,-19.91132375172379,reallocate_all
36.0,395.83333333333337,-41.000000000000036,-20.251110028174775,reallocate_all
36.0,425.0,-41.00000000000004,-20.556383759876784,reallocate_all
36.0,454.1666666666667,-41.000000000000036,-20.794745677913518,reallocate_all
36.0,483.33333333333337,-41.000000000000036,-21.03310759595026,reallocate_all
36.0,512.5,-41.000000000000036,-21.271469513986993,reallocate_all
36.0,541.6666666666667,-41.000000000000036,-21.509831432023727,reallocate_all
36.0,570.8333333333334,-41.000000000000036,-21.748193350060465,reallocate_all
36.0,600.0,-41.000000000000036,-21.9865552680972,reallocate_all
36.0,629.1666666666667,-41.000000000000036,-22.224917186133936,reallocate_all
36.0,658.3333333333334,-41.000000000000036,-22.463279104170674,reallocate_all
36.0,687.5,-41.000000000000036,-22.701641022207408,reallocate_all
36.0,716.6666666666667,-41.000000000000036,-22.940002940244142,reallocate_all
36.0,745.8333333333334,-41.000000000000036,-23.17836485828088,reallocate_all
36.0,775.0,-41.000000000000036,-23.41672677631762,reallocate_all
36.0,804.1666666666667,-41.000000000000036,-23.655088694354355,reallocate_all
36.0,833.3333333333334,-41.00000000000004,-23.89345061239109,reallocate_all
36.0,862.5,-41.00000000000004,-24.131812530427826,reallocate_all
36.0,891.6666666666667,-41.00000000000004,-24.370174448464567,reallocate_all
36.0,920.8333333333334,-41.00000000000004,-24.608536366501298,reallocate_all
36.0,950.0,-41.000000000000036,-24.84689828453804,reallocate_all
36.0,979.1666666666667,-41.00000000000004,-25.08526020257477,reallocate_all
36.0,1008.3333333333334,-41.00000000000004,-25.32362212061151,reallocate_all
36.0,1037.5,-41.00000000000004,-25.56198403864824,reallocate_all
36.0,1066.6666666666667,-41.00000000000004,-25.800345956684982,reallocate_all
36.0,1095.8333333333335,-41.00000000000004,-26.038707874721716,reallocate_all
36.0,1125.0,-41.000000000000036,-26.27706979275845,reallocate_all
36.0,1154.1666666666667,-41.000000000000036,-26.515431710795195,reallocate_all
36.0,1183.3333333333335,-41.000000000000036,-26.73101195280028,reallocate_all
36.0,1212.5,-41.00000000000004,-26.934305308399615,reallocate_all
36.0,1241.6666666666667,-41.00000000000004,-27.137598663998947,reallocate_all
36.0,1270.8333333333335,-41.00000000000004,-27.340892019598282,reallocate_all
36.0,1300.0,-41.000000000000036,-27.54418537519762,reallocate_all
36.0,1329.1666666666667,-41.00000000000004,-27.74747873079696,reallocate_all
36.0,1358.3333333333335,-41.00000000000004,-27.95077208639629,reallocate_all
36.0,1387.5,-41.00000000000004,-28.15406544199563,reallocate_all
36.0,1416.6666666666667,-41.00000000000004,-28.357358797594962,reallocate_all
36.0,1445.8333333333335,-41.00000000000004,-28.560652153194305,reallocate_all
36.0,1475.0,-41.00000000000004,-28.76394550879364,reallocate_all
36.0,1504.1666666666667,-41.000000000000036,-28.96723886439297,reallocate_all
36.0,1533.3333333333335,-41.00000000000004,-29.17053221999231,reallocate_all
36.0,1562.5,-41.00000000000004,-29.373825575591653,reallocate_all
36.0,1591.6666666666667,-41.00000000000004,-29.57711893119098,reallocate_all
36.0,1620.8333333333335,-41.00000000000004,-29.780412286790323,reallocate_all
36.0,1650.0,-41.00000000000004,-29.98370564238966,reallocate_all
36.0,1679.1666666666667,-41.00000000000004,-30.186998997988994,reallocate_all
36.0,1708.3333333333335,-41.00000000000004,-30.39029235358833,reallocate_all
36.0,1737.5,-41.00000000000004,-30.593585709187664,reallocate_all
36.0,1766.6666666666667,-41.00000000000004,-30.796879064787007,reallocate_all
36.0,1795.8333333333335,-41.00000000000004,-31.000172420386335,reallocate_all
36.0,1825.0,-41.00000000000004,-31.203465775985677,reallocate_all
36.0,1854.1666666666667,-41.00000000000004,-31.406759131585012,reallocate_all
36.0,1883.3333333333335,-41.00000000000005,-31.610052487184348,reallocate_all
36.0,1912.5,-41.00000000000004,-31.813345842783683,reallocate_all
36.0,1941.6666666666667,-41.00000000000004,-32.016639198383025,reallocate_all
36.0,1970.8333333333335,-41.000000000000036,-32.21993255398236,reallocate_all
36.0,2000.0,-41.00000000000004,-32.42322590958169,reallocate_all
38.0,250.0,-43.00000000000002,-20.552178645919867,reallocate_all
38.0,279.1666666666667,-43.00000000000003,-20.89196492237085,reallocate_all
38.0,308.3333333333333,-43.00000000000003,-21.231751198821826,reallocate_all
38.0,337.5,-43.00000000000003,-21.57153747527281,reallocate_all
38.0,366.6666666666667,-43.000000000000036,-21.91132375172379,reallocate_all
38.0,395.83333333333337,-43.000000000000036,-22.251110028174775,reallocate_all
38.0,425.0,-43.00000000000004,-22.556383759876784,reallocate_all
38.0,454.1666666666667,-43.000000000000036,-22.794745677913518,reallocate_all
38.0,483.33333333333337,-43.000000000000036,-23.03310759595026,reallocate_all
38.0,512.5,-43.000000000000036,-23.271469513986993,reallocate_all
38.0,541.6666666666667,-43.000000000000036,-23.509831432023727,reallocate_all
38.0,570.8333333333334,-43.000000000000036,-23.748193350060465,reallocate_all
38.0,600.0,-43.000000000000036,-23.9865552680972,reallocate_all
38.0,629.1666666666667,-43.000000000000036,-24.224917186133936,reallocate_all
38.0,658.3333333333334,-43.000000000000036,-24.463279104170674,reallocate_all
38.0,687.5,-43.000000000000036,-24.701641022207408,reallocate_all
38.0,716.6666666666667,-43.000000000000036,-24.940002940244142,reallocate_all
38.0,745.8333333333334,-43.000000000000036,-25.17836485828088,reallocate_all
38.0,775.0,-43.000000000000036,-25.41672677631762,reallocate_all
38.0,804.1666666666667,-43.000000000000036,-25.655088694354355,reallocate_all
38.0,833.3333333333334,-43.00000000000004,-25.89345061239109,reallocate_all
38.0,862.5,-43.00000000000004,-26.131812530427826,reallocate_all
38.0,891.6666666666667,-43.00000000000004,-26.370174448464567,reallocate_all
38.0,920.8333333333334,-43.00000000000004,-26.608536366501298,reallocate_all
38.0,950.0,-43.000000000000036,-26.84689828453804,reallocate_all
38.0,979.1666666666667,-43.00000000000004,-27.08526020257477,reallocate_all
38.0,1008.3333333333334,-43.00000000000004,-27.32362212061151,reallocate_all
38.0,1037.5,-43.00000000000004,-27.56198403864824,reallocate_all
38.0,1066.6666666666667,-43.00000000000004,-27.800345956684982,reallocate_all
38.0,1095.8333333333335,-43.00000000000004,-28.038707874721716,reallocate_all
38.0,1125.0,-43.000000000000036,-28.27706979275845,reallocate_all
38.0,1154.1666666666667,-43.000000000000036,-28.515431710795195,reallocate_all
38.0,1183.3333333333335,-43.000000000000036,-28.73101195280028,reallocate_all
38.0,1212.5,-43.00000000000004,-28.934305308399615,reallocate_all
38.0,1241.6666666666667,-43.00000000000004,-29.137598663998947,reallocate_all
38.0,1270.8333333333335,-43.00000000000004,-29.340892019598282,reallocate_all
38.0,1300.0,-43.000000000000036,-29.54418537519762,reallocate_all
38.0,1329.1666666666667,-43.00000000000004,-29.74747873079696,reallocate_all
38.0,1358.3333333333335,-43.00000000000004,-29.95077208639629,reallocate_all
38.0,1387.5,-43.00000000000004,-30.15406544199563,reallocate_all
38.0,1416.6666666666667,-43.00000000000004,-30.357358797594962,reallocate_all
38.0,1445.8333333333335,-43.00000000000004,-30.560652153194305,reallocate_all
38.0,1475.0,-43.00000000000004,-30.76394550879364,reallocate_all
38.0,1504.1666666666667,-43.000000000000036,-30.96723886439297,reallocate_all
38.0,1533.3333333333335,-43.00000000000004,-31.17053221999231,reallocate_all
38.0,1562.5,-43.00000000000004,-31.373825575591653,reallocate_all
38.0,1591.6666666666667,-43.00000000000004,-31.57711893119098,reallocate_all
38.0,1620.8333333333335,-43.00000000000004,-31.780412286790323,reallocate_all
38.0,1650.0,-43.00000000000004,-31.98370564238966,reallocate_all
38.0,1679.1666666666667,-43.00000000000004,-32.186998997988994,reallocate_all
38.0,1708.3333333333335,-43.00000000000004,-32.39029235358833,reallocate_all
38.0,1737.5,-43.00000000000004,-32.593585709187664,reallocate_all
38.0,1766.6666666666667,-43.00000000000004,-32.79687906478701,reallocate_all
38.0,1795.8333333333335,-43.00000000000004,-33.000172420386335,reallocate_all
38.0,1825.0,-43.00000000000004,-33.20346577598568,reallocate_all
38.0,1854.1666666666667,-43.00000000000004,-33.40675913158501,reallocate_all
38.0,1883.3333333333335,-43.00000000000005,-33.61005248718435,reallocate_all
38.0,1912.5,-43.00000000000004,-33.81334584278368,reallocate_all
38.0,1941.6666666666667,-43.00000000000004,-34.016639198383025,reallocate_all
38.0,1970.8333333333335,-43.000000000000036,-34.21993255398236,reallocate_all
38.0,2000.0,-43.00000000000004,-34.42322590958169,reallocate_all
40.0,250.0,-45.00000000000002,-22.552178645919867,reallocate_all
40.0,279.1666666666667,-45.00000000000003,-22.89196492237085,reallocate_all
40.0,308.3333333333333,-45.00000000000003,-23.231751198821826,reallocate_all
40.0,337.5,-45.00000000000003,-23.57153747527281,reallocate_all
40.0,366.6666666666667,-45.000000000000036,-23.91132375172379,reallocate_all
40.0,395.83333333333337,-45.000000000000036,-24.251110028174775,reallocate_all
40.0,425.0,-45.00000000000004,-24.556383759876784,reallocate_all
40.0,454.1666666666667,-45.000000000000036,-24.794745677913518,reallocate_all
40.0,483.33333333333337,-45.000000000000036,-25.03310759595026,reallocate_all
40.0,512.5,-45.000000000000036,-25.271469513986993,reallocate_all
40.0,541.6666666666667,-45.000000000000036,-25.509831432023727,reallocate_all
40.0,570.8333333333334,-45.000000000000036,-25.748193350060465,reallocate_all
40.0,600.0,-45.000000000000036,-25.9865552680972,reallocate_all
40.0,629.1666666666667,-45.000000000000036,-26.224917186133936,reallocate_all
40.0,658.3333333333334,-45.000000000000036,-26.463279104170674,reallocate_all
40.0,687.5,-45.000000000000036,-26.701641022207408,reallocate_all
40.0,716.6666666666667,-45.000000000000036,-26.940002940244142,reallocate_all
40.0,745.8333333333334,-45.000000000000036,-27.17836485828088,reallocate_all
40.0,775.0,-45.000000000000036,-27.41672677631762,reallocate_all
40.0,804.1666666666667,-45.000000000000036,-27.655088694354355,reallocate_all
40.0,833.3333333333334,-45.00000000000004,-27.89345061239109,reallocate_all
40.0,862.5,-45.00000000000004,-28.131812530427826,reallocate_all
40.0,891.6666666666667,-45.00000000000004,-28.370174448464567,reallocate_all
40.0,920.8333333333334,-45.00000000000004,-28.608536366501298,reallocate_all
40.0,950.0,-45.000000000000036,-28.84689828453804,reallocate_all
40.0,979.1666666666667,-45.00000000000004,-29.08526020257477,reallocate_all
40.0,1008.3333333333334,-45.00000000000004,-29.32362212061151,reallocate_all
40.0,1037.5,-45.00000000000004,-29.56198403864824,reallocate_all
40.0,1066.6666666666667,-45.00000000000004,-29.800345956684982,reallocate_all
40.0,1095.8333333333335,-45.00000000000004,-30.038707874721716,reallocate_all
40.0,1125.0,-45.000000000000036,-30.27706979275845,reallocate_all
40.0,1154.1666666666667,-45.000000000000036,-30.515431710795195,reallocate_all
40.0,1183.3333333333335,-45.000000000000036,-30.73101195280028,reallocate_all
40.0,1212.5,-45.00000000000004,-30.934305308399615,reallocate_all
40.0,1241.6666666666667,-45.00000000000004,-31.137598663998947,reallocate_all
40.0,1270.8333333333335,-45.00000000000004,-31.340892019598282,reallocate_all
40.0,1300.0,-45.000000000000036,-31.54418537519762,reallocate_all
40.0,1329.1666666666667,-45.00000000000004,-31.74747873079696,reallocate_all
40.0,1358.3333333333335,-45.00000000000004,-31.95077208639629,reallocate_all
40.0,1387.5,-45.00000000000004,-32.15406544199563,reallocate_all
40.0,1416.6666666666667,-45.00000000000004,-32.35735879759496,reallocate_all
40.0,1445.8333333333335,-45.00000000000004,-32.560652153194305,reallocate_all
40.0,1475.0,-45.00000000000004,-32.76394550879364,reallocate_all
40.0,1504.1666666666667,-45.000000000000036,-32.96723886439297,reallocate_all
40.0,1533.3333333333335,-45.00000000000004,-33.17053221999231,reallocate_all
40.0,1562.5,-45.00000000000004,-33.37382557559165,reallocate_all
40.0,1591.6666666666667,-45.00000000000004,-33.57711893119098,reallocate_all
40.0,1620.8333333333335,-45.00000000000004,-33.78041228679032,reallocate_all
40.0,1650.0,-45.00000000000004,-33.98370564238966,reallocate_all
40.0,1679.1666666666667,-45.00000000000004,-34.186998997988994,reallocate_all
40.0,1708.3333333333335,-45.00000000000004,-34.39029235358833,reallocate_all
40.0,1737.5,-45.00000000000004,-34.593585709187664,reallocate_all
40.0,1766.6666666666667,-45.00000000000004,-34.79687906478701,reallocate_all
40.0,1795.8333333333335,-45.00000000000004,-35.000172420386335,reallocate_all
40.0,1825.0,-45.00000000000004,-35.20346577598568,reallocate_all
40.0,1854.1666666666667,-45.00000000000004,-35.40675913158501,reallocate_all
40.0,1883.3333333333335,-45.00000000000005,-35.61005248718435,reallocate_all
40.0,1912.5,-45.00000000000004,-35.81334584278368,reallocate_all
40.0,1941.6666666666667,-45.00000000000004,-36.016639198383025,reallocate_all
40.0,1970.8333333333335,-45.000000000000036,-36.21993255398236,reallocate_all
40.0,2000.0,-45.00000000000004,-36.42322590958169,reallocate_all
42.0,250.0,-47.00000000000002,-24.552178645919867,reallocate_all
42.0,279.1666666666667,-47.00000000000003,-24.89196492237085,reallocate_all
42.0,308.3333333333333,-47.00000000000003,-25.231751198821826,reallocate_all
42.0,337.5,-47.00000000000003,-25.57153747527281,reallocate_all
42.0,366.6666666666667,-47.000000000000036,-25.91132375172379,reallocate_all
42.0,395.83333333333337,-47.000000000000036,-26.251110028174775,reallocate_all
42.0,425.0,-47.00000000000004,-26.556383759876784,reallocate_all
42.0,454.1666666666667,-47.000000000000036,-26.794745677913518,reallocate_all
42.0,483.33333333333337,-47.000000000000036,-27.03310759595026,reallocate_all
42.0,512.5,-47.000000000000036,-27.271469513986993,reallocate_all
42.0,541.6666666666667,-47.000000000000036,-27.509831432023727,reallocate_all
42.0,570.8333333333334,-47.000000000000036,-27.748193350060465,reallocate_all
42.0,600.0,-47.000000000000036,-27.9865552680972,reallocate_all
42.0,629.1666666666667,-47.000000000000036,-28.224917186133936,reallocate_all
42.0,658.3333333333334,-47.000000000000036,-28.463279104170674,reallocate_all
42.0,687.5,-47.000000000000036,-28.701641022207408,reallocate_all
42.0,716.6666666666667,-47.000000000000036,-28.940002940244142,reallocate_all
42.0,745.8333333333334,-47.000000000000036,-29.17836485828088,reallocate_all
42.0,775.0,-47.000000000000036,-29.41672677631762,reallocate_all
42.0,804.1666666666667,-47.000000000000036,-29.655088694354355,reallocate_all
42.0,833.3333333333334,-47.00000000000004,-29.89345061239109,reallocate_all
42.0,862.5,-47.00000000000004,-30.131812530427826,reallocate_all
42.0,891.6666666666667,-47.00000000000004,-30.370174448464567,reallocate_all
42.0,920.8333333333334,-47.00000000000004,-30.608536366501298,reallocate_all
42.0,950.0,-47.000000000000036,-30.84689828453804,reallocate_all
42.0,979.1666666666667,-47.00000000000004,-31.08526020257477,reallocate_all
42.0,1008.3333333333334,-47.00000000000004,-31.32362212061151,reallocate_all
42.0,1037.5,-47.00000000000004,-31.56198403864824,reallocate_all
42.0,1066.6666666666667,-47.00000000000004,-31.800345956684982,reallocate_all
42.0,1095.8333333333335,-47.00000000000004,-32.038707874721716,reallocate_all
42.0,1125.0,-47.000000000000036,-32.277069792758454,reallocate_all
42.0,1154.1666666666667,-47.000000000000036,-32.5154317107952,reallocate_all
42.0,1183.3333333333335,-47.000000000000036,-32.73101195280028,reallocate_all
42.0,1212.5,-47.00000000000004,-32.934305308399615,reallocate_all
42.0,1241.6666666666667,-47.00000000000004,-33.13759866399894,reallocate_all
42.0,1270.8333333333335,-47.00000000000004,-33.340892019598286,reallocate_all
42.0,1300.0,-47.000000000000036,-33.54418537519762,reallocate_all
42.0,1329.1666666666667,-47.00000000000004,-33.747478730796956,reallocate_all
42.0,1358.3333333333335,-47.00000000000004,-33.95077208639629,reallocate_all
42.0,1387.5,-47.00000000000004,-34.15406544199563,reallocate_all
42.0,1416.6666666666667,-47.00000000000004,-34.35735879759496,reallocate_all
42.0,1445.8333333333335,-47.00000000000004,-34.560652153194305,reallocate_all
42.0,1475.0,-47.00000000000004,-34.76394550879364,reallocate_all
42.0,1504.1666666666667,-47.000000000000036,-34.96723886439297,reallocate_all
42.0,1533.3333333333335,-47.00000000000004,-35.17053221999231,reallocate_all
42.0,1562.5,-47.00000000000004,-35.37382557559165,reallocate_all
42.0,1591.6666666666667,-47.00000000000004,-35.57711893119098,reallocate_all
42.0,1620.8333333333335,-47.00000000000004,-35.78041228679032,reallocate_all
42.0,1650.0,-47.00000000000004,-35.98370564238966,reallocate_all
42.0,1679.1666666666667,-47.00000000000004,-36.186998997988994,reallocate_all
42.0,1708.3333333333335,-47.00000000000004,-36.39029235358833,reallocate_all
42.0,1737.5,-47.00000000000004,-36.593585709187664,reallocate_all
42.0,1766.6666666666667,-47.00000000000004,-36.79687906478701,reallocate_all
42.0,1795.8333333333335,-47.00000000000004,-37.000172420386335,reallocate_all
42.0,1825.0,-47.00000000000004,-37.20346577598568,reallocate_all
42.0,1854.1666666666667,-47.00000000000004,-37.40675913158501,reallocate_all
42.0,1883.3333333333335,-47.00000000000005,-37.61005248718435,reallocate_all
42.0,1912.5,-47.00000000000004,-37.81334584278368,reallocate_all
42.0,1941.6666666666667,-47.00000000000004,-38.016639198383025,reallocate_all
42.0,1970.8333333333335,-47.000000000000036,-38.21993255398236,reallocate_all
42.0,2000.0,-47.00000000000004,-38.42322590958169,reallocate_all
44.0,250.0,-49.00000000000002,-26.552178645919867,reallocate_all
44.0,279.1666666666667,-49.00000000000003,-26.89196492237085,reallocate_all
44.0,308.3333333333333,-49.00000000000003,-27.231751198821826,reallocate_all
44.0,337.5,-49.00000000000003,-27.57153747527281,reallocate_all
44.0,366.6666666666667,-49.000000000000036,-27.91132375172379,reallocate_all
44.0,395.83333333333337,-49.000000000000036,-28.251110028174775,reallocate_all
44.0,425.0,-49.00000000000004,-28.556383759876784,reallocate_all
44.0,454.1666666666667,-49.000000000000036,-28.794745677913518,reallocate_all
44.0,483.33333333333337,-49.000000000000036,-29.03310759595026,reallocate_all
44.0,512.5,-49.000000000000036,-29.271469513986993,reallocate_all
44.0,541.6666666666667,-49.000000000000036,-29.509831432023727,reallocate_all
44.0,570.8333333333334,-49.000000000000036,-29.748193350060465,reallocate_all
44.0,600.0,-49.000000000000036,-29.9865552680972,reallocate_all
44.0,629.1666666666667,-49.000000000000036,-30.224917186133936,reallocate_all
44.0,658.3333333333334,-49.000000000000036,-30.463279104170674,reallocate_all
44.0,687.5,-49.000000000000036,-30.701641022207408,reallocate_all
44.0,716.6666666666667,-49.000000000000036,-30.940002940244142,reallocate_all
44.0,745.8333333333334,-49.000000000000036,-31.17836485828088,reallocate_all
44.0,775.0,-49.000000000000036,-31.41672677631762,reallocate_all
44.0,804.1666666666667,-49.000000000000036,-31.655088694354355,reallocate_all
44.0,833.3333333333334,-49.00000000000004,-31.89345061239109,reallocate_all
44.0,862.5,-49.00000000000004,-32.13181253042782,reallocate_all
44.0,891.6666666666667,-49.00000000000004,-32.37017444846457,reallocate_all
44.0,920.8333333333334,-49.00000000000004,-32.6085363665013,reallocate_all
44.0,950.0,-49.000000000000036,-32.84689828453804,reallocate_all
44.0,979.1666666666667,-49.00000000000004,-33.08526020257477,reallocate_all
44.0,1008.3333333333334,-49.00000000000004,-33.32362212061151,reallocate_all
44.0,1037.5,-49.00000000000004,-33.56198403864824,reallocate_all
44.0,1066.6666666666667,-49.00000000000004,-33.80034595668498,reallocate_all
44.0,1095.8333333333335,-49.00000000000004,-34.038707874721716,reallocate_all
44.0,1125.0,-49.000000000000036,-34.277069792758454,reallocate_all
44.0,1154.1666666666667,-49.000000000000036,-34.5154317107952,reallocate_all
44.0,1183.3333333333335,-49.000000000000036,-34.73101195280028,reallocate_all
44.0,1212.5,-49.00000000000004,-34.934305308399615,reallocate_all
44.0,1241.6666666666667,-49.00000000000004,-35.13759866399894,reallocate_all
44.0,1270.8333333333335,-49.00000000000004,-35.340892019598286,reallocate_all
44.0,1300.0,-49.000000000000036,-35.54418537519762,reallocate_all
44.0,1329.1666666666667,-49.00000000000004,-35.747478730796956,reallocate_all
44.0,1358.3333333333335,-49.00000000000004,-35.95077208639629,reallocate_all
44.0,1387.5,-49.00000000000004,-36.15406544199563,reallocate_all
44.0,1416.6666666666667,-49.00000000000004,-36.35735879759496,reallocate_all
44.0,1445.8333333333335,-49.00000000000004,-36.560652153194305,reallocate_all
44.0,1475.0,-49.00000000000004,-36.76394550879364,reallocate_all
44.0,1504.1666666666667,-49.000000000000036,-36.96723886439297,reallocate_all
44.0,1533.3333333333335,-49.00000000000004,-37.17053221999231,reallocate_all
44.0,1562.5,-49.00000000000004,-37.37382557559165,reallocate_all
44.0,1591.6666666666667,-49.00000000000004,-37.57711893119098,reallocate_all
44.0,1620.8333333333335,-49.00000000000004,-37.78041228679032,reallocate_all
44.0,1650.0,-49.00000000000004,-37.98370564238966,reallocate_all
44.0,1679.1666666666667,-49.00000000000004,-38.186998997988994,reallocate_all
44.0,1708.3333333333335,-49.00000000000004,-38.39029235358833,reallocate_all
44.0,1737.5,-49.00000000000004,-38.593585709187664,reallocate_all
44.0,1766.6666666666667,-49.00000000000004,-38.79687906478701,reallocate_all
44.0,1795.8333333333335,-49.00000000000004,-39.000172420386335,reallocate_all
44.0,1825.0,-49.00000000000004,-39.20346577598568,reallocate_all
44.0,1854.1666666666667,-49.00000000000004,-39.40675913158501,reallocate_all
44.0,1883.3333333333335,-49.00000000000005,-39.61005248718435,reallocate_all
44.0,1912.5,-49.00000000000004,-39.81334584278368,reallocate_all
44.0,1941.6666666666667,-49.00000000000004,-40.016639198383025,reallocate_all
44.0,1970.8333333333335,-49.000000000000036,-40.21993255398236,reallocate_all
44.0,2000.0,-49.00000000000004,-40.42322590958169,reallocate_all
46.0,250.0,-51.00000000000002,-28.552178645919867,reallocate_all
46.0,279.1666666666667,-51.00000000000003,-28.89196492237085,reallocate_all
46.0,308.3333333333333,-51.00000000000003,-29.231751198821826,reallocate_all
46.0,337.5,-51.00000000000003,-29.57153747527281,reallocate_all
46.0,366.6666666666667,-51.000000000000036,-29.91132375172379,reallocate_all
46.0,395.83333333333337,-51.000000000000036,-30.251110028174775,reallocate_all
46.0,425.0,-51.00000000000004,-30.556383759876784,reallocate_all
46.0,454.1666666666667,-51.000000000000036,-30.794745677913518,reallocate_all
46.0,483.33333333333337,-51.000000000000036,-31.03310759595026,reallocate_all
46.0,512.5,-51.000000000000036,-31.271469513986993,reallocate_all
46.0,541.6666666666667,-51.000000000000036,-31.509831432023727,reallocate_all
46.0,570.8333333333334,-51.000000000000036,-31.748193350060465,reallocate_all
46.0,600.0,-51.000000000000036,-31.9865552680972,reallocate_all
46.0,629.1666666666667,-51.000000000000036,-32.224917186133936,reallocate_all
46.0,658.3333333333334,-51.000000000000036,-32.463279104170674,reallocate_all
46.0,687.5,-51.000000000000036,-32.70164102220741,reallocate_all
46.0,716.6666666666667,-51.000000000000036,-32.94000294024414,reallocate_all
46.0,745.8333333333334,-51.000000000000036,-33.17836485828088,reallocate_all
46.0,775.0,-51.000000000000036,-33.41672677631762,reallocate_all
46.0,804.1666666666667,-51.000000000000036,-33.655088694354355,reallocate_all
46.0,833.3333333333334,-51.00000000000004,-33.89345061239109,reallocate_all
46.0,862.5,-51.00000000000004,-34.13181253042782,reallocate_all
46.0,891.6666666666667,-51.00000000000004,-34.37017444846457,reallocate_all
46.0,920.8333333333334,-51.00000000000004,-34.6085363665013,reallocate_all
46.0,950.0,-51.000000000000036,-34.84689828453804,reallocate_all
46.0,979.1666666666667,-51.00000000000004,-35.08526020257477,reallocate_all
46.0,1008.3333333333334,-51.00000000000004,-35.32362212061151,reallocate_all
46.0,1037.5,-51.00000000000004,-35.56198403864824,reallocate_all
46.0,1066.6666666666667,-51.00000000000004,-35.80034595668498,reallocate_all
46.0,1095.8333333333335,-51.00000000000004,-36.038707874721716,reallocate_all
46.0,1125.0,-51.000000000000036,-36.277069792758454,reallocate_all
46.0,1154.1666666666667,-51.000000000000036,-36.5154317107952,reallocate_all
46.0,1183.3333333333335,-51.000000000000036,-36.73101195280028,reallocate_all
46.0,1212.5,-51.00000000000004,-36.934305308399615,reallocate_all
46.0,1241.6666666666667,-51.00000000000004,-37.13759866399894,reallocate_all
46.0,1270.8333333333335,-51.00000000000004,-37.340892019598286,reallocate_all
46.0,1300.0,-51.000000000000036,-37.54418537519762,reallocate_all
46.0,1329.1666666666667,-51.00000000000004,-37.747478730796956,reallocate_all
46.0,1358.3333333333335,-51.00000000000004,-37.95077208639629,reallocate_all
46.0,1387.5,-51.00000000000004,-38.15406544199563,reallocate_all
46.0,1416.6666666666667,-51.00000000000004,-38.35735879759496,reallocate_all
46.0,1445.8333333333335,-51.00000000000004,-38.560652153194305,reallocate_all
46.0,1475.0,-51.00000000000004,-38.76394550879364,reallocate_all
46.0,1504.1666666666667,-51.000000000000036,-38.96723886439297,reallocate_all
46.0,1533.3333333333335,-51.00000000000004,-39.17053221999231,reallocate_all
46.0,1562.5,-51.00000000000004,-39.37382557559165,reallocate_all
46.0,1591.6666666666667,-51.00000000000004,-39.57711893119098,reallocate_all
46.0,1620.8333333333335,-51.00000000000004,-39.78041228679032,reallocate_all
46.0,1650.0,-51.00000000000004,-39.98370564238966,reallocate_all
46.0,1679.1666666666667,-51.00000000000004,-40.186998997988994,reallocate_all
46.0,1708.3333333333335,-51.00000000000004,-40.39029235358833,reallocate_all
46.0,1737.5,-51.00000000000004,-40.593585709187664,reallocate_all
46.0,1766.6666666666667,-51.00000000000004,-40.79687906478701,reallocate_all
46.0,1795.8333333333335,-51.00000000000004,-41.000172420386335,reallocate_all
46.0,1825.0,-51.00000000000004,-41.20346577598568,reallocate_all
46.0,1854.1666666666667,-51.00000000000004,-41.40675913158501,reallocate_all
46.0,1883.3333333333335,-51.00000000000005,-41.61005248718435,reallocate_all
46.0,1912.5,-51.00000000000004,-41.81334584278368,reallocate_all
46.0,1941.6666666666667,-51.00000000000004,-42.016639198383025,reallocate_all
46.0,1970.8333333333335,-51.000000000000036,-42.21993255398236,reallocate_all
46.0,2000.0,-51.00000000000004,-42.42322590958169,reallocate_all
48.0,250.0,-53.00000000000002,-30.552178645919867,reallocate_all
48.0,279.1666666666667,-53.00000000000003,-30.89196492237085,reallocate_all
48.0,308.3333333333333,-53.00000000000003,-31.231751198821826,reallocate_all
48.0,337.5,-53.00000000000003,-31.57153747527281,reallocate_all
48.0,366.6666666666667,-53.000000000000036,-31.91132375172379,reallocate_all
48.0,395.83333333333337,-53.000000000000036,-32.25111002817478,reallocate_all
48.0,425.0,-53.00000000000004,-32.55638375987678,reallocate_all
48.0,454.1666666666667,-53.000000000000036,-32.79474567791352,reallocate_all
48.0,483.33333333333337,-53.000000000000036,-33.033107595950256,reallocate_all
48.0,512.5,-53.000000000000036,-33.27146951398699,reallocate_all
48.0,541.6666666666667,-53.000000000000036,-33.50983143202373,reallocate_all
48.0,570.8333333333334,-53.000000000000036,-33.74819335006046,reallocate_all
48.0,600.0,-53.000000000000036,-33.9865552680972,reallocate_all
48.0,629.1666666666667,-53.000000000000036,-34.224917186133936,reallocate_all
48.0,658.3333333333334,-53.000000000000036,-34.463279104170674,reallocate_all
48.0,687.5,-53.000000000000036,-34.70164102220741,reallocate_all
48.0,716.6666666666667,-53.000000000000036,-34.94000294024414,reallocate_all
48.0,745.8333333333334,-53.000000000000036,-35.17836485828088,reallocate_all
48.0,775.0,-53.000000000000036,-35.41672677631762,reallocate_all
48.0,804.1666666666667,-53.000000000000036,-35.655088694354355,reallocate_all
48.0,833.3333333333334,-53.00000000000004,-35.89345061239109,reallocate_all
48.0,862.5,-53.00000000000004,-36.13181253042782,reallocate_all
48.0,891.6666666666667,-53.00000000000004,-36.37017444846457,reallocate_all
48.0,920.8333333333334,-53.00000000000004,-36.6085363665013,reallocate_all
48.0,950.0,-53.000000000000036,-36.84689828453804,reallocate_all
48.0,979.1666666666667,-53.00000000000004,-37.08526020257477,reallocate_all
48.0,1008.3333333333334,-53.00000000000004,-37.32362212061151,reallocate_all
48.0,1037.5,-53.00000000000004,-37.56198403864824,reallocate_all
48.0,1066.6666666666667,-53.00000000000004,-37.80034595668498,reallocate_all
48.0,1095.8333333333335,-53.00000000000004,-38.038707874721716,reallocate_all
48.0,1125.0,-53.000000000000036,-38.277069792758454,reallocate_all
48.0,1154.1666666666667,-53.000000000000036,-38.5154317107952,reallocate_all
48.0,1183.3333333333335,-53.000000000000036,-38.73101195280028,reallocate_all
48.0,1212.5,-53.00000000000004,-38.934305308399615,reallocate_all
48.0,1241.6666666666667,-53.00000000000004,-39.13759866399894,reallocate_all
48.0,1270.8333333333335,-53.00000000000004,-39.340892019598286,reallocate_all
48.0,1300.0,-53.000000000000036,-39.54418537519762,reallocate_all
48.0,1329.1666666666667,-53.00000000000004,-39.747478730796956,reallocate_all
48.0,1358.3333333333335,-53.00000000000004,-39.95077208639629,reallocate_all
48.0,1387.5,-53.00000000000004,-40.15406544199563,reallocate_all
48.0,1416.6666666666667,-53.00000000000004,-40.35735879759496,reallocate_all
48.0,1445.8333333333335,-53.00000000000004,-40.560652153194305,reallocate_all
48.0,1475.0,-53.00000000000004,-40.76394550879364,reallocate_all
48.0,1504.1666666666667,-53.000000000000036,-40.96723886439297,reallocate_all
48.0,1533.3333333333335,-53.00000000000004,-41.17053221999231,reallocate_all
48.0,1562.5,-53.00000000000004,-41.37382557559165,reallocate_all
48.0,1591.6666666666667,-53.00000000000004,-41.57711893119098,reallocate_all
48.0,1620.8333333333335,-53.00000000000004,-41.78041228679032,reallocate_all
48.0,1650.0,-53.00000000000004,-41.98370564238966,reallocate_all
48.0,1679.1666666666667,-53.00000000000004,-42.186998997988994,reallocate_all
48.0,1708.3333333333335,-53.00000000000004,-42.39029235358833,reallocate_all
48.0,1737.5,-53.00000000000004,-42.593585709187664,reallocate_all
48.0,1766.6666666666667,-53.00000000000004,-42.79687906478701,reallocate_all
48.0,1795.8333333333335,-53.00000000000004,-43.000172420386335,reallocate_all
48.0,1825.0,-53.00000000000004,-43.20346577598568,reallocate_all
48.0,1854.1666666666667,-53.00000000000004,-43.40675913158501,reallocate_all
48.0,1883.3333333333335,-53.00000000000005,-43.61005248718435,reallocate_all
48.0,1912.5,-53.00000000000004,-43.81334584278368,reallocate_all
48.0,1941.6666666666667,-53.00000000000004,-44.016639198383025,reallocate_all
48.0,1970.8333333333335,-53.000000000000036,-44.21993255398236,reallocate_all
48.0,2000.0,-53.00000000000004,-44.42322590958169,reallocate_all
50.0,250.0,-55.00000000000002,-32.55217864591987,reallocate_all
50.0,279.1666666666667,-55.00000000000003,-32.891964922370846,reallocate_all
50.0,308.3333333333333,-55.00000000000003,-33.231751198821826,reallocate_all
50.0,337.5,-55.00000000000003,-33.571537475272805,reallocate_all
50.0,366.6666666666667,-55.000000000000036,-33.911323751723785,reallocate_all
50.0,395.83333333333337,-55.000000000000036,-34.25111002817478,reallocate_all
50.0,425.0,-55.00000000000004,-34.55638375987678,reallocate_all
50.0,454.1666666666667,-55.000000000000036,-34.79474567791352,reallocate_all
50.0,483.33333333333337,-55.000000000000036,-35.033107595950256,reallocate_all
50.0,512.5,-55.000000000000036,-35.27146951398699,reallocate_all
50.0,541.6666666666667,-55.000000000000036,-35.50983143202373,reallocate_all
50.0,570.8333333333334,-55.000000000000036,-35.74819335006046,reallocate_all
50.0,600.0,-55.000000000000036,-35.9865552680972,reallocate_all
50.0,629.1666666666667,-55.000000000000036,-36.224917186133936,reallocate_all
50.0,658.3333333333334,-55.000000000000036,-36.463279104170674,reallocate_all
50.0,687.5,-55.000000000000036,-36.70164102220741,reallocate_all
50.0,716.6666666666667,-55.000000000000036,-36.94000294024414,reallocate_all
50.0,745.8333333333334,-55.000000000000036,-37.17836485828088,reallocate_all
50.0,775.0,-55.000000000000036,-37.41672677631762,reallocate_all
50.0,804.1666666666667,-55.000000000000036,-37.655088694354355,reallocate_all
50.0,833.3333333333334,-55.00000000000004,-37.89345061239109,reallocate_all
50.0,862.5,-55.00000000000004,-38.13181253042782,reallocate_all
50.0,891.6666666666667,-55.00000000000004,-38.37017444846457,reallocate_all
50.0,920.8333333333334,-55.00000000000004,-38.6085363665013,reallocate_all
50.0,950.0,-55.000000000000036,-38.84689828453804,reallocate_all
50.0,979.1666666666667,-55.00000000000004,-39.08526020257477,reallocate_all
50.0,1008.3333333333334,-55.00000000000004,-39.32362212061151,reallocate_all
50.0,1037.5,-55.00000000000004,-39.56198403864824,reallocate_all
50.0,1066.6666666666667,-55.00000000000004,-39.80034595668498,reallocate_all
50.0,1095.8333333333335,-55.00000000000004,-40.038707874721716,reallocate_all
50.0,1125.0,-55.000000000000036,-40.277069792758454,reallocate_all
50.0,1154.1666666666667,-55.000000000000036,-40.5154317107952,reallocate_all
50.0,1183.3333333333335,-55.000000000000036,-40.73101195280028,reallocate_all
50.0,1212.5,-55.00000000000004,-40.934305308399615,reallocate_all
50.0,1241.6666666666667,-55.00000000000004,-41.13759866399894,reallocate_all
50.0,1270.8333333333335,-55.00000000000004,-41.340892019598286,reallocate_all
50.0,1300.0,-55.000000000000036,-41.54418537519762,reallocate_all
50.0,1329.1666666666667,-55.00000000000004,-41.747478730796956,reallocate_all
50.0,1358.3333333333335,-55.00000000000004,-41.95077208639629,reallocate_all
50.0,1387.5,-55.00000000000004,-42.15406544199563,reallocate_all
50.0,1416.6666666666667,-55.00000000000004,-42.35735879759496,reallocate_all
50.0,1445.8333333333335,-55.00000000000004,-42.560652153194305,reallocate_all
50.0,1475.0,-55.00000000000004,-42.76394550879364,reallocate_all
50.0,1504.1666666666667,-55.000000000000036,-42.96723886439297,reallocate_all
50.0,1533.3333333333335,-55.00000000000004,-43.17053221999231,reallocate_all
50.0,1562.5,-55.00000000000004,-43.37382557559165,reallocate_all
50.0,1591.6666666666667,-55.00000000000004,-43.57711893119098,reallocate_all
50.0,1620.8333333333335,-55.00000000000004,-43.78041228679032,reallocate_all
50.0,1650.0,-55.00000000000004,-43.98370564238966,reallocate_all
50.0,1679.1666666666667,-55.00000000000004,-44.186998997988994,reallocate_all
50.0,1708.3333333333335,-55.00000000000004,-44.39029235358833,reallocate_all
50.0,1737.5,-55.00000000000004,-44.593585709187664,reallocate_all
50.0,1766.6666666666667,-55.00000000000004,-44.79687906478701,reallocate_all
50.0,1795.8333333333335,-55.00000000000004,-45.000172420386335,reallocate_all
50.0,1825.0,-55.00000000000004,-45.20346577598568,reallocate_all
50.0,1854.1666666666667,-55.00000000000004,-45.40675913158501,reallocate_all
50.0,1883.3333333333335,-55.00000000000005,-45.61005248718435,reallocate_all
50.0,1912.5,-55.00000000000004,-45.81334584278368,reallocate_all
50.0,1941.6666666666667,-55.00000000000004,-46.016639198383025,reallocate_all
50.0,1970.8333333333335,-55.000000000000036,-46.21993255398236,reallocate_all
50.0,2000.0,-55.00000000000004,-46.42322590958169,reallocate_all
52.0,250.0,-57.00000000000002,-34.55217864591987,reallocate_all
52.0,279.1666666666667,-57.00000000000003,-34.891964922370846,reallocate_all
52.0,308.3333333333333,-57.00000000000003,-35.231751198821826,reallocate_all
52.0,337.5,-57.00000000000003,-35.571537475272805,reallocate_all
52.0,366.6666666666667,-57.000000000000036,-35.911323751723785,reallocate_all
52.0,395.83333333333337,-57.000000000000036,-36.25111002817478,reallocate_all
52.0,425.0,-57.00000000000004,-36.55638375987678,reallocate_all
52.0,454.1666666666667,-57.000000000000036,-36.79474567791352,reallocate_all
52.0,483.33333333333337,-57.000000000000036,-37.033107595950256,reallocate_all
52.0,512.5,-57.000000000000036,-37.27146951398699,reallocate_all
52.0,541.6666666666667,-57.000000000000036,-37.50983143202373,reallocate_all
52.0,570.8333333333334,-57.000000000000036,-37.74819335006046,reallocate_all
52.0,600.0,-57.000000000000036,-37.9865552680972,reallocate_all
52.0,629.1666666666667,-57.000000000000036,-38.224917186133936,reallocate_all
52.0,658.3333333333334,-57.000000000000036,-38.463279104170674,reallocate_all
52.0,687.5,-57.000000000000036,-38.70164102220741,reallocate_all
52.0,716.6666666666667,-57.000000000000036,-38.94000294024414,reallocate_all
52.0,745.8333333333334,-57.000000000000036,-39.17836485828088,reallocate_all
52.0,775.0,-57.000000000000036,-39.41672677631762,reallocate_all
52.0,804.1666666666667,-57.000000000000036,-39.655088694354355,reallocate_all
52.0,833.3333333333334,-57.00000000000004,-39.89345061239109,reallocate_all
52.0,862.5,-57.00000000000004,-40.13181253042782,reallocate_all
52.0,891.6666666666667,-57.00000000000004,-40.37017444846457,reallocate_all
52.0,920.8333333333334,-57.00000000000004,-40.6085363665013,reallocate_all
52.0,950.0,-57.000000000000036,-40.84689828453804,reallocate_all
52.0,979.1666666666667,-57.00000000000004,-41.08526020257477,reallocate_all
52.0,1008.3333333333334,-57.00000000000004,-41.32362212061151,reallocate_all
52.0,1037.5,-57.00000000000004,-41.56198403864824,reallocate_all
52.0,1066.6666666666667,-57.00000000000004,-41.80034595668498,reallocate_all
52.0,1095.8333333333335,-57.00000000000004,-42.038707874721716,reallocate_all
52.0,1125.0,-57.000000000000036,-42.277069792758454,reallocate_all
52.0,1154.1666666666667,-57.000000000000036,-42.5154317107952,reallocate_all
52.0,1183.3333333333335,-57.000000000000036,-42.73101195280028,reallocate_all
52.0,1212.5,-57.00000000000004,-42.934305308399615,reallocate_all
52.0,1241.6666666666667,-57.00000000000004,-43.13759866399894,reallocate_all
52.0,1270.8333333333335,-57.00000000000004,-43.340892019598286,reallocate_all
52.0,1300.0,-57.000000000000036,-43.54418537519762,reallocate_all
52.0,1329.1666666666667,-57.00000000000004,-43.747478730796956,reallocate_all
52.0,1358.3333333333335,-57.00000000000004,-43.95077208639629,reallocate_all
52.0,1387.5,-57.00000000000004,-44.15406544199563,reallocate_all
52.0,1416.6666666666667,-57.00000000000004,-44.35735879759496,reallocate_all
52.0,1445.8333333333335,-57.00000000000004,-44.560652153194305,reallocate_all
52.0,1475.0,-57.00000000000004,-44.76394550879364,reallocate_all
52.0,1504.1666666666667,-57.000000000000036,-44.96723886439297,reallocate_all
52.0,1533.3333333333335,-57.00000000000004,-45.17053221999231,reallocate_all
52.0,1562.5,-57.00000000000004,-45.37382557559165,reallocate_all
52.0,1591.6666666666667,-57.00000000000004,-45.57711893119098,reallocate_all
52.0,1620.8333333333335,-57.00000000000004,-45.78041228679032,reallocate_all
52.0,1650.0,-57.00000000000004,-45.98370564238966,reallocate_all
52.0,1679.1666666666667,-57.00000000000004,-46.186998997988994,reallocate_all
52.0,1708.3333333333335,-57.00000000000004,-46.39029235358833,reallocate_all
52.0,1737.5,-57.00000000000004,-46.593585709187664,reallocate_all
52.0,1766.6666666666667,-57.00000000000004,-46.79687906478701,reallocate_all
52.0,1795.8333333333335,-57.00000000000004,-47.000172420386335,reallocate_all
52.0,1825.0,-57.00000000000004,-47.20346577598568,reallocate_all
52.0,1854.1666666666667,-57.00000000000004,-47.40675913158501,reallocate_all
52.0,1883.3333333333335,-57.00000000000005,-47.61005248718435,reallocate_all
52.0,1912.5,-57.00000000000004,-47.81334584278368,reallocate_all
52.0,1941.6666666666667,-57.00000000000004,-48.016639198383025,reallocate_all
52.0,1970.8333333333335,-57.000000000000036,-48.21993255398236,reallocate_all
52.0,2000.0,-57.00000000000004,-48.42322590958169,reallocate_all
54.0,250.0,-59.00000000000002,-36.55217864591987,reallocate_all
54.0,279.1666666666667,-59.00000000000003,-36.891964922370846,reallocate_all
54.0,308.3333333333333,-59.00000000000003,-37.231751198821826,reallocate_all
54.0,337.5,-59.00000000000003,-37.571537475272805,reallocate_all
54.0,366.6666666666667,-59.000000000000036,-37.911323751723785,reallocate_all
54.0,395.83333333333337,-59.000000000000036,-38.25111002817478,reallocate_all
54.0,425.0,-59.00000000000004,-38.55638375987678,reallocate_all
54.0,454.1666666666667,-59.000000000000036,-38.79474567791352,reallocate_all
54.0,483.33333333333337,-59.000000000000036,-39.033107595950256,reallocate_all
54.0,512.5,-59.000000000000036,-39.27146951398699,reallocate_all
54.0,541.6666666666667,-59.000000000000036,-39.50983143202373,reallocate_all
54.0,570.8333333333334,-59.000000000000036,-39.74819335006046,reallocate_all
54.0,600.0,-59.000000000000036,-39.9865552680972,reallocate_all
54.0,629.1666666666667,-59.000000000000036,-40.224917186133936,reallocate_all
54.0,658.3333333333334,-59.000000000000036,-40.463279104170674,reallocate_all
54.0,687.5,-59.000000000000036,-40.70164102220741,reallocate_all
54.0,716.6666666666667,-59.000000000000036,-40.94000294024414,reallocate_all
54.0,745.8333333333334,-59.000000000000036,-41.17836485828088,reallocate_all
54.0,775.0,-59.000000000000036,-41.41672677631762,reallocate_all
54.0,804.1666666666667,-59.000000000000036,-41.655088694354355,reallocate_all
54.0,833.3333333333334,-59.00000000000004,-41.89345061239109,reallocate_all
54.0,862.5,-59.00000000000004,-42.13181253042782,reallocate_all
54.0,891.6666666666667,-59.00000000000004,-42.37017444846457,reallocate_all
54.0,920.8333333333334,-59.00000000000004,-42.6085363665013,reallocate_all
54.0,950.0,-59.000000000000036,-42.84689828453804,reallocate_all
54.0,979.1666666666667,-59.00000000000004,-43.08526020257477,reallocate_all
54.0,1008.3333333333334,-59.00000000000004,-43.32362212061151,reallocate_all
54.0,1037.5,-59.00000000000004,-43.56198403864824,reallocate_all
54.0,1066.6666666666667,-59.00000000000004,-43.80034595668498,reallocate_all
54.0,1095.8333333333335,-59.00000000000004,-44.038707874721716,reallocate_all
54.0,1125.0,-59.000000000000036,-44.277069792758454,reallocate_all
54.0,1154.1666666666667,-59.000000000000036,-44.5154317107952,reallocate_all
54.0,1183.3333333333335,-59.000000000000036,-44.73101195280028,reallocate_all
54.0,1212.5,-59.00000000000004,-44.934305308399615,reallocate_all
54.0,1241.6666666666667,-59.00000000000004,-45.13759866399894,reallocate_all
54.0,1270.8333333333335,-59.00000000000004,-45.340892019598286,reallocate_all
54.0,1300.0,-59.000000000000036,-45.54418537519762,reallocate_all
54.0,1329.1666666666667,-59.00000000000004,-45.747478730796956,reallocate_all
54.0,1358.3333333333335,-59.00000000000004,-45.95077208639629,reallocate_all
54.0,1387.5,-59.00000000000004,-46.15406544199563,reallocate_all
54.0,1416.6666666666667,-59.00000000000004,-46.35735879759496,reallocate_all
54.0,1445.8333333333335,-59.00000000000004,-46.560652153194305,reallocate_all
54.0,1475.0,-59.00000000000004,-46.76394550879364,reallocate_all
54.0,1504.1666666666667,-59.000000000000036,-46.96723886439297,reallocate_all
54.0,1533.3333333333335,-59.00000000000004,-47.17053221999231,reallocate_all
54.0,1562.5,-59.00000000000004,-47.37382557559165,reallocate_all
54.0,1591.6666666666667,-59.00000000000004,-47.57711893119098,reallocate_all
54.0,1620.8333333333335,-59.00000000000004,-47.78041228679032,reallocate_all
54.0,1650.0,-59.00000000000004,-47.98370564238966,reallocate_all
54.0,1679.1666666666667,-59.00000000000004,-48.186998997988994,reallocate_all
54.0,1708.3333333333335,-59.00000000000004,-48.39029235358833,reallocate_all
54.0,1737.5,-59.00000000000004,-48.593585709187664,reallocate_all
54.0,1766.6666666666667,-59.00000000000004,-48.79687906478701,reallocate_all
54.0,1795.8333333333335,-59.00000000000004,-49.000172420386335,reallocate_all
54.0,1825.0,-59.00000000000004,-49.20346577598568,reallocate_all
54.0,1854.1666666666667,-59.00000000000004,-49.40675913158501,reallocate_all
54.0,1883.3333333333335,-59.00000000000005,-49.61005248718435,reallocate_all
54.0,1912.5,-59.00000000000004,-49.81334584278368,reallocate_all
54.0,1941.6666666666667,-59.00000000000004,-50.016639198383025,reallocate_all
54.0,1970.8333333333335,-59.000000000000036,-50.21993255398236,reallocate_all
54.0,2000.0,-59.00000000000004,-50.42322590958169,reallocate_all
56.0,250.0,-61.00000000000002,-38.55217864591987,reallocate_all
56.0,279.1666666666667,-61.00000000000003,-38.891964922370846,reallocate_all
56.0,308.3333333333333,-61.00000000000003,-39.231751198821826,reallocate_all
56.0,337.5,-61.00000000000003,-39.571537475272805,reallocate_all
56.0,366.6666666666667,-61.000000000000036,-39.911323751723785,reallocate_all
56.0,395.83333333333337,-61.000000000000036,-40.25111002817478,reallocate_all
56.0,425.0,-61.00000000000004,-40.55638375987678,reallocate_all
56.0,454.1666666666667,-61.000000000000036,-40.79474567791352,reallocate_all
56.0,483.33333333333337,-61.000000000000036,-41.033107595950256,reallocate_all
56.0,512.5,-61.000000000000036,-41.27146951398699,reallocate_all
56.0,541.6666666666667,-61.000000000000036,-41.50983143202373,reallocate_all
56.0,570.8333333333334,-61.000000000000036,-41.74819335006046,reallocate_all
56.0,600.0,-61.000000000000036,-41.9865552680972,reallocate_all
56.0,629.1666666666667,-61.000000000000036,-42.224917186133936,reallocate_all
56.0,658.3333333333334,-61.000000000000036,-42.463279104170674,reallocate_all
56.0,687.5,-61.000000000000036,-42.70164102220741,reallocate_all
56.0,716.6666666666667,-61.000000000000036,-42.94000294024414,reallocate_all
56.0,745.8333333333334,-61.000000000000036,-43.17836485828088,reallocate_all
56.0,775.0,-61.000000000000036,-43.41672677631762,reallocate_all
56.0,804.1666666666667,-61.000000000000036,-43.655088694354355,reallocate_all
56.0,833.3333333333334,-61.00000000000004,-43.89345061239109,reallocate_all
56.0,862.5,-61.00000000000004,-44.13181253042782,reallocate_all
56.0,891.6666666666667,-61.00000000000004,-44.37017444846457,reallocate_all
56.0,920.8333333333334,-61.00000000000004,-44.6085363665013,reallocate_all
56.0,950.0,-61.000000000000036,-44.84689828453804,reallocate_all
56.0,979.1666666666667,-61.00000000000004,-45.08526020257477,reallocate_all
56.0,1008.3333333333334,-61.00000000000004,-45.32362212061151,reallocate_all
56.0,1037.5,-61.00000000000004,-45.56198403864824,reallocate_all
56.0,1066.6666666666667,-61.00000000000004,-45.80034595668498,reallocate_all
56.0,1095.8333333333335,-61.00000000000004,-46.038707874721716,reallocate_all
56.0,1125.0,-61.000000000000036,-46.277069792758454,reallocate_all
56.0,1154.1666666666667,-61.000000000000036,-46.5154317107952,reallocate_all
56.0,1183.3333333333335,-61.000000000000036,-46.73101195280028,reallocate_all
56.0,1212.5,-61.00000000000004,-46.934305308399615,reallocate_all
56.0,1241.6666666666667,-61.00000000000004,-47.13759866399894,reallocate_all
56.0,1270.8333333333335,-61.00000000000004,-47.340892019598286,reallocate_all
56.0,1300.0,-61.000000000000036,-47.54418537519762,reallocate_all
56.0,1329.1666666666667,-61.00000000000004,-47.747478730796956,reallocate_all
56.0,1358.3333333333335,-61.00000000000004,-47.95077208639629,reallocate_all
56.0,1387.5,-61.00000000000004,-48.15406544199563,reallocate_all
56.0,1416.6666666666667,-61.00000000000004,-48.35735879759496,reallocate_all
56.0,1445.8333333333335,-61.00000000000004,-48.560652153194305,reallocate_all
56.0,1475.0,-61.00000000000004,-48.76394550879364,reallocate_all
56.0,1504.1666666666667,-61.000000000000036,-48.96723886439297,reallocate_all
56.0,1533.3333333333335,-61.00000000000004,-49.17053221999231,reallocate_all
56.0,1562.5,-61.00000000000004,-49.37382557559165,reallocate_all
56.0,1591.6666666666667,-61.00000000000004,-49.57711893119098,reallocate_all
56.0,1620.8333333333335,-61.00000000000004,-49.78041228679032,reallocate_all
56.0,1650.0,-61.00000000000004,-49.98370564238966,reallocate_all
56.0,1679.1666666666667,-61.00000000000004,-50.186998997988994,reallocate_all
56.0,1708.3333333333335,-61.00000000000004,-50.39029235358833,reallocate_all
56.0,1737.5,-61.00000000000004,-50.593585709187664,reallocate_all
56.0,1766.6666666666667,-61.00000000000004,-50.79687906478701,reallocate_all
56.0,1795.8333333333335,-61.00000000000004,-51.000172420386335,reallocate_all
56.0,1825.0,-61.00000000000004,-51.20346577598568,reallocate_all
56.0,1854.1666666666667,-61.00000000000004,-51.40675913158501,reallocate_all
56.0,1883.3333333333335,-61.00000000000005,-51.61005248718435,reallocate_all
56.0,1912.5,-61.00000000000004,-51.81334584278368,reallocate_all
56.0,1941.6666666666667,-61.00000000000004,-52.016639198383025,reallocate_all
56.0,1970.8333333333335,-61.000000000000036,-52.21993255398236,reallocate_all
56.0,2000.0,-61.00000000000004,-52.42322590958169,reallocate_all
58.0,250.0,-63.00000000000002,-40.55217864591987,reallocate_all
58.0,279.1666666666667,-63.00000000000003,-40.891964922370846,reallocate_all
58.0,308.3333333333333,-63.00000000000003,-41.231751198821826,reallocate_all
58.0,337.5,-63.00000000000003,-41.571537475272805,reallocate_all
58.0,366.6666666666667,-63.000000000000036,-41.911323751723785,reallocate_all
58.0,395.83333333333337,-63.000000000000036,-42.25111002817478,reallocate_all
58.0,425.0,-63.00000000000004,-42.55638375987678,reallocate_all
58.0,454.1666666666667,-63.000000000000036,-42.79474567791352,reallocate_all
58.0,483.33333333333337,-63.000000000000036,-43.033107595950256,reallocate_all
58.0,512.5,-63.000000000000036,-43.27146951398699,reallocate_all
58.0,541.6666666666667,-63.000000000000036,-43.50983143202373,reallocate_all
58.0,570.8333333333334,-63.000000000000036,-43.74819335006046,reallocate_all
58.0,600.0,-63.000000000000036,-43.9865552680972,reallocate_all
58.0,629.1666666666667,-63.000000000000036,-44.224917186133936,reallocate_all
58.0,658.3333333333334,-63.000000000000036,-44.463279104170674,reallocate_all
58.0,687.5,-63.000000000000036,-44.70164102220741,reallocate_all
58.0,716.6666666666667,-63.000000000000036,-44.94000294024414,reallocate_all
58.0,745.8333333333334,-63.000000000000036,-45.17836485828088,reallocate_all
58.0,775.0,-63.000000000000036,-45.41672677631762,reallocate_all
58.0,804.1666666666667,-63.000000000000036,-45.655088694354355,reallocate_all
58.0,833.3333333333334,-63.00000000000004,-45.89345061239109,reallocate_all
58.0,862.5,-63.00000000000004,-46.13181253042782,reallocate_all
58.0,891.6666666666667,-63.00000000000004,-46.37017444846457,reallocate_all
58.0,920.8333333333334,-63.00000000000004,-46.6085363665013,reallocate_all
58.0,950.0,-63.000000000000036,-46.84689828453804,reallocate_all
58.0,979.1666666666667,-63.00000000000004,-47.08526020257477,reallocate_all
58.0,1008.3333333333334,-63.00000000000004,-47.32362212061151,reallocate_all
58.0,1037.5,-63.00000000000004,-47.56198403864824,reallocate_all
58.0,1066.6666666666667,-63.00000000000004,-47.80034595668498,reallocate_all
58.0,1095.8333333333335,-63.00000000000004,-48.038707874721716,reallocate_all
58.0,1125.0,-63.000000000000036,-48.277069792758454,reallocate_all
58.0,1154.1666666666667,-63.000000000000036,-48.5154317107952,reallocate_all
58.0,1183.3333333333335,-63.000000000000036,-48.73101195280028,reallocate_all
58.0,1212.5,-63.00000000000004,-48.934305308399615,reallocate_all
58.0,1241.6666666666667,-63.00000000000004,-49.13759866399894,reallocate_all
58.0,1270.8333333333335,-63.00000000000004,-49.340892019598286,reallocate_all
58.0,1300.0,-63.000000000000036,-49.54418537519762,reallocate_all
58.0,1329.1666666666667,-63.00000000000004,-49.747478730796956,reallocate_all
58.0,1358.3333333333335,-63.00000000000004,-49.95077208639629,reallocate_all
58.0,1387.5,-63.00000000000004,-50.15406544199563,reallocate_all
58.0,1416.6666666666667,-63.00000000000004,-50.35735879759496,reallocate_all
58.0,1445.8333333333335,-63.00000000000004,-50.560652153194305,reallocate_all
58.0,1475.0,-63.00000000000004,-50.76394550879364,reallocate_all
58.0,1504.1666666666667,-63.000000000000036,-50.96723886439297,reallocate_all
58.0,1533.3333333333335,-63.00000000000004,-51.17053221999231,reallocate_all
58.0,1562.5,-63.00000000000004,-51.37382557559165,reallocate_all
58.0,1591.6666666666667,-63.00000000000004,-51.57711893119098,reallocate_all
58.0,1620.8333333333335,-63.00000000000004,-51.78041228679032,reallocate_all
58.0,1650.0,-63.00000000000004,-51.98370564238966,reallocate_all
58.0,1679.1666666666667,-63.00000000000004,-52.186998997988994,reallocate_all
58.0,1708.3333333333335,-63.00000000000004,-52.39029235358833,reallocate_all
58.0,1737.5,-63.00000000000004,-52.593585709187664,reallocate_all
58.0,1766.6666666666667,-63.00000000000004,-52.79687906478701,reallocate_all
58.0,1795.8333333333335,-63.00000000000004,-53.000172420386335,reallocate_all
58.0,1825.0,-63.00000000000004,-53.20346577598568,reallocate_all
58.0,1854.1666666666667,-63.00000000000004,-53.40675913158501,reallocate_all
58.0,1883.3333333333335,-63.00000000000005,-53.61005248718435,reallocate_all
58.0,1912.5,-63.00000000000004,-53.81334584278368,reallocate_all
58.0,1941.6666666666667,-63.00000000000004,-54.016639198383025,reallocate_all
58.0,1970.8333333333335,-63.000000000000036,-54.21993255398236,reallocate_all
58.0,2000.0,-63.00000000000004,-54.42322590958169,reallocate_all
60.0,250.0,-65.00000000000003,-42.55217864591987,reallocate_all
60.0,279.1666666666667,-65.00000000000003,-42.891964922370846,reallocate_all
60.0,308.3333333333333,-65.00000000000003,-43.231751198821826,reallocate_all
60.0,337.5,-65.00000000000003,-43.571537475272805,reallocate_all
60.0,366.6666666666667,-65.00000000000003,-43.911323751723785,reallocate_all
60.0,395.83333333333337,-65.00000000000003,-44.25111002817478,reallocate_all
60.0,425.0,-65.00000000000004,-44.55638375987678,reallocate_all
60.0,454.1666666666667,-65.00000000000003,-44.79474567791352,reallocate_all
60.0,483.33333333333337,-65.00000000000003,-45.033107595950256,reallocate_all
60.0,512.5,-65.00000000000003,-45.27146951398699,reallocate_all
60.0,541.6666666666667,-65.00000000000003,-45.50983143202373,reallocate_all
60.0,570.8333333333334,-65.00000000000003,-45.74819335006046,reallocate_all
60.0,600.0,-65.00000000000003,-45.9865552680972,reallocate_all
60.0,629.1666666666667,-65.00000000000003,-46.224917186133936,reallocate_all
60.0,658.3333333333334,-65.00000000000003,-46.463279104170674,reallocate_all
60.0,687.5,-65.00000000000003,-46.70164102220741,reallocate_all
60.0,716.6666666666667,-65.00000000000003,-46.94000294024414,reallocate_all
60.0,745.8333333333334,-65.00000000000003,-47.17836485828088,reallocate_all
60.0,775.0,-65.00000000000003,-47.41672677631762,reallocate_all
60.0,804.1666666666667,-65.00000000000003,-47.655088694354355,reallocate_all
60.0,833.3333333333334,-65.00000000000004,-47.89345061239109,reallocate_all
60.0,862.5,-65.00000000000004,-48.13181253042782,reallocate_all
60.0,891.6666666666667,-65.00000000000004,-48.37017444846457,reallocate_all
60.0,920.8333333333334,-65.00000000000004,-48.6085363665013,reallocate_all
60.0,950.0,-65.00000000000003,-48.84689828453804,reallocate_all
60.0,979.1666666666667,-65.00000000000004,-49.08526020257477,reallocate_all
60.0,1008.3333333333334,-65.00000000000004,-49.32362212061151,reallocate_all
60.0,1037.5,-65.00000000000004,-49.56198403864824,reallocate_all
60.0,1066.6666666666667,-65.00000000000004,-49.80034595668498,reallocate_all
60.0,1095.8333333333335,-65.00000000000004,-50.038707874721716,reallocate_all
60.0,1125.0,-65.00000000000003,-50.277069792758454,reallocate_all
60.0,1154.1666666666667,-65.00000000000003,-50.5154317107952,reallocate_all
60.0,1183.3333333333335,-65.00000000000003,-50.73101195280028,reallocate_all
60.0,1212.5,-65.00000000000004,-50.934305308399615,reallocate_all
60.0,1241.6666666666667,-65.00000000000004,-51.13759866399894,reallocate_all
60.0,1270.8333333333335,-65.00000000000004,-51.340892019598286,reallocate_all
60.0,1300.0,-65.00000000000003,-51.54418537519762,reallocate_all
60.0,1329.1666666666667,-65.00000000000004,-51.747478730796956,reallocate_all
60.0,1358.3333333333335,-65.00000000000004,-51.95077208639629,reallocate_all
60.0,1387.5,-65.00000000000004,-52.15406544199563,reallocate_all
60.0,1416.6666666666667,-65.00000000000004,-52.35735879759496,reallocate_all
60.0,1445.8333333333335,-65.00000000000004,-52.560652153194305,reallocate_all
60.0,1475.0,-65.00000000000004,-52.76394550879364,reallocate_all
60.0,1504.1666666666667,-65.00000000000003,-52.96723886439297,reallocate_all
60.0,1533.3333333333335,-65.00000000000004,-53.17053221999231,reallocate_all
60.0,1562.5,-65.00000000000004,-53.37382557559165,reallocate_all
60.0,1591.6666666666667,-65.00000000000004,-53.57711893119098,reallocate_all
60.0,1620.8333333333335,-65.00000000000004,-53.78041228679032,reallocate_all
60.0,1650.0,-65.00000000000004,-53.98370564238966,reallocate_all
60.0,1679.1666666666667,-65.00000000000004,-54.186998997988994,reallocate_all
60.0,1708.3333333333335,-65.00000000000004,-54.39029235358833,reallocate_all
60.0,1737.5,-65.00000000000004,-54.593585709187664,reallocate_all
60.0,1766.6666666666667,-65.00000000000004,-54.79687906478701,reallocate_all
60.0,1795.8333333333335,-65.00000000000004,-55.000172420386335,reallocate_all
60.0,1825.0,-65.00000000000004,-55.20346577598568,reallocate_all
60.0,1854.1666666666667,-65.00000000000004,-55.40675913158501,reallocate_all
60.0,1883.3333333333335,-65.00000000000006,-55.61005248718435,reallocate_all
60.0,1912.5,-65.00000000000004,-55.81334584278368,reallocate_all
60.0,1941.6666666666667,-65.00000000000004,-56.016639198383025,reallocate_all
60.0,1970.8333333333335,-65.00000000000003,-56.21993255398236,reallocate_all
60.0,2000.0,-65.00000000000004,-56.42322590958169,reallocate_all
62.0,250.0,-67.00000000000003,-44.55217864591987,reallocate_all
62.0,279.1666666666667,-67.00000000000003,-44.891964922370846,reallocate_all
62.0,308.3333333333333,-67.00000000000003,-45.231751198821826,reallocate_all
62.0,337.5,-67.00000000000003,-45.571537475272805,reallocate_all
62.0,366.6666666666667,-67.00000000000003,-45.911323751723785,reallocate_all
62.0,395.83333333333337,-67.00000000000003,-46.25111002817478,reallocate_all
62.0,425.0,-67.00000000000004,-46.55638375987678,reallocate_all
62.0,454.1666666666667,-67.00000000000003,-46.79474567791352,reallocate_all
62.0,483.33333333333337,-67.00000000000003,-47.033107595950256,reallocate_all
62.0,512.5,-67.00000000000003,-47.27146951398699,reallocate_all
62.0,541.6666666666667,-67.00000000000003,-47.50983143202373,reallocate_all
62.0,570.8333333333334,-67.00000000000003,-47.74819335006046,reallocate_all
62.0,600.0,-67.00000000000003,-47.9865552680972,reallocate_all
62.0,629.1666666666667,-67.00000000000003,-48.224917186133936,reallocate_all
62.0,658.3333333333334,-67.00000000000003,-48.463279104170674,reallocate_all
62.0,687.5,-67.00000000000003,-48.70164102220741,reallocate_all
62.0,716.6666666666667,-67.00000000000003,-48.94000294024414,reallocate_all
62.0,745.8333333333334,-67.00000000000003,-49.17836485828088,reallocate_all
62.0,775.0,-67.00000000000003,-49.41672677631762,reallocate_all
62.0,804.1666666666667,-67.00000000000003,-49.655088694354355,reallocate_all
62.0,833.3333333333334,-67.00000000000004,-49.89345061239109,reallocate_all
62.0,862.5,-67.00000000000004,-50.13181253042782,reallocate_all
62.0,891.6666666666667,-67.00000000000004,-50.37017444846457,reallocate_all
62.0,920.8333333333334,-67.00000000000004,-50.6085363665013,reallocate_all
62.0,950.0,-67.00000000000003,-50.84689828453804,reallocate_all
62.0,979.1666666666667,-67.00000000000004,-51.08526020257477,reallocate_all
62.0,1008.3333333333334,-67.00000000000004,-51.32362212061151,reallocate_all
62.0,1037.5,-67.00000000000004,-51.56198403864824,reallocate_all
62.0,1066.6666666666667,-67.00000000000004,-51.80034595668498,reallocate_all
62.0,1095.8333333333335,-67.00000000000004,-52.038707874721716,reallocate_all
62.0,1125.0,-67.00000000000003,-52.277069792758454,reallocate_all
62.0,1154.1666666666667,-67.00000000000003,-52.5154317107952,reallocate_all
62.0,1183.3333333333335,-67.00000000000003,-52.73101195280028,reallocate_all
62.0,1212.5,-67.00000000000004,-52.934305308399615,reallocate_all
62.0,1241.6666666666667,-67.00000000000004,-53.13759866399894,reallocate_all
62.0,1270.8333333333335,-67.00000000000004,-53.340892019598286,reallocate_all
62.0,1300.0,-67.00000000000003,-53.54418537519762,reallocate_all
62.0,1329.1666666666667,-67.00000000000004,-53.747478730796956,reallocate_all
62.0,1358.3333333333335,-67.00000000000004,-53.95077208639629,reallocate_all
62.0,1387.5,-67.00000000000004,-54.15406544199563,reallocate_all
62.0,1416.6666666666667,-67.00000000000004,-54.35735879759496,reallocate_all
62.0,1445.8333333333335,-67.00000000000004,-54.560652153194305,reallocate_all
62.0,1475.0,-67.00000000000004,-54.76394550879364,reallocate_all
62.0,1504.1666666666667,-67.00000000000003,-54.96723886439297,reallocate_all
62.0,1533.3333333333335,-67.00000000000004,-55.17053221999231,reallocate_all
62.0,1562.5,-67.00000000000004,-55.37382557559165,reallocate_all
62.0,1591.6666666666667,-67.00000000000004,-55.57711893119098,reallocate_all
62.0,1620.8333333333335,-67.00000000000004,-55.78041228679032,reallocate_all
62.0,1650.0,-67.00000000000004,-55.98370564238966,reallocate_all
62.0,1679.1666666666667,-67.00000000000004,-56.186998997988994,reallocate_all
62.0,1708.3333333333335,-67.00000000000004,-56.39029235358833,reallocate_all
62.0,1737.5,-67.00000000000004,-56.593585709187664,reallocate_all
62.0,1766.6666666666667,-67.00000000000004,-56.79687906478701,reallocate_all
62.0,1795.8333333333335,-67.00000000000004,-57.000172420386335,reallocate_all
62.0,1825.0,-67.00000000000004,-57.20346577598568,reallocate_all
62.0,1854.1666666666667,-67.00000000000004,-57.40675913158501,reallocate_all
62.0,1883.3333333333335,-67.00000000000006,-57.61005248718435,reallocate_all
62.0,1912.5,-67.00000000000004,-57.81334584278368,reallocate_all
62.0,1941.6666666666667,-67.00000000000004,-58.016639198383025,reallocate_all
62.0,1970.8333333333335,-67.00000000000003,-58.21993255398236,reallocate_all
62.0,2000.0,-67.00000000000004,-58.42322590958169,reallocate_all
64.0,250.0,-69.00000000000003,-46.55217864591987,reallocate_all
64.0,279.1666666666667,-69.00000000000003,-46.891964922370846,reallocate_all
64.0,308.3333333333333,-69.00000000000003,-47.231751198821826,reallocate_all
64.0,337.5,-69.00000000000003,-47.571537475272805,reallocate_all
64.0,366.6666666666667,-69.00000000000003,-47.911323751723785,reallocate_all
64.0,395.83333333333337,-69.00000000000003,-48.25111002817478,reallocate_all
64.0,425.0,-69.00000000000004,-48.55638375987678,reallocate_all
64.0,454.1666666666667,-69.00000000000003,-48.79474567791352,reallocate_all
64.0,483.33333333333337,-69.00000000000003,-49.033107595950256,reallocate_all
64.0,512.5,-69.00000000000003,-49.27146951398699,reallocate_all
64.0,541.6666666666667,-69.00000000000003,-49.50983143202373,reallocate_all
64.0,570.8333333333334,-69.00000000000003,-49.74819335006046,reallocate_all
64.0,600.0,-69.00000000000003,-49.9865552680972,reallocate_all
64.0,629.1666666666667,-69.00000000000003,-50.224917186133936,reallocate_all
64.0,658.3333333333334,-69.00000000000003,-50.463279104170674,reallocate_all
64.0,687.5,-69.00000000000003,-50.70164102220741,reallocate_all
64.0,716.6666666666667,-69.00000000000003,-50.94000294024414,reallocate_all
64.0,745.8333333333334,-69.00000000000003,-51.17836485828088,reallocate_all
64.0,775.0,-69.00000000000003,-51.41672677631762,reallocate_all
64.0,804.1666666666667,-69.00000000000003,-51.655088694354355,reallocate_all
64.0,833.3333333333334,-69.00000000000004,-51.89345061239109,reallocate_all
64.0,862.5,-69.00000000000004,-52.13181253042782,reallocate_all
64.0,891.6666666666667,-69.00000000000004,-52.37017444846457,reallocate_all
64.0,920.8333333333334,-69.00000000000004,-52.6085363665013,reallocate_all
64.0,950.0,-69.00000000000003,-52.84689828453804,reallocate_all
64.0,979.1666666666667,-69.00000000000004,-53.08526020257477,reallocate_all
64.0,1008.3333333333334,-69.00000000000004,-53.32362212061151,reallocate_all
64.0,1037.5,-69.00000000000004,-53.56198403864824,reallocate_all
64.0,1066.6666666666667,-69.00000000000004,-53.80034595668498,reallocate_all
64.0,1095.8333333333335,-69.00000000000004,-54.038707874721716,reallocate_all
64.0,1125.0,-69.00000000000003,-54.277069792758454,reallocate_all
64.0,1154.1666666666667,-69.00000000000003,-54.5154317107952,reallocate_all
64.0,1183.3333333333335,-69.00000000000003,-54.73101195280028,reallocate_all
64.0,1212.5,-69.00000000000004,-54.934305308399615,reallocate_all
64.0,1241.6666666666667,-69.00000000000004,-55.13759866399894,reallocate_all
64.0,1270.8333333333335,-69.00000000000004,-55.340892019598286,reallocate_all
64.0,1300.0,-69.00000000000003,-55.54418537519762,reallocate_all
64.0,1329.1666666666667,-69.00000000000004,-55.747478730796956,reallocate_all
64.0,1358.3333333333335,-69.00000000000004,-55.95077208639629,reallocate_all
64.0,1387.5,-69.00000000000004,-56.15406544199563,reallocate_all
64.0,1416.6666666666667,-69.00000000000004,-56.35735879759496,reallocate_all
64.0,1445.8333333333335,-69.00000000000004,-56.560652153194305,reallocate_all
64.0,1475.0,-69.00000000000004,-56.76394550879364,reallocate_all
64.0,1504.1666666666667,-69.00000000000003,-56.96723886439297,reallocate_all
64.0,1533.3333333333335,-69.00000000000004,-57.17053221999231,reallocate_all
64.0,1562.5,-69.00000000000004,-57.37382557559165,reallocate_all
64.0,1591.6666666666667,-69.00000000000004,-57.57711893119098,reallocate_all
64.0,1620.8333333333335,-69.00000000000004,-57.78041228679032,reallocate_all
64.0,1650.0,-69.00000000000004,-57.98370564238966,reallocate_all
64.0,1679.1666666666667,-69.00000000000004,-58.186998997988994,reallocate_all
64.0,1708.3333333333335,-69.00000000000004,-58.39029235358833,reallocate_all
64.0,1737.5,-69.00000000000004,-58.593585709187664,reallocate_all
64.0,1766.6666666666667,-69.00000000000004,-58.79687906478701,reallocate_all
64.0,1795.8333333333335,-69.00000000000004,-59.000172420386335,reallocate_all
64.0,1825.0,-69.00000000000004,-59.20346577598568,reallocate_all
64.0,1854.1666666666667,-69.00000000000004,-59.40675913158501,reallocate_all
64.0,1883.3333333333335,-69.00000000000006,-59.61005248718435,reallocate_all
64.0,1912.5,-69.00000000000004,-59.81334584278368,reallocate_all
64.0,1941.6666666666667,-69.00000000000004,-60.016639198383025,reallocate_all
64.0,1970.8333333333335,-69.00000000000003,-60.21993255398236,reallocate_all
64.0,2000.0,-69.00000000000004,-60.42322590958169,reallocate_all
66.0,250.0,-71.00000000000003,-48.55217864591987,reallocate_all
66.0,279.1666666666667,-71.00000000000003,-48.891964922370846,reallocate_all
66.0,308.3333333333333,-71.00000000000003,-49.231751198821826,reallocate_all
66.0,337.5,-71.00000000000003,-49.571537475272805,reallocate_all
66.0,366.6666666666667,-71.00000000000003,-49.911323751723785,reallocate_all
66.0,395.83333333333337,-71.00000000000003,-50.25111002817478,reallocate_all
66.0,425.0,-71.00000000000004,-50.55638375987678,reallocate_all
66.0,454.1666666666667,-71.00000000000003,-50.79474567791352,reallocate_all
66.0,483.33333333333337,-71.00000000000003,-51.033107595950256,reallocate_all
66.0,512.5,-71.00000000000003,-51.27146951398699,reallocate_all
66.0,541.6666666666667,-71.00000000000003,-51.50983143202373,reallocate_all
66.0,570.8333333333334,-71.00000000000003,-51.74819335006046,reallocate_all
66.0,600.0,-71.00000000000003,-51.9865552680972,reallocate_all
66.0,629.1666666666667,-71.00000000000003,-52.224917186133936,reallocate_all
66.0,658.3333333333334,-71.00000000000003,-52.463279104170674,reallocate_all
66.0,687.5,-71.00000000000003,-52.70164102220741,reallocate_all
66.0,716.6666666666667,-71.00000000000003,-52.94000294024414,reallocate_all
66.0,745.8333333333334,-71.00000000000003,-53.17836485828088,reallocate_all
66.0,775.0,-71.00000000000003,-53.41672677631762,reallocate_all
66.0,804.1666666666667,-71.00000000000003,-53.655088694354355,reallocate_all
66.0,833.3333333333334,-71.00000000000004,-53.89345061239109,reallocate_all
66.0,862.5,-71.00000000000004,-54.13181253042782,reallocate_all
66.0,891.6666666666667,-71.00000000000004,-54.37017444846457,reallocate_all
66.0,920.8333333333334,-71.00000000000004,-54.6085363665013,reallocate_all
66.0,950.0,-71.00000000000003,-54.84689828453804,reallocate_all
66.0,979.1666666666667,-71.00000000000004,-55.08526020257477,reallocate_all
66.0,1008.3333333333334,-71.00000000000004,-55.32362212061151,reallocate_all
66.0,1037.5,-71.00000000000004,-55.56198403864824,reallocate_all
66.0,1066.6666666666667,-71.00000000000004,-55.80034595668498,reallocate_all
66.0,1095.8333333333335,-71.00000000000004,-56.038707874721716,reallocate_all
66.0,1125.0,-71.00000000000003,-56.277069792758454,reallocate_all
66.0,1154.1666666666667,-71.00000000000003,-56.5154317107952,reallocate_all
66.0,1183.3333333333335,-71.00000000000003,-56.73101195280028,reallocate_all
66.0,1212.5,-71.00000000000004,-56.934305308399615,reallocate_all
66.0,1241.6666666666667,-71.00000000000004,-57.13759866399894,reallocate_all
66.0,1270.8333333333335,-71.00000000000004,-57.340892019598286,reallocate_all
66.0,1300.0,-71.00000000000003,-57.54418537519762,reallocate_all
66.0,1329.1666666666667,-71.00000000000004,-57.747478730796956,reallocate_all
66.0,1358.3333333333335,-71.00000000000004,-57.95077208639629,reallocate_all
66.0,1387.5,-71.00000000000004,-58.15406544199563,reallocate_all
66.0,1416.6666666666667,-71.00000000000004,-58.35735879759496,reallocate_all
66.0,1445.8333333333335,-71.00000000000004,-58.560652153194305,reallocate_all
66.0,1475.0,-71.00000000000004,-58.76394550879364,reallocate_all
66.0,1504.1666666666667,-71.00000000000003,-58.96723886439297,reallocate_all
66.0,1533.3333333333335,-71.00000000000004,-59.17053221999231,reallocate_all
66.0,1562.5,-71.00000000000004,-59.37382557559165,reallocate_all
66.0,1591.6666666666667,-71.00000000000004,-59.57711893119098,reallocate_all
66.0,1620.8333333333335,-71.00000000000004,-59.78041228679032,reallocate_all
66.0,1650.0,-71.00000000000004,-59.98370564238966,reallocate_all
66.0,1679.1666666666667,-71.00000000000004,-60.186998997988994,reallocate_all
66.0,1708.3333333333335,-71.00000000000004,-60.39029235358833,reallocate_all
66.0,1737.5,-71.00000000000004,-60.593585709187664,reallocate_all
66.0,1766.6666666666667,-71.00000000000004,-60.79687906478701,reallocate_all
66.0,1795.8333333333335,-71.00000000000004,-61.000172420386335,reallocate_all
66.0,1825.0,-71.00000000000004,-61.20346577598568,reallocate_all
66.0,1854.1666666666667,-71.00000000000004,-61.40675913158501,reallocate_all
66.0,1883.3333333333335,-71.00000000000006,-61.61005248718435,reallocate_all
66.0,1912.5,-71.00000000000004,-61.81334584278368,reallocate_all
66.0,1941.6666666666667,-71.00000000000004,-62.016639198383025,reallocate_all
66.0,1970.8333333333335,-71.00000000000003,-62.21993255398236,reallocate_all
66.0,2000.0,-71.00000000000004,-62.42322590958169,reallocate_all
68.0,250.0,-73.00000000000003,-50.55217864591987,reallocate_all
68.0,279.1666666666667,-73.00000000000003,-50.891964922370846,reallocate_all
68.0,308.3333333333333,-73.00000000000003,-51.231751198821826,reallocate_all
68.0,337.5,-73.00000000000003,-51.571537475272805,reallocate_all
68.0,366.6666666666667,-73.00000000000003,-51.911323751723785,reallocate_all
68.0,395.83333333333337,-73.00000000000003,-52.25111002817478,reallocate_all
68.0,425.0,-73.00000000000004,-52.55638375987678,reallocate_all
68.0,454.1666666666667,-73.00000000000003,-52.79474567791352,reallocate_all
68.0,483.33333333333337,-73.00000000000003,-53.033107595950256,reallocate_all
68.0,512.5,-73.00000000000003,-53.27146951398699,reallocate_all
68.0,541.6666666666667,-73.00000000000003,-53.50983143202373,reallocate_all
68.0,570.8333333333334,-73.00000000000003,-53.74819335006046,reallocate_all
68.0,600.0,-73.00000000000003,-53.9865552680972,reallocate_all
68.0,629.1666666666667,-73.00000000000003,-54.224917186133936,reallocate_all
68.0,658.3333333333334,-73.00000000000003,-54.463279104170674,reallocate_all
68.0,687.5,-73.00000000000003,-54.70164102220741,reallocate_all
68.0,716.6666666666667,-73.00000000000003,-54.94000294024414,reallocate_all
68.0,745.8333333333334,-73.00000000000003,-55.17836485828088,reallocate_all
68.0,775.0,-73.00000000000003,-55.41672677631762,reallocate_all
68.0,804.1666666666667,-73.00000000000003,-55.655088694354355,reallocate_all
68.0,833.3333333333334,-73.00000000000004,-55.89345061239109,reallocate_all
68.0,862.5,-73.00000000000004,-56.13181253042782,reallocate_all
68.0,891.6666666666667,-73.00000000000004,-56.37017444846457,reallocate_all
68.0,920.8333333333334,-73.00000000000004,-56.6085363665013,reallocate_all
68.0,950.0,-73.00000000000003,-56.84689828453804,reallocate_all
68.0,979.1666666666667,-73.00000000000004,-57.08526020257477,reallocate_all
68.0,1008.3333333333334,-73.00000000000004,-57.32362212061151,reallocate_all
68.0,1037.5,-73.00000000000004,-57.56198403864824,reallocate_all
68.0,1066.6666666666667,-73.00000000000004,-57.80034595668498,reallocate_all
68.0,1095.8333333333335,-73.00000000000004,-58.038707874721716,reallocate_all
68.0,1125.0,-73.00000000000003,-58.277069792758454,reallocate_all
68.0,1154.1666666666667,-73.00000000000003,-58.5154317107952,reallocate_all
68.0,1183.3333333333335,-73.00000000000003,-58.73101195280028,reallocate_all
68.0,1212.5,-73.00000000000004,-58.934305308399615,reallocate_all
68.0,1241.6666666666667,-73.00000000000004,-59.13759866399894,reallocate_all
68.0,1270.8333333333335,-73.00000000000004,-59.340892019598286,reallocate_all
68.0,1300.0,-73.00000000000003,-59.54418537519762,reallocate_all
68.0,1329.1666666666667,-73.00000000000004,-59.747478730796956,reallocate_all
68.0,1358.3333333333335,-73.00000000000004,-59.95077208639629,reallocate_all
68.0,1387.5,-73.00000000000004,-60.15406544199563,reallocate_all
68.0,1416.6666666666667,-73.00000000000004,-60.35735879759496,reallocate_all
68.0,1445.8333333333335,-73.00000000000004,-60.560652153194305,reallocate_all
68.0,1475.0,-73.00000000000004,-60.76394550879364,reallocate_all
68.0,1504.1666666666667,-73.00000000000003,-60.96723886439297,reallocate_all
68.0,1533.3333333333335,-73.00000000000004,-61.17053221999231,reallocate_all
68.0,1562.5,-73.00000000000004,-61.37382557559165,reallocate_all
68.0,1591.6666666666667,-73.00000000000004,-61.57711893119098,reallocate_all
68.0,1620.8333333333335,-73.00000000000004,-61.78041228679032,reallocate_all
68.0,1650.0,-73.00000000000004,-61.98370564238966,reallocate_all
68.0,1679.1666666666667,-73.00000000000004,-62.186998997988994,reallocate_all
68.0,1708.3333333333335,-73.00000000000004,-62.39029235358833,reallocate_all
68.0,1737.5,-73.00000000000004,-62.593585709187664,reallocate_all
68.0,1766.6666666666667,-73.00000000000004,-62.79687906478701,reallocate_all
68.0,1795.8333333333335,-73.00000000000004,-63.000172420386335,reallocate_all
68.0,1825.0,-73.00000000000004,-63.20346577598568,reallocate_all
68.0,1854.1666666666667,-73.00000000000004,-63.40675913158501,reallocate_all
68.0,1883.3333333333335,-73.00000000000006,-63.61005248718435,reallocate_all
68.0,1912.5,-73.00000000000004,-63.81334584278368,reallocate_all
68.0,1941.6666666666667,-73.00000000000004,-64.01663919838302,reallocate_all
68.0,1970.8333333333335,-73.00000000000003,-64.21993255398236,reallocate_all
68.0,2000.0,-73.00000000000004,-64.42322590958169,reallocate_all
70.0,250.0,-75.00000000000003,-52.55217864591987,reallocate_all
70.0,279.1666666666667,-75.00000000000003,-52.891964922370846,reallocate_all
70.0,308.3333333333333,-75.00000000000003,-53.231751198821826,reallocate_all
70.0,337.5,-75.00000000000003,-53.571537475272805,reallocate_all
70.0,366.6666666666667,-75.00000000000003,-53.911323751723785,reallocate_all
70.0,395.83333333333337,-75.00000000000003,-54.25111002817478,reallocate_all
70.0,425.0,-75.00000000000004,-54.55638375987678,reallocate_all
70.0,454.1666666666667,-75.00000000000003,-54.79474567791352,reallocate_all
70.0,483.33333333333337,-75.00000000000003,-55.033107595950256,reallocate_all
70.0,512.5,-75.00000000000003,-55.27146951398699,reallocate_all
70.0,541.6666666666667,-75.00000000000003,-55.50983143202373,reallocate_all
70.0,570.8333333333334,-75.00000000000003,-55.74819335006046,reallocate_all
70.0,600.0,-75.00000000000003,-55.9865552680972,reallocate_all
70.0,629.1666666666667,-75.00000000000003,-56.224917186133936,reallocate_all
70.0,658.3333333333334,-75.00000000000003,-56.463279104170674,reallocate_all
70.0,687.5,-75.00000000000003,-56.70164102220741,reallocate_all
70.0,716.6666666666667,-75.00000000000003,-56.94000294024414,reallocate_all
70.0,745.8333333333334,-75.00000000000003,-57.17836485828088,reallocate_all
70.0,775.0,-75.00000000000003,-57.41672677631762,reallocate_all
70.0,804.1666666666667,-75.00000000000003,-57.655088694354355,reallocate_all
70.0,833.3333333333334,-75.00000000000004,-57.89345061239109,reallocate_all
70.0,862.5,-75.00000000000004,-58.13181253042782,reallocate_all
70.0,891.6666666666667,-75.00000000000004,-58.37017444846457,reallocate_all
70.0,920.8333333333334,-75.00000000000004,-58.6085363665013,reallocate_all
70.0,950.0,-75.00000000000003,-58.84689828453804,reallocate_all
70.0,979.1666666666667,-75.00000000000004,-59.08526020257477,reallocate_all
70.0,1008.3333333333334,-75.00000000000004,-59.32362212061151,reallocate_all
70.0,1037.5,-75.00000000000004,-59.56198403864824,reallocate_all
70.0,1066.6666666666667,-75.00000000000004,-59.80034595668498,reallocate_all
70.0,1095.8333333333335,-75.00000000000004,-60.038707874721716,reallocate_all
70.0,1125.0,-75.00000000000003,-60.277069792758454,reallocate_all
70.0,1154.1666666666667,-75.00000000000003,-60.5154317107952,reallocate_all
70.0,1183.3333333333335,-75.00000000000003,-60.73101195280028,reallocate_all
70.0,1212.5,-75.00000000000004,-60.934305308399615,reallocate_all
70.0,1241.6666666666667,-75.00000000000004,-61.13759866399894,reallocate_all
70.0,1270.8333333333335,-75.00000000000004,-61.340892019598286,reallocate_all
70.0,1300.0,-75.00000000000003,-61.54418537519762,reallocate_all
70.0,1329.1666666666667,-75.00000000000004,-61.747478730796956,reallocate_all
70.0,1358.3333333333335,-75.00000000000004,-61.95077208639629,reallocate_all
70.0,1387.5,-75.00000000000004,-62.15406544199563,reallocate_all
70.0,1416.6666666666667,-75.00000000000004,-62.35735879759496,reallocate_all
70.0,1445.8333333333335,-75.00000000000004,-62.560652153194305,reallocate_all
70.0,1475.0,-75.00000000000004,-62.76394550879364,reallocate_all
70.0,1504.1666666666667,-75.00000000000003,-62.96723886439297,reallocate_all
70.0,1533.3333333333335,-75.00000000000004,-63.17053221999231,reallocate_all
70.0,1562.5,-75.00000000000004,-63.37382557559165,reallocate_all
70.0,1591.6666666666667,-75.00000000000004,-63.57711893119098,reallocate_all
70.0,1620.8333333333335,-75.00000000000004,-63.78041228679032,reallocate_all
70.0,1650.0,-75.00000000000004,-63.98370564238966,reallocate_all
70.0,1679.1666666666667,-75.00000000000004,-64.186998997989,reallocate_all
70.0,1708.3333333333335,-75.00000000000004,-64.39029235358834,reallocate_all
70.0,1737.5,-75.00000000000004,-64.59358570918766,reallocate_all
70.0,1766.6666666666667,-75.00000000000004,-64.796879064787,reallocate_all
70.0,1795.8333333333335,-75.00000000000004,-65.00017242038633,reallocate_all
70.0,1825.0,-75.00000000000004,-65.20346577598568,reallocate_all
70.0,1854.1666666666667,-75.00000000000004,-65.406759131585,reallocate_all
70.0,1883.3333333333335,-75.00000000000006,-65.61005248718435,reallocate_all
70.0,1912.5,-75.00000000000004,-65.81334584278369,reallocate_all
70.0,1941.6666666666667,-75.00000000000004,-66.01663919838302,reallocate_all
70.0,1970.8333333333335,-75.00000000000003,-66.21993255398236,reallocate_all
70.0,2000.0,-75.00000000000004,-66.42322590958169,reallocate_all
72.0,250.0,-77.00000000000003,-54.55217864591987,reallocate_all
72.0,279.1666666666667,-77.00000000000003,-54.891964922370846,reallocate_all
72.0,308.3333333333333,-77.00000000000003,-55.231751198821826,reallocate_all
72.0,337.5,-77.00000000000003,-55.571537475272805,reallocate_all
72.0,366.6666666666667,-77.00000000000003,-55.911323751723785,reallocate_all
72.0,395.83333333333337,-77.00000000000003,-56.25111002817478,reallocate_all
72.0,425.0,-77.00000000000004,-56.55638375987678,reallocate_all
72.0,454.1666666666667,-77.00000000000003,-56.79474567791352,reallocate_all
72.0,483.33333333333337,-77.00000000000003,-57.033107595950256,reallocate_all
72.0,512.5,-77.00000000000003,-57.27146951398699,reallocate_all
72.0,541.6666666666667,-77.00000000000003,-57.50983143202373,reallocate_all
72.0,570.8333333333334,-77.00000000000003,-57.74819335006046,reallocate_all
72.0,600.0,-77.00000000000003,-57.9865552680972,reallocate_all
72.0,629.1666666666667,-77.00000000000003,-58.224917186133936,reallocate_all
72.0,658.3333333333334,-77.00000000000003,-58.463279104170674,reallocate_all
72.0,687.5,-77.00000000000003,-58.70164102220741,reallocate_all
72.0,716.6666666666667,-77.00000000000003,-58.94000294024414,reallocate_all
72.0,745.8333333333334,-77.00000000000003,-59.17836485828088,reallocate_all
72.0,775.0,-77.00000000000003,-59.41672677631762,reallocate_all
72.0,804.1666666666667,-77.00000000000003,-59.655088694354355,reallocate_all
72.0,833.3333333333334,-77.00000000000004,-59.89345061239109,reallocate_all
72.0,862.5,-77.00000000000004,-60.13181253042782,reallocate_all
72.0,891.6666666666667,-77.00000000000004,-60.37017444846457,reallocate_all
72.0,920.8333333333334,-77.00000000000004,-60.6085363665013,reallocate_all
72.0,950.0,-77.00000000000003,-60.84689828453804,reallocate_all
72.0,979.1666666666667,-77.00000000000004,-61.08526020257477,reallocate_all
72.0,1008.3333333333334,-77.00000000000004,-61.32362212061151,reallocate_all
72.0,1037.5,-77.00000000000004,-61.56198403864824,reallocate_all
72.0,1066.6666666666667,-77.00000000000004,-61.80034595668498,reallocate_all
72.0,1095.8333333333335,-77.00000000000004,-62.038707874721716,reallocate_all
72.0,1125.0,-77.00000000000003,-62.277069792758454,reallocate_all
72.0,1154.1666666666667,-77.00000000000003,-62.5154317107952,reallocate_all
72.0,1183.3333333333335,-77.00000000000003,-62.73101195280028,reallocate_all
72.0,1212.5,-77.00000000000004,-62.934305308399615,reallocate_all
72.0,1241.6666666666667,-77.00000000000004,-63.13759866399894,reallocate_all
72.0,1270.8333333333335,-77.00000000000004,-63.340892019598286,reallocate_all
72.0,1300.0,-77.00000000000003,-63.54418537519762,reallocate_all
72.0,1329.1666666666667,-77.00000000000004,-63.747478730796956,reallocate_all
72.0,1358.3333333333335,-77.00000000000004,-63.95077208639629,reallocate_all
72.0,1387.5,-77.00000000000004,-64.15406544199563,reallocate_all
72.0,1416.6666666666667,-77.00000000000004,-64.35735879759497,reallocate_all
72.0,1445.8333333333335,-77.00000000000004,-64.5606521531943,reallocate_all
72.0,1475.0,-77.00000000000004,-64.76394550879364,reallocate_all
72.0,1504.1666666666667,-77.00000000000003,-64.96723886439297,reallocate_all
72.0,1533.3333333333335,-77.00000000000004,-65.17053221999231,reallocate_all
72.0,1562.5,-77.00000000000004,-65.37382557559165,reallocate_all
72.0,1591.6666666666667,-77.00000000000004,-65.57711893119098,reallocate_all
72.0,1620.8333333333335,-77.00000000000004,-65.78041228679032,reallocate_all
72.0,1650.0,-77.00000000000004,-65.98370564238965,reallocate_all
72.0,1679.1666666666667,-77.00000000000004,-66.186998997989,reallocate_all
72.0,1708.3333333333335,-77.00000000000004,-66.39029235358834,reallocate_all
72.0,1737.5,-77.00000000000004,-66.59358570918766,reallocate_all
72.0,1766.6666666666667,-77.00000000000004,-66.796879064787,reallocate_all
72.0,1795.8333333333335,-77.00000000000004,-67.00017242038633,reallocate_all
72.0,1825.0,-77.00000000000004,-67.20346577598568,reallocate_all
72.0,1854.1666666666667,-77.00000000000004,-67.406759131585,reallocate_all
72.0,1883.3333333333335,-77.00000000000006,-67.61005248718435,reallocate_all
72.0,1912.5,-77.00000000000004,-67.81334584278369,reallocate_all
72.0,1941.6666666666667,-77.00000000000004,-68.01663919838302,reallocate_all
72.0,1970.8333333333335,-77.00000000000003,-68.21993255398236,reallocate_all
72.0,2000.0,-77.00000000000004,-68.42322590958169,reallocate_all
74.0,250.0,-79.00000000000003,-56.55217864591987,reallocate_all
74.0,279.1666666666667,-79.00000000000003,-56.891964922370846,reallocate_all
74.0,308.3333333333333,-79.00000000000003,-57.231751198821826,reallocate_all
74.0,337.5,-79.00000000000003,-57.571537475272805,reallocate_all
74.0,366.6666666666667,-79.00000000000003,-57.911323751723785,reallocate_all
74.0,395.83333333333337,-79.00000000000003,-58.25111002817478,reallocate_all
74.0,425.0,-79.00000000000004,-58.55638375987678,reallocate_all
74.0,454.1666666666667,-79.00000000000003,-58.79474567791352,reallocate_all
74.0,483.33333333333337,-79.00000000000003,-59.033107595950256,reallocate_all
74.0,512.5,-79.00000000000003,-59.27146951398699,reallocate_all
74.0,541.6666666666667,-79.00000000000003,-59.50983143202373,reallocate_all
74.0,570.8333333333334,-79.00000000000003,-59.74819335006046,reallocate_all
74.0,600.0,-79.00000000000003,-59.9865552680972,reallocate_all
74.0,629.1666666666667,-79.00000000000003,-60.224917186133936,reallocate_all
74.0,658.3333333333334,-79.00000000000003,-60.463279104170674,reallocate_all
74.0,687.5,-79.00000000000003,-60.70164102220741,reallocate_all
74.0,716.6666666666667,-79.00000000000003,-60.94000294024414,reallocate_all
74.0,745.8333333333334,-79.00000000000003,-61.17836485828088,reallocate_all
74.0,775.0,-79.00000000000003,-61.41672677631762,reallocate_all
74.0,804.1666666666667,-79.00000000000003,-61.655088694354355,reallocate_all
74.0,833.3333333333334,-79.00000000000004,-61.89345061239109,reallocate_all
74.0,862.5,-79.00000000000004,-62.13181253042782,reallocate_all
74.0,891.6666666666667,-79.00000000000004,-62.37017444846457,reallocate_all
74.0,920.8333333333334,-79.00000000000004,-62.6085363665013,reallocate_all
74.0,950.0,-79.00000000000003,-62.84689828453804,reallocate_all
74.0,979.1666666666667,-79.00000000000004,-63.08526020257477,reallocate_all
74.0,1008.3333333333334,-79.00000000000004,-63.32362212061151,reallocate_all
74.0,1037.5,-79.00000000000004,-63.56198403864824,reallocate_all
74.0,1066.6666666666667,-79.00000000000004,-63.80034595668498,reallocate_all
74.0,1095.8333333333335,-79.00000000000004,-64.03870787472172,reallocate_all
74.0,1125.0,-79.00000000000003,-64.27706979275845,reallocate_all
74.0,1154.1666666666667,-79.00000000000003,-64.5154317107952,reallocate_all
74.0,1183.3333333333335,-79.00000000000003,-64.73101195280029,reallocate_all
74.0,1212.5,-79.00000000000004,-64.93430530839962,reallocate_all
74.0,1241.6666666666667,-79.00000000000004,-65.13759866399894,reallocate_all
74.0,1270.8333333333335,-79.00000000000004,-65.34089201959829,reallocate_all
74.0,1300.0,-79.00000000000003,-65.54418537519763,reallocate_all
74.0,1329.1666666666667,-79.00000000000004,-65.74747873079696,reallocate_all
74.0,1358.3333333333335,-79.00000000000004,-65.95077208639628,reallocate_all
74.0,1387.5,-79.00000000000004,-66.15406544199563,reallocate_all
74.0,1416.6666666666667,-79.00000000000004,-66.35735879759497,reallocate_all
74.0,1445.8333333333335,-79.00000000000004,-66.5606521531943,reallocate_all
74.0,1475.0,-79.00000000000004,-66.76394550879364,reallocate_all
74.0,1504.1666666666667,-79.00000000000003,-66.96723886439297,reallocate_all
74.0,1533.3333333333335,-79.00000000000004,-67.17053221999231,reallocate_all
74.0,1562.5,-79.00000000000004,-67.37382557559165,reallocate_all
74.0,1591.6666666666667,-79.00000000000004,-67.57711893119098,reallocate_all
74.0,1620.8333333333335,-79.00000000000004,-67.78041228679032,reallocate_all
74.0,1650.0,-79.00000000000004,-67.98370564238965,reallocate_all
74.0,1679.1666666666667,-79.00000000000004,-68.186998997989,reallocate_all
74.0,1708.3333333333335,-79.00000000000004,-68.39029235358834,reallocate_all
74.0,1737.5,-79.00000000000004,-68.59358570918766,reallocate_all
74.0,1766.6666666666667,-79.00000000000004,-68.796879064787,reallocate_all
74.0,1795.8333333333335,-79.00000000000004,-69.00017242038633,reallocate_all
74.0,1825.0,-79.00000000000004,-69.20346577598568,reallocate_all
74.0,1854.1666666666667,-79.00000000000004,-69.406759131585,reallocate_all
74.0,1883.3333333333335,-79.00000000000006,-69.61005248718435,reallocate_all
74.0,1912.5,-79.00000000000004,-69.81334584278369,reallocate_all
74.0,1941.6666666666667,-79.00000000000004,-70.01663919838302,reallocate_all
74.0,1970.8333333333335,-79.00000000000003,-70.21993255398236,reallocate_all
74.0,2000.0,-79.00000000000004,-70.42322590958169,reallocate_all
76.0,250.0,-81.00000000000003,-58.55217864591987,reallocate_all
76.0,279.1666666666667,-81.00000000000003,-58.891964922370846,reallocate_all
76.0,308.3333333333333,-81.00000000000003,-59.231751198821826,reallocate_all
76.0,337.5,-81.00000000000003,-59.571537475272805,reallocate_all
76.0,366.6666666666667,-81.00000000000003,-59.911323751723785,reallocate_all
76.0,395.83333333333337,-81.00000000000003,-60.25111002817478,reallocate_all
76.0,425.0,-81.00000000000004,-60.55638375987678,reallocate_all
76.0,454.1666666666667,-81.00000000000003,-60.79474567791352,reallocate_all
76.0,483.33333333333337,-81.00000000000003,-61.033107595950256,reallocate_all
76.0,512.5,-81.00000000000003,-61.27146951398699,reallocate_all
76.0,541.6666666666667,-81.00000000000003,-61.50983143202373,reallocate_all
76.0,570.8333333333334,-81.00000000000003,-61.74819335006046,reallocate_all
76.0,600.0,-81.00000000000003,-61.9865552680972,reallocate_all
76.0,629.1666666666667,-81.00000000000003,-62.224917186133936,reallocate_all
76.0,658.3333333333334,-81.00000000000003,-62.463279104170674,reallocate_all
76.0,687.5,-81.00000000000003,-62.70164102220741,reallocate_all
76.0,716.6666666666667,-81.00000000000003,-62.94000294024414,reallocate_all
76.0,745.8333333333334,-81.00000000000003,-63.17836485828088,reallocate_all
76.0,775.0,-81.00000000000003,-63.41672677631762,reallocate_all
76.0,804.1666666666667,-81.00000000000003,-63.655088694354355,reallocate_all
76.0,833.3333333333334,-81.00000000000004,-63.89345061239109,reallocate_all
76.0,862.5,-81.00000000000004,-64.13181253042782,reallocate_all
76.0,891.6666666666667,-81.00000000000004,-64.37017444846457,reallocate_all
76.0,920.8333333333334,-81.00000000000004,-64.6085363665013,reallocate_all
76.0,950.0,-81.00000000000003,-64.84689828453804,reallocate_all
76.0,979.1666666666667,-81.00000000000004,-65.08526020257477,reallocate_all
76.0,1008.3333333333334,-81.00000000000004,-65.3236221206115,reallocate_all
76.0,1037.5,-81.00000000000004,-65.56198403864823,reallocate_all
76.0,1066.6666666666667,-81.00000000000004,-65.80034595668498,reallocate_all
76.0,1095.8333333333335,-81.00000000000004,-66.03870787472172,reallocate_all
76.0,1125.0,-81.00000000000003,-66.27706979275845,reallocate_all
76.0,1154.1666666666667,-81.00000000000003,-66.5154317107952,reallocate_all
76.0,1183.3333333333335,-81.00000000000003,-66.73101195280029,reallocate_all
76.0,1212.5,-81.00000000000004,-66.93430530839962,reallocate_all
76.0,1241.6666666666667,-81.00000000000004,-67.13759866399894,reallocate_all
76.0,1270.8333333333335,-81.00000000000004,-67.34089201959829,reallocate_all
76.0,1300.0,-81.00000000000003,-67.54418537519763,reallocate_all
76.0,1329.1666666666667,-81.00000000000004,-67.74747873079696,reallocate_all
76.0,1358.3333333333335,-81.00000000000004,-67.95077208639628,reallocate_all
76.0,1387.5,-81.00000000000004,-68.15406544199563,reallocate_all
76.0,1416.6666666666667,-81.00000000000004,-68.35735879759497,reallocate_all
76.0,1445.8333333333335,-81.00000000000004,-68.5606521531943,reallocate_all
76.0,1475.0,-81.00000000000004,-68.76394550879364,reallocate_all
76.0,1504.1666666666667,-81.00000000000003,-68.96723886439297,reallocate_all
76.0,1533.3333333333335,-81.00000000000004,-69.17053221999231,reallocate_all
76.0,1562.5,-81.00000000000004,-69.37382557559165,reallocate_all
76.0,1591.6666666666667,-81.00000000000004,-69.57711893119098,reallocate_all
76.0,1620.8333333333335,-81.00000000000004,-69.78041228679032,reallocate_all
76.0,1650.0,-81.00000000000004,-69.98370564238965,reallocate_all
76.0,1679.1666666666667,-81.00000000000004,-70.186998997989,reallocate_all
76.0,1708.3333333333335,-81.00000000000004,-70.39029235358834,reallocate_all
76.0,1737.5,-81.00000000000004,-70.59358570918766,reallocate_all
76.0,1766.6666666666667,-81.00000000000004,-70.796879064787,reallocate_all
76.0,1795.8333333333335,-81.00000000000004,-71.00017242038633,reallocate_all
76.0,1825.0,-81.00000000000004,-71.20346577598568,reallocate_all
76.0,1854.1666666666667,-81.00000000000004,-71.406759131585,reallocate_all
76.0,1883.3333333333335,-81.00000000000006,-71.61005248718435,reallocate_all
76.0,1912.5,-81.00000000000004,-71.81334584278369,reallocate_all
76.0,1941.6666666666667,-81.00000000000004,-72.01663919838302,reallocate_all
76.0,1970.8333333333335,-81.00000000000003,-72.21993255398236,reallocate_all
76.0,2000.0,-81.00000000000004,-72.42322590958169,reallocate_all
78.0,250.0,-83.00000000000003,-60.55217864591987,reallocate_all
78.0,279.1666666666667,-83.00000000000003,-60.891964922370846,reallocate_all
78.0,308.3333333333333,-83.00000000000003,-61.231751198821826,reallocate_all
78.0,337.5,-83.00000000000003,-61.571537475272805,reallocate_all
78.0,366.6666666666667,-83.00000000000003,-61.911323751723785,reallocate_all
78.0,395.83333333333337,-83.00000000000003,-62.25111002817478,reallocate_all
78.0,425.0,-83.00000000000004,-62.55638375987678,reallocate_all
78.0,454.1666666666667,-83.00000000000003,-62.79474567791352,reallocate_all
78.0,483.33333333333337,-83.00000000000003,-63.033107595950256,reallocate_all
78.0,512.5,-83.00000000000003,-63.27146951398699,reallocate_all
78.0,541.6666666666667,-83.00000000000003,-63.50983143202373,reallocate_all
78.0,570.8333333333334,-83.00000000000003,-63.74819335006046,reallocate_all
78.0,600.0,-83.00000000000003,-63.9865552680972,reallocate_all
78.0,629.1666666666667,-83.00000000000003,-64.22491718613394,reallocate_all
78.0,658.3333333333334,-83.00000000000003,-64.46327910417068,reallocate_all
78.0,687.5,-83.00000000000003,-64.70164102220741,reallocate_all
78.0,716.6666666666667,-83.00000000000003,-64.94000294024414,reallocate_all
78.0,745.8333333333334,-83.00000000000003,-65.17836485828087,reallocate_all
78.0,775.0,-83.00000000000003,-65.41672677631762,reallocate_all
78.0,804.1666666666667,-83.00000000000003,-65.65508869435436,reallocate_all
78.0,833.3333333333334,-83.00000000000004,-65.89345061239109,reallocate_all
78.0,862.5,-83.00000000000004,-66.13181253042782,reallocate_all
78.0,891.6666666666667,-83.00000000000004,-66.37017444846457,reallocate_all
78.0,920.8333333333334,-83.00000000000004,-66.6085363665013,reallocate_all
78.0,950.0,-83.00000000000003,-66.84689828453804,reallocate_all
78.0,979.1666666666667,-83.00000000000004,-67.08526020257477,reallocate_all
78.0,1008.3333333333334,-83.00000000000004,-67.3236221206115,reallocate_all
78.0,1037.5,-83.00000000000004,-67.56198403864823,reallocate_all
78.0,1066.6666666666667,-83.00000000000004,-67.80034595668498,reallocate_all
78.0,1095.8333333333335,-83.00000000000004,-68.03870787472172,reallocate_all
78.0,1125.0,-83.00000000000003,-68.27706979275845,reallocate_all
78.0,1154.1666666666667,-83.00000000000003,-68.5154317107952,reallocate_all
78.0,1183.3333333333335,-83.00000000000003,-68.73101195280029,reallocate_all
78.0,1212.5,-83.00000000000004,-68.93430530839962,reallocate_all
78.0,1241.6666666666667,-83.00000000000004,-69.13759866399894,reallocate_all
78.0,1270.8333333333335,-83.00000000000004,-69.34089201959829,reallocate_all
78.0,1300.0,-83.00000000000003,-69.54418537519763,reallocate_all
78.0,1329.1666666666667,-83.00000000000004,-69.74747873079696,reallocate_all
78.0,1358.3333333333335,-83.00000000000004,-69.95077208639628,reallocate_all
78.0,1387.5,-83.00000000000004,-70.15406544199563,reallocate_all
78.0,1416.6666666666667,-83.00000000000004,-70.35735879759497,reallocate_all
78.0,1445.8333333333335,-83.00000000000004,-70.5606521531943,reallocate_all
78.0,1475.0,-83.00000000000004,-70.76394550879364,reallocate_all
78.0,1504.1666666666667,-83.00000000000003,-70.96723886439297,reallocate_all
78.0,1533.3333333333335,-83.00000000000004,-71.17053221999231,reallocate_all
78.0,1562.5,-83.00000000000004,-71.37382557559165,reallocate_all
78.0,1591.6666666666667,-83.00000000000004,-71.57711893119098,reallocate_all
78.0,1620.8333333333335,-83.00000000000004,-71.78041228679032,reallocate_all
78.0,1650.0,-83.00000000000004,-71.98370564238965,reallocate_all
78.0,1679.1666666666667,-83.00000000000004,-72.186998997989,reallocate_all
78.0,1708.3333333333335,-83.00000000000004,-72.39029235358834,reallocate_all
78.0,1737.5,-83.00000000000004,-72.59358570918766,reallocate_all
78.0,1766.6666666666667,-83.00000000000004,-72.796879064787,reallocate_all
78.0,1795.8333333333335,-83.00000000000004,-73.00017242038633,reallocate_all
78.0,1825.0,-83.00000000000004,-73.20346577598568,reallocate_all
78.0,1854.1666666666667,-83.00000000000004,-73.406759131585,reallocate_all
78.0,1883.3333333333335,-83.00000000000006,-73.61005248718435,reallocate_all
78.0,1912.5,-83.00000000000004,-73.81334584278369,reallocate_all
78.0,1941.6666666666667,-83.00000000000004,-74.01663919838302,reallocate_all
78.0,1970.8333333333335,-83.00000000000003,-74.21993255398236,reallocate_all
78.0,2000.0,-83.00000000000004,-74.42322590958169,reallocate_all
80.0,250.0,-85.00000000000003,-62.55217864591987,reallocate_all
80.0,279.1666666666667,-85.00000000000003,-62.891964922370846,reallocate_all
80.0,308.3333333333333,-85.00000000000003,-63.231751198821826,reallocate_all
80.0,337.5,-85.00000000000003,-63.571537475272805,reallocate_all
80.0,366.6666666666667,-85.00000000000003,-63.911323751723785,reallocate_all
80.0,395.83333333333337,-85.00000000000003,-64.25111002817478,reallocate_all
80.0,425.0,-85.00000000000004,-64.55638375987678,reallocate_all
80.0,454.1666666666667,-85.00000000000003,-64.79474567791351,reallocate_all
80.0,483.33333333333337,-85.00000000000003,-65.03310759595026,reallocate_all
80.0,512.5,-85.00000000000003,-65.271469513987,reallocate_all
80.0,541.6666666666667,-85.00000000000003,-65.50983143202373,reallocate_all
80.0,570.8333333333334,-85.00000000000003,-65.74819335006046,reallocate_all
80.0,600.0,-85.00000000000003,-65.98655526809719,reallocate_all
80.0,629.1666666666667,-85.00000000000003,-66.22491718613394,reallocate_all
80.0,658.3333333333334,-85.00000000000003,-66.46327910417068,reallocate_all
80.0,687.5,-85.00000000000003,-66.70164102220741,reallocate_all
80.0,716.6666666666667,-85.00000000000003,-66.94000294024414,reallocate_all
80.0,745.8333333333334,-85.00000000000003,-67.17836485828087,reallocate_all
80.0,775.0,-85.00000000000003,-67.41672677631762,reallocate_all
80.0,804.1666666666667,-85.00000000000003,-67.65508869435436,reallocate_all
80.0,833.3333333333334,-85.00000000000004,-67.89345061239109,reallocate_all
80.0,862.5,-85.00000000000004,-68.13181253042782,reallocate_all
80.0,891.6666666666667,-85.00000000000004,-68.37017444846457,reallocate_all
80.0,920.8333333333334,-85.00000000000004,-68.6085363665013,reallocate_all
80.0,950.0,-85.00000000000003,-68.84689828453804,reallocate_all
80.0,979.1666666666667,-85.00000000000004,-69.08526020257477,reallocate_all
80.0,1008.3333333333334,-85.00000000000004,-69.3236221206115,reallocate_all
80.0,1037.5,-85.00000000000004,-69.56198403864823,reallocate_all
80.0,1066.6666666666667,-85.00000000000004,-69.80034595668498,reallocate_all
80.0,1095.8333333333335,-85.00000000000004,-70.03870787472172,reallocate_all
80.0,1125.0,-85.00000000000003,-70.27706979275845,reallocate_all
80.0,1154.1666666666667,-85.00000000000003,-70.5154317107952,reallocate_all
80.0,1183.3333333333335,-85.00000000000003,-70.73101195280029,reallocate_all
80.0,1212.5,-85.00000000000004,-70.93430530839962,reallocate_all
80.0,1241.6666666666667,-85.00000000000004,-71.13759866399894,reallocate_all
80.0,1270.8333333333335,-85.00000000000004,-71.34089201959829,reallocate_all
80.0,1300.0,-85.00000000000003,-71.54418537519763,reallocate_all
80.0,1329.1666666666667,-85.00000000000004,-71.74747873079696,reallocate_all
80.0,1358.3333333333335,-85.00000000000004,-71.95077208639628,reallocate_all
80.0,1387.5,-85.00000000000004,-72.15406544199563,reallocate_all
80.0,1416.6666666666667,-85.00000000000004,-72.35735879759497,reallocate_all
80.0,1445.8333333333335,-85.00000000000004,-72.5606521531943,reallocate_all
80.0,1475.0,-85.00000000000004,-72.76394550879364,reallocate_all
80.0,1504.1666666666667,-85.00000000000003,-72.96723886439297,reallocate_all
80.0,1533.3333333333335,-85.00000000000004,-73.17053221999231,reallocate_all
80.0,1562.5,-85.00000000000004,-73.37382557559165,reallocate_all
80.0,1591.6666666666667,-85.00000000000004,-73.57711893119098,reallocate_all
80.0,1620.8333333333335,-85.00000000000004,-73.78041228679032,reallocate_all
80.0,1650.0,-85.00000000000004,-73.98370564238965,reallocate_all
80.0,1679.1666666666667,-85.00000000000004,-74.186998997989,reallocate_all
80.0,1708.3333333333335,-85.00000000000004,-74.39029235358834,reallocate_all
80.0,1737.5,-85.00000000000004,-74.59358570918766,reallocate_all
80.0,1766.6666666666667,-85.00000000000004,-74.796879064787,reallocate_all
80.0,1795.8333333333335,-85.00000000000004,-75.00017242038633,reallocate_all
80.0,1825.0,-85.00000000000004,-75.20346577598568,reallocate_all
80.0,1854.1666666666667,-85.00000000000004,-75.406759131585,reallocate_all
80.0,1883.3333333333335,-85.00000000000006,-75.61005248718435,reallocate_all
80.0,1912.5,-85.00000000000004,-75.81334584278369,reallocate_all
80.0,1941.6666666666667,-85.00000000000004,-76.01663919838302,reallocate_all
80.0,1970.8333333333335,-85.00000000000003,-76.21993255398236,reallocate_all
80.0,2000.0,-85.00000000000004,-76.42322590958169,reallocate_all
82.0,250.0,-87.00000000000003,-64.55217864591987,reallocate_all
82.0,279.1666666666667,-87.00000000000003,-64.89196492237085,reallocate_all
82.0,308.3333333333333,-87.00000000000003,-65.23175119882183,reallocate_all
82.0,337.5,-87.00000000000003,-65.5715374752728,reallocate_all
82.0,366.6666666666667,-87.00000000000003,-65.91132375172378,reallocate_all
82.0,395.83333333333337,-87.00000000000003,-66.25111002817478,reallocate_all
82.0,425.0,-87.00000000000004,-66.55638375987678,reallocate_all
82.0,454.1666666666667,-87.00000000000003,-66.79474567791351,reallocate_all
82.0,483.33333333333337,-87.00000000000003,-67.03310759595026,reallocate_all
82.0,512.5,-87.00000000000003,-67.271469513987,reallocate_all
82.0,541.6666666666667,-87.00000000000003,-67.50983143202373,reallocate_all
82.0,570.8333333333334,-87.00000000000003,-67.74819335006046,reallocate_all
82.0,600.0,-87.00000000000003,-67.98655526809719,reallocate_all
82.0,629.1666666666667,-87.00000000000003,-68.22491718613394,reallocate_all
82.0,658.3333333333334,-87.00000000000003,-68.46327910417068,reallocate_all
82.0,687.5,-87.00000000000003,-68.70164102220741,reallocate_all
82.0,716.6666666666667,-87.00000000000003,-68.94000294024414,reallocate_all
82.0,745.8333333333334,-87.00000000000003,-69.17836485828087,reallocate_all
82.0,775.0,-87.00000000000003,-69.41672677631762,reallocate_all
82.0,804.1666666666667,-87.00000000000003,-69.65508869435436,reallocate_all
82.0,833.3333333333334,-87.00000000000004,-69.89345061239109,reallocate_all
82.0,862.5,-87.00000000000004,-70.13181253042782,reallocate_all
82.0,891.6666666666667,-87.00000000000004,-70.37017444846457,reallocate_all
82.0,920.8333333333334,-87.00000000000004,-70.6085363665013,reallocate_all
82.0,950.0,-87.00000000000003,-70.84689828453804,reallocate_all
82.0,979.1666666666667,-87.00000000000004,-71.08526020257477,reallocate_all
82.0,1008.3333333333334,-87.00000000000004,-71.3236221206115,reallocate_all
82.0,1037.5,-87.00000000000004,-71.56198403864823,reallocate_all
82.0,1066.6666666666667,-87.00000000000004,-71.80034595668498,reallocate_all
82.0,1095.8333333333335,-87.00000000000004,-72.03870787472172,reallocate_all
82.0,1125.0,-87.00000000000003,-72.27706979275845,reallocate_all
82.0,1154.1666666666667,-87.00000000000003,-72.5154317107952,reallocate_all
82.0,1183.3333333333335,-87.00000000000003,-72.73101195280029,reallocate_all
82.0,1212.5,-87.00000000000004,-72.93430530839962,reallocate_all
82.0,1241.6666666666667,-87.00000000000004,-73.13759866399894,reallocate_all
82.0,1270.8333333333335,-87.00000000000004,-73.34089201959829,reallocate_all
82.0,1300.0,-87.00000000000003,-73.54418537519763,reallocate_all
82.0,1329.1666666666667,-87.00000000000004,-73.74747873079696,reallocate_all
82.0,1358.3333333333335,-87.00000000000004,-73.95077208639628,reallocate_all
82.0,1387.5,-87.00000000000004,-74.15406544199563,reallocate_all
82.0,1416.6666666666667,-87.00000000000004,-74.35735879759497,reallocate_all
82.0,1445.8333333333335,-87.00000000000004,-74.5606521531943,reallocate_all
82.0,1475.0,-87.00000000000004,-74.76394550879364,reallocate_all
82.0,1504.1666666666667,-87.00000000000003,-74.96723886439297,reallocate_all
82.0,1533.3333333333335,-87.00000000000004,-75.17053221999231,reallocate_all
82.0,1562.5,-87.00000000000004,-75.37382557559165,reallocate_all
82.0,1591.6666666666667,-87.00000000000004,-75.57711893119098,reallocate_all
82.0,1620.8333333333335,-87.00000000000004,-75.78041228679032,reallocate_all
82.0,1650.0,-87.00000000000004,-75.98370564238965,reallocate_all
82.0,1679.1666666666667,-87.00000000000004,-76.186998997989,reallocate_all
82.0,1708.3333333333335,-87.00000000000004,-76.39029235358834,reallocate_all
82.0,1737.5,-87.00000000000004,-76.59358570918766,reallocate_all
82.0,1766.6666666666667,-87.00000000000004,-76.796879064787,reallocate_all
82.0,1795.8333333333335,-87.00000000000004,-77.00017242038633,reallocate_all
82.0,1825.0,-87.00000000000004,-77.20346577598568,reallocate_all
82.0,1854.1666666666667,-87.00000000000004,-77.406759131585,reallocate_all
82.0,1883.3333333333335,-87.00000000000006,-77.61005248718435,reallocate_all
82.0,1912.5,-87.00000000000004,-77.81334584278369,reallocate_all
82.0,1941.6666666666667,-87.00000000000004,-78.01663919838302,reallocate_all
82.0,1970.8333333333335,-87.00000000000003,-78.21993255398236,reallocate_all
82.0,2000.0,-87.00000000000004,-78.42322590958169,reallocate_all
84.0,250.0,-89.00000000000003,-66.55217864591987,reallocate_all
84.0,279.1666666666667,-89.00000000000003,-66.89196492237085,reallocate_all
84.0,308.3333333333333,-89.00000000000003,-67.23175119882183,reallocate_all
84.0,337.5,-89.00000000000003,-67.5715374752728,reallocate_all
84.0,366.6666666666667,-89.00000000000003,-67.91132375172378,reallocate_all
84.0,395.83333333333337,-89.00000000000003,-68.25111002817478,reallocate_all
84.0,425.0,-89.00000000000004,-68.55638375987678,reallocate_all
84.0,454.1666666666667,-89.00000000000003,-68.79474567791351,reallocate_all
84.0,483.33333333333337,-89.00000000000003,-69.03310759595026,reallocate_all
84.0,512.5,-89.00000000000003,-69.271469513987,reallocate_all
84.0,541.6666666666667,-89.00000000000003,-69.50983143202373,reallocate_all
84.0,570.8333333333334,-89.00000000000003,-69.74819335006046,reallocate_all
84.0,600.0,-89.00000000000003,-69.98655526809719,reallocate_all
84.0,629.1666666666667,-89.00000000000003,-70.22491718613394,reallocate_all
84.0,658.3333333333334,-89.00000000000003,-70.46327910417068,reallocate_all
84.0,687.5,-89.00000000000003,-70.70164102220741,reallocate_all
84.0,716.6666666666667,-89.00000000000003,-70.94000294024414,reallocate_all
84.0,745.8333333333334,-89.00000000000003,-71.17836485828087,reallocate_all
84.0,775.0,-89.00000000000003,-71.41672677631762,reallocate_all
84.0,804.1666666666667,-89.00000000000003,-71.65508869435436,reallocate_all
84.0,833.3333333333334,-89.00000000000004,-71.89345061239109,reallocate_all
84.0,862.5,-89.00000000000004,-72.13181253042782,reallocate_all
84.0,891.6666666666667,-89.00000000000004,-72.37017444846457,reallocate_all
84.0,920.8333333333334,-89.00000000000004,-72.6085363665013,reallocate_all
84.0,950.0,-89.00000000000003,-72.84689828453804,reallocate_all
84.0,979.1666666666667,-89.00000000000004,-73.08526020257477,reallocate_all
84.0,1008.3333333333334,-89.00000000000004,-73.3236221206115,reallocate_all
84.0,1037.5,-89.00000000000004,-73.56198403864823,reallocate_all
84.0,1066.6666666666667,-89.00000000000004,-73.80034595668498,reallocate_all
84.0,1095.8333333333335,-89.00000000000004,-74.03870787472172,reallocate_all
84.0,1125.0,-89.00000000000003,-74.27706979275845,reallocate_all
84.0,1154.1666666666667,-89.00000000000003,-74.5154317107952,reallocate_all
84.0,1183.3333333333335,-89.00000000000003,-74.73101195280029,reallocate_all
84.0,1212.5,-89.00000000000004,-74.93430530839962,reallocate_all
84.0,1241.6666666666667,-89.00000000000004,-75.13759866399894,reallocate_all
84.0,1270.8333333333335,-89.00000000000004,-75.34089201959829,reallocate_all
84.0,1300.0,-89.00000000000003,-75.54418537519763,reallocate_all
84.0,1329.1666666666667,-89.00000000000004,-75.74747873079696,reallocate_all
84.0,1358.3333333333335,-89.00000000000004,-75.95077208639628,reallocate_all
84.0,1387.5,-89.00000000000004,-76.15406544199563,reallocate_all
84.0,1416.6666666666667,-89.00000000000004,-76.35735879759497,reallocate_all
84.0,1445.8333333333335,-89.00000000000004,-76.5606521531943,reallocate_all
84.0,1475.0,-89.00000000000004,-76.76394550879364,reallocate_all
84.0,1504.1666666666667,-89.00000000000003,-76.96723886439297,reallocate_all
84.0,1533.3333333333335,-89.00000000000004,-77.17053221999231,reallocate_all
84.0,1562.5,-89.00000000000004,-77.37382557559165,reallocate_all
84.0,1591.6666666666667,-89.00000000000004,-77.57711893119098,reallocate_all
84.0,1620.8333333333335,-89.00000000000004,-77.78041228679032,reallocate_all
84.0,1650.0,-89.00000000000004,-77.98370564238965,reallocate_all
84.0,1679.1666666666667,-89.00000000000004,-78.186998997989,reallocate_all
84.0,1708.3333333333335,-89.00000000000004,-78.39029235358834,reallocate_all
84.0,1737.5,-89.00000000000004,-78.59358570918766,reallocate_all
84.0,1766.6666666666667,-89.00000000000004,-78.796879064787,reallocate_all
84.0,1795.8333333333335,-89.00000000000004,-79.00017242038633,reallocate_all
84.0,1825.0,-89.00000000000004,-79.20346577598568,reallocate_all
84.0,1854.1666666666667,-89.00000000000004,-79.406759131585,reallocate_all
84.0,1883.3333333333335,-89.00000000000006,-79.61005248718435,reallocate_all
84.0,1912.5,-89.00000000000004,-79.81334584278369,reallocate_all
84.0,1941.6666666666667,-89.00000000000004,-80.01663919838302,reallocate_all
84.0,1970.8333333333335,-89.00000000000003,-80.21993255398236,reallocate_all
84.0,2000.0,-89.00000000000004,-80.42322590958169,reallocate_all
86.0,250.0,-91.00000000000003,-68.55217864591987,reallocate_all
86.0,279.1666666666667,-91.00000000000003,-68.89196492237085,reallocate_all
86.0,308.3333333333333,-91.00000000000003,-69.23175119882183,reallocate_all
86.0,337.5,-91.00000000000003,-69.5715374752728,reallocate_all
86.0,366.6666666666667,-91.00000000000003,-69.91132375172378,reallocate_all
86.0,395.83333333333337,-91.00000000000003,-70.25111002817478,reallocate_all
86.0,425.0,-91.00000000000004,-70.55638375987678,reallocate_all
86.0,454.1666666666667,-91.00000000000003,-70.79474567791351,reallocate_all
86.0,483.33333333333337,-91.00000000000003,-71.03310759595026,reallocate_all
86.0,512.5,-91.00000000000003,-71.271469513987,reallocate_all
86.0,541.6666666666667,-91.00000000000003,-71.50983143202373,reallocate_all
86.0,570.8333333333334,-91.00000000000003,-71.74819335006046,reallocate_all
86.0,600.0,-91.00000000000003,-71.98655526809719,reallocate_all
86.0,629.1666666666667,-91.00000000000003,-72.22491718613394,reallocate_all
86.0,658.3333333333334,-91.00000000000003,-72.46327910417068,reallocate_all
86.0,687.5,-91.00000000000003,-72.70164102220741,reallocate_all
86.0,716.6666666666667,-91.00000000000003,-72.94000294024414,reallocate_all
86.0,745.8333333333334,-91.00000000000003,-73.17836485828087,reallocate_all
86.0,775.0,-91.00000000000003,-73.41672677631762,reallocate_all
86.0,804.1666666666667,-91.00000000000003,-73.65508869435436,reallocate_all
86.0,833.3333333333334,-91.00000000000004,-73.89345061239109,reallocate_all
86.0,862.5,-91.00000000000004,-74.13181253042782,reallocate_all
86.0,891.6666666666667,-91.00000000000004,-74.37017444846457,reallocate_all
86.0,920.8333333333334,-91.00000000000004,-74.6085363665013,reallocate_all
86.0,950.0,-91.00000000000003,-74.84689828453804,reallocate_all
86.0,979.1666666666667,-91.00000000000004,-75.08526020257477,reallocate_all
86.0,1008.3333333333334,-91.00000000000004,-75.3236221206115,reallocate_all
86.0,1037.5,-91.00000000000004,-75.56198403864823,reallocate_all
86.0,1066.6666666666667,-91.00000000000004,-75.80034595668498,reallocate_all
86.0,1095.8333333333335,-91.00000000000004,-76.03870787472172,reallocate_all
86.0,1125.0,-91.00000000000003,-76.27706979275845,reallocate_all
86.0,1154.1666666666667,-91.00000000000003,-76.5154317107952,reallocate_all
86.0,1183.3333333333335,-91.00000000000003,-76.73101195280029,reallocate_all
86.0,1212.5,-91.00000000000004,-76.93430530839962,reallocate_all
86.0,1241.6666666666667,-91.00000000000004,-77.13759866399894,reallocate_all
86.0,1270.8333333333335,-91.00000000000004,-77.34089201959829,reallocate_all
86.0,1300.0,-91.00000000000003,-77.54418537519763,reallocate_all
86.0,1329.1666666666667,-91.00000000000004,-77.74747873079696,reallocate_all
86.0,1358.3333333333335,-91.00000000000004,-77.95077208639628,reallocate_all
86.0,1387.5,-91.00000000000004,-78.15406544199563,reallocate_all
86.0,1416.6666666666667,-91.00000000000004,-78.35735879759497,reallocate_all
86.0,1445.8333333333335,-91.00000000000004,-78.5606521531943,reallocate_all
86.0,1475.0,-91.00000000000004,-78.76394550879364,reallocate_all
86.0,1504.1666666666667,-91.00000000000003,-78.96723886439297,reallocate_all
86.0,1533.3333333333335,-91.00000000000004,-79.17053221999231,reallocate_all
86.0,1562.5,-91.00000000000004,-79.37382557559165,reallocate_all
86.0,1591.6666666666667,-91.00000000000004,-79.57711893119098,reallocate_all
86.0,1620.8333333333335,-91.00000000000004,-79.78041228679032,reallocate_all
86.0,1650.0,-91.00000000000004,-79.98370564238965,reallocate_all
86.0,1679.1666666666667,-91.00000000000004,-80.186998997989,reallocate_all
86.0,1708.3333333333335,-91.00000000000004,-80.39029235358834,reallocate_all
86.0,1737.5,-91.00000000000004,-80.59358570918766,reallocate_all
86.0,1766.6666666666667,-91.00000000000004,-80.796879064787,reallocate_all
86.0,1795.8333333333335,-91.00000000000004,-81.00017242038633,reallocate_all
86.0,1825.0,-91.00000000000004,-81.20346577598568,reallocate_all
86.0,1854.1666666666667,-91.00000000000004,-81.406759131585,reallocate_all
86.0,1883.3333333333335,-91.00000000000006,-81.61005248718435,reallocate_all
86.0,1912.5,-91.00000000000004,-81.81334584278369,reallocate_all
86.0,1941.6666666666667,-91.00000000000004,-82.01663919838302,reallocate_all
86.0,1970.8333333333335,-91.00000000000003,-82.21993255398236,reallocate_all
86.0,2000.0,-91.00000000000004,-82.42322590958169,reallocate_all
88.0,250.0,-93.00000000000003,-70.55217864591987,reallocate_all
88.0,279.1666666666667,-93.00000000000003,-70.89196492237085,reallocate_all
88.0,308.3333333333333,-93.00000000000003,-71.23175119882183,reallocate_all
88.0,337.5,-93.00000000000003,-71.5715374752728,reallocate_all
88.0,366.6666666666667,-93.00000000000003,-71.91132375172378,reallocate_all
88.0,395.83333333333337,-93.00000000000003,-72.25111002817478,reallocate_all
88.0,425.0,-93.00000000000004,-72.55638375987678,reallocate_all
88.0,454.1666666666667,-93.00000000000003,-72.79474567791351,reallocate_all
88.0,483.33333333333337,-93.00000000000003,-73.03310759595026,reallocate_all
88.0,512.5,-93.00000000000003,-73.271469513987,reallocate_all
88.0,541.6666666666667,-93.00000000000003,-73.50983143202373,reallocate_all
88.0,570.8333333333334,-93.00000000000003,-73.74819335006046,reallocate_all
88.0,600.0,-93.00000000000003,-73.98655526809719,reallocate_all
88.0,629.1666666666667,-93.00000000000003,-74.22491718613394,reallocate_all
88.0,658.3333333333334,-93.00000000000003,-74.46327910417068,reallocate_all
88.0,687.5,-93.00000000000003,-74.70164102220741,reallocate_all
88.0,716.6666666666667,-93.00000000000003,-74.94000294024414,reallocate_all
88.0,745.8333333333334,-93.00000000000003,-75.17836485828087,reallocate_all
88.0,775.0,-93.00000000000003,-75.41672677631762,reallocate_all
88.0,804.1666666666667,-93.00000000000003,-75.65508869435436,reallocate_all
88.0,833.3333333333334,-93.00000000000004,-75.89345061239109,reallocate_all
88.0,862.5,-93.00000000000004,-76.13181253042782,reallocate_all
88.0,891.6666666666667,-93.00000000000004,-76.37017444846457,reallocate_all
88.0,920.8333333333334,-93.00000000000004,-76.6085363665013,reallocate_all
88.0,950.0,-93.00000000000003,-76.84689828453804,reallocate_all
88.0,979.1666666666667,-93.00000000000004,-77.08526020257477,reallocate_all
88.0,1008.3333333333334,-93.00000000000004,-77.3236221206115,reallocate_all
88.0,1037.5,-93.00000000000004,-77.56198403864823,reallocate_all
88.0,1066.6666666666667,-93.00000000000004,-77.80034595668498,reallocate_all
88.0,1095.8333333333335,-93.00000000000004,-78.03870787472172,reallocate_all
88.0,1125.0,-93.00000000000003,-78.27706979275845,reallocate_all
88.0,1154.1666666666667,-93.00000000000003,-78.5154317107952,reallocate_all
88.0,1183.3333333333335,-93.00000000000003,-78.73101195280029,reallocate_all
88.0,1212.5,-93.00000000000004,-78.93430530839962,reallocate_all
88.0,1241.6666666666667,-93.00000000000004,-79.13759866399894,reallocate_all
88.0,1270.8333333333335,-93.00000000000004,-79.34089201959829,reallocate_all
88.0,1300.0,-93.00000000000003,-79.54418537519763,reallocate_all
88.0,1329.1666666666667,-93.00000000000004,-79.74747873079696,reallocate_all
88.0,1358.3333333333335,-93.00000000000004,-79.95077208639628,reallocate_all
88.0,1387.5,-93.00000000000004,-80.15406544199563,reallocate_all
88.0,1416.6666666666667,-93.00000000000004,-80.35735879759497,reallocate_all
88.0,1445.8333333333335,-93.00000000000004,-80.5606521531943,reallocate_all
88.0,1475.0,-93.00000000000004,-80.76394550879364,reallocate_all
88.0,1504.1666666666667,-93.00000000000003,-80.96723886439297,reallocate_all
88.0,1533.3333333333335,-93.00000000000004,-81.17053221999231,reallocate_all
88.0,1562.5,-93.00000000000004,-81.37382557559165,reallocate_all
88.0,1591.6666666666667,-93.00000000000004,-81.57711893119098,reallocate_all
88.0,1620.8333333333335,-93.00000000000004,-81.78041228679032,reallocate_all
88.0,1650.0,-93.00000000000004,-81.98370564238965,reallocate_all
88.0,1679.1666666666667,-93.00000000000004,-82.186998997989,reallocate_all
88.0,1708.3333333333335,-93.00000000000004,-82.39029235358834,reallocate_all
88.0,1737.5,-93.00000000000004,-82.59358570918766,reallocate_all
88.0,1766.6666666666667,-93.00000000000004,-82.796879064787,reallocate_all
88.0,1795.8333333333335,-93.00000000000004,-83.00017242038633,reallocate_all
88.0,1825.0,-93.00000000000004,-83.20346577598568,reallocate_all
88.0,1854.1666666666667,-93.00000000000004,-83.406759131585,reallocate_all
88.0,1883.3333333333335,-93.00000000000006,-83.61005248718435,reallocate_all
88.0,1912.5,-93.00000000000004,-83.81334584278369,reallocate_all
88.0,1941.6666666666667,-93.00000000000004,-84.01663919838302,reallocate_all
88.0,1970.8333333333335,-93.00000000000003,-84.21993255398236,reallocate_all
88.0,2000.0,-93.00000000000004,-84.42322590958169,reallocate_all
90.0,250.0,-95.00000000000003,-72.55217864591987,reallocate_all
90.0,279.1666666666667,-95.00000000000003,-72.89196492237085,reallocate_all
90.0,308.3333333333333,-95.00000000000003,-73.23175119882183,reallocate_all
90.0,337.5,-95.00000000000003,-73.5715374752728,reallocate_all
90.0,366.6666666666667,-95.00000000000003,-73.91132375172378,reallocate_all
90.0,395.83333333333337,-95.00000000000003,-74.25111002817478,reallocate_all
90.0,425.0,-95.00000000000004,-74.55638375987678,reallocate_all
90.0,454.1666666666667,-95.00000000000003,-74.79474567791351,reallocate_all
90.0,483.33333333333337,-95.00000000000003,-75.03310759595026,reallocate_all
90.0,512.5,-95.00000000000003,-75.271469513987,reallocate_all
90.0,541.6666666666667,-95.00000000000003,-75.50983143202373,reallocate_all
90.0,570.8333333333334,-95.00000000000003,-75.74819335006046,reallocate_all
90.0,600.0,-95.00000000000003,-75.98655526809719,reallocate_all
90.0,629.1666666666667,-95.00000000000003,-76.22491718613394,reallocate_all
90.0,658.3333333333334,-95.00000000000003,-76.46327910417068,reallocate_all
90.0,687.5,-95.00000000000003,-76.70164102220741,reallocate_all
90.0,716.6666666666667,-95.00000000000003,-76.94000294024414,reallocate_all
90.0,745.8333333333334,-95.00000000000003,-77.17836485828087,reallocate_all
90.0,775.0,-95.00000000000003,-77.41672677631762,reallocate_all
90.0,804.1666666666667,-95.00000000000003,-77.65508869435436,reallocate_all
90.0,833.3333333333334,-95.00000000000004,-77.89345061239109,reallocate_all
90.0,862.5,-95.00000000000004,-78.13181253042782,reallocate_all
90.0,891.6666666666667,-95.00000000000004,-78.37017444846457,reallocate_all
90.0,920.8333333333334,-95.00000000000004,-78.6085363665013,reallocate_all
90.0,950.0,-95.00000000000003,-78.84689828453804,reallocate_all
90.0,979.1666666666667,-95.00000000000004,-79.08526020257477,reallocate_all
90.0,1008.3333333333334,-95.00000000000004,-79.3236221206115,reallocate_all
90.0,1037.5,-95.00000000000004,-79.56198403864823,reallocate_all
90.0,1066.6666666666667,-95.00000000000004,-79.80034595668498,reallocate_all
90.0,1095.8333333333335,-95.00000000000004,-80.03870787472172,reallocate_all
90.0,1125.0,-95.00000000000003,-80.27706979275845,reallocate_all
90.0,1154.1666666666667,-95.00000000000003,-80.5154317107952,reallocate_all
90.0,1183.3333333333335,-95.00000000000003,-80.73101195280029,reallocate_all
90.0,1212.5,-95.00000000000004,-80.93430530839962,reallocate_all
90.0,1241.6666666666667,-95.00000000000004,-81.13759866399894,reallocate_all
90.0,1270.8333333333335,-95.00000000000004,-81.34089201959829,reallocate_all
90.0,1300.0,-95.00000000000003,-81.54418537519763,reallocate_all
90.0,1329.1666666666667,-95.00000000000004,-81.74747873079696,reallocate_all
90.0,1358.3333333333335,-95.00000000000004,-81.95077208639628,reallocate_all
90.0,1387.5,-95.00000000000004,-82.15406544199563,reallocate_all
90.0,1416.6666666666667,-95.00000000000004,-82.35735879759497,reallocate_all
90.0,1445.8333333333335,-95.00000000000004,-82.5606521531943,reallocate_all
90.0,1475.0,-95.00000000000004,-82.76394550879364,reallocate_all
90.0,1504.1666666666667,-95.00000000000003,-82.96723886439297,reallocate_all
90.0,1533.3333333333335,-95.00000000000004,-83.17053221999231,reallocate_all
90.0,1562.5,-95.00000000000004,-83.37382557559165,reallocate_all
90.0,1591.6666666666667,-95.00000000000004,-83.57711893119098,reallocate_all
90.0,1620.8333333333335,-95.00000000000004,-83.78041228679032,reallocate_all
90.0,1650.0,-95.00000000000004,-83.98370564238965,reallocate_all
90.0,1679.1666666666667,-95.00000000000004,-84.186998997989,reallocate_all
90.0,1708.3333333333335,-95.00000000000004,-84.39029235358834,reallocate_all
90.0,1737.5,-95.00000000000004,-84.59358570918766,reallocate_all
90.0,1766.6666666666667,-95.00000000000004,-84.796879064787,reallocate_all
90.0,1795.8333333333335,-95.00000000000004,-85.00017242038633,reallocate_all
90.0,1825.0,-95.00000000000004,-85.20346577598568,reallocate_all
90.0,1854.1666666666667,-95.00000000000004,-85.406759131585,reallocate_all
90.0,1883.3333333333335,-95.00000000000006,-85.61005248718435,reallocate_all
90.0,1912.5,-95.00000000000004,-85.81334584278369,reallocate_all
90.0,1941.6666666666667,-95.00000000000004,-86.01663919838302,reallocate_all
90.0,1970.8333333333335,-95.00000000000003,-86.21993255398236,reallocate_all
90.0,2000.0,-95.00000000000004,-86.42322590958169,reallocate_all
92.0,250.0,-97.00000000000003,-74.55217864591987,reallocate_all
92.0,279.1666666666667,-97.00000000000003,-74.89196492237085,reallocate_all
92.0,308.3333333333333,-97.00000000000003,-75.23175119882183,reallocate_all
92.0,337.5,-97.00000000000003,-75.5715374752728,reallocate_all
92.0,366.6666666666667,-97.00000000000003,-75.91132375172378,reallocate_all
92.0,395.83333333333337,-97.00000000000003,-76.25111002817478,reallocate_all
92.0,425.0,-97.00000000000004,-76.55638375987678,reallocate_all
92.0,454.1666666666667,-97.00000000000003,-76.79474567791351,reallocate_all
92.0,483.33333333333337,-97.00000000000003,-77.03310759595026,reallocate_all
92.0,512.5,-97.00000000000003,-77.271469513987,reallocate_all
92.0,541.6666666666667,-97.00000000000003,-77.50983143202373,reallocate_all
92.0,570.8333333333334,-97.00000000000003,-77.74819335006046,reallocate_all
92.0,600.0,-97.00000000000003,-77.98655526809719,reallocate_all
92.0,629.1666666666667,-97.00000000000003,-78.22491718613394,reallocate_all
92.0,658.3333333333334,-97.00000000000003,-78.46327910417068,reallocate_all
92.0,687.5,-97.00000000000003,-78.70164102220741,reallocate_all
92.0,716.6666666666667,-97.00000000000003,-78.94000294024414,reallocate_all
92.0,745.8333333333334,-97.00000000000003,-79.17836485828087,reallocate_all
92.0,775.0,-97.00000000000003,-79.41672677631762,reallocate_all
92.0,804.1666666666667,-97.00000000000003,-79.65508869435436,reallocate_all
92.0,833.3333333333334,-97.00000000000004,-79.89345061239109,reallocate_all
92.0,862.5,-97.00000000000004,-80.13181253042782,reallocate_all
92.0,891.6666666666667,-97.00000000000004,-80.37017444846457,reallocate_all
92.0,920.8333333333334,-97.00000000000004,-80.6085363665013,reallocate_all
92.0,950.0,-97.00000000000003,-80.84689828453804,reallocate_all
92.0,979.1666666666667,-97.00000000000004,-81.08526020257477,reallocate_all
92.0,1008.3333333333334,-97.00000000000004,-81.3236221206115,reallocate_all
92.0,1037.5,-97.00000000000004,-81.56198403864823,reallocate_all
92.0,1066.6666666666667,-97.00000000000004,-81.80034595668498,reallocate_all
92.0,1095.8333333333335,-97.00000000000004,-82.03870787472172,reallocate_all
92.0,1125.0,-97.00000000000003,-82.27706979275845,reallocate_all
92.0,1154.1666666666667,-97.00000000000003,-82.5154317107952,reallocate_all
92.0,1183.3333333333335,-97.00000000000003,-82.73101195280029,reallocate_all
92.0,1212.5,-97.00000000000004,-82.93430530839962,reallocate_all
92.0,1241.6666666666667,-97.00000000000004,-83.13759866399894,reallocate_all
92.0,1270.8333333333335,-97.00000000000004,-83.34089201959829,reallocate_all
92.0,1300.0,-97.00000000000003,-83.54418537519763,reallocate_all
92.0,1329.1666666666667,-97.00000000000004,-83.74747873079696,reallocate_all
92.0,1358.3333333333335,-97.00000000000004,-83.95077208639628,reallocate_all
92.0,1387.5,-97.00000000000004,-84.15406544199563,reallocate_all
92.0,1416.6666666666667,-97.00000000000004,-84.35735879759497,reallocate_all
92.0,1445.8333333333335,-97.00000000000004,-84.5606521531943,reallocate_all
92.0,1475.0,-97.00000000000004,-84.76394550879364,reallocate_all
92.0,1504.1666666666667,-97.00000000000003,-84.96723886439297,reallocate_all
92.0,1533.3333333333335,-97.00000000000004,-85.17053221999231,reallocate_all
92.0,1562.5,-97.00000000000004,-85.37382557559165,reallocate_all
92.0,1591.6666666666667,-97.00000000000004,-85.57711893119098,reallocate_all
92.0,1620.8333333333335,-97.00000000000004,-85.78041228679032,reallocate_all
92.0,1650.0,-97.00000000000004,-85.98370564238965,reallocate_all
92.0,1679.1666666666667,-97.00000000000004,-86.186998997989,reallocate_all
92.0,1708.3333333333335,-97.00000000000004,-86.39029235358834,reallocate_all
92.0,1737.5,-97.00000000000004,-86.59358570918766,reallocate_all
92.0,1766.6666666666667,-97.00000000000004,-86.796879064787,reallocate_all
92.0,1795.8333333333335,-97.00000000000004,-87.00017242038633,reallocate_all
92.0,1825.0,-97.00000000000004,-87.20346577598568,reallocate_all
92.0,1854.1666666666667,-97.00000000000004,-87.406759131585,reallocate_all
92.0,1883.3333333333335,-97.00000000000006,-87.61005248718435,reallocate_all
92.0,1912.5,-97.00000000000004,-87.81334584278369,reallocate_all
92.0,1941.6666666666667,-97.00000000000004,-88.01663919838302,reallocate_all
92.0,1970.8333333333335,-97.00000000000003,-88.21993255398236,reallocate_all
92.0,2000.0,-97.00000000000004,-88.42322590958169,reallocate_all
94.0,250.0,-99.00000000000003,-76.55217864591987,reallocate_all
94.0,279.1666666666667,-99.00000000000003,-76.89196492237085,reallocate_all
94.0,308.3333333333333,-99.00000000000003,-77.23175119882183,reallocate_all
94.0,337.5,-99.00000000000003,-77.5715374752728,reallocate_all
94.0,366.6666666666667,-99.00000000000003,-77.91132375172378,reallocate_all
94.0,395.83333333333337,-99.00000000000003,-78.25111002817478,reallocate_all
94.0,425.0,-99.00000000000004,-78.55638375987678,reallocate_all
94.0,454.1666666666667,-99.00000000000003,-78.79474567791351,reallocate_all
94.0,483.33333333333337,-99.00000000000003,-79.03310759595026,reallocate_all
94.0,512.5,-99.00000000000003,-79.271469513987,reallocate_all
94.0,541.6666666666667,-99.00000000000003,-79.50983143202373,reallocate_all
94.0,570.8333333333334,-99.00000000000003,-79.74819335006046,reallocate_all
94.0,600.0,-99.00000000000003,-79.98655526809719,reallocate_all
94.0,629.1666666666667,-99.00000000000003,-80.22491718613394,reallocate_all
94.0,658.3333333333334,-99.00000000000003,-80.46327910417068,reallocate_all
94.0,687.5,-99.00000000000003,-80.70164102220741,reallocate_all
94.0,716.6666666666667,-99.00000000000003,-80.94000294024414,reallocate_all
94.0,745.8333333333334,-99.00000000000003,-81.17836485828087,reallocate_all
94.0,775.0,-99.00000000000003,-81.41672677631762,reallocate_all
94.0,804.1666666666667,-99.00000000000003,-81.65508869435436,reallocate_all
94.0,833.3333333333334,-99.00000000000004,-81.89345061239109,reallocate_all
94.0,862.5,-99.00000000000004,-82.13181253042782,reallocate_all
94.0,891.6666666666667,-99.00000000000004,-82.37017444846457,reallocate_all
94.0,920.8333333333334,-99.00000000000004,-82.6085363665013,reallocate_all
94.0,950.0,-99.00000000000003,-82.84689828453804,reallocate_all
94.0,979.1666666666667,-99.00000000000004,-83.08526020257477,reallocate_all
94.0,1008.3333333333334,-99.00000000000004,-83.3236221206115,reallocate_all
94.0,1037.5,-99.00000000000004,-83.56198403864823,reallocate_all
94.0,1066.6666666666667,-99.00000000000004,-83.80034595668498,reallocate_all
94.0,1095.8333333333335,-99.00000000000004,-84.03870787472172,reallocate_all
94.0,1125.0,-99.00000000000003,-84.27706979275845,reallocate_all
94.0,1154.1666666666667,-99.00000000000003,-84.5154317107952,reallocate_all
94.0,1183.3333333333335,-99.00000000000003,-84.73101195280029,reallocate_all
94.0,1212.5,-99.00000000000004,-84.93430530839962,reallocate_all
94.0,1241.6666666666667,-99.00000000000004,-85.13759866399894,reallocate_all
94.0,1270.8333333333335,-99.00000000000004,-85.34089201959829,reallocate_all
94.0,1300.0,-99.00000000000003,-85.54418537519763,reallocate_all
94.0,1329.1666666666667,-99.00000000000004,-85.74747873079696,reallocate_all
94.0,1358.3333333333335,-99.00000000000004,-85.95077208639628,reallocate_all
94.0,1387.5,-99.00000000000004,-86.15406544199563,reallocate_all
94.0,1416.6666666666667,-99.00000000000004,-86.35735879759497,reallocate_all
94.0,1445.8333333333335,-99.00000000000004,-86.5606521531943,reallocate_all
94.0,1475.0,-99.00000000000004,-86.76394550879364,reallocate_all
94.0,1504.1666666666667,-99.00000000000003,-86.96723886439297,reallocate_all
94.0,1533.3333333333335,-99.00000000000004,-87.17053221999231,reallocate_all
94.0,1562.5,-99.00000000000004,-87.37382557559165,reallocate_all
94.0,1591.6666666666667,-99.00000000000004,-87.57711893119098,reallocate_all
94.0,1620.8333333333335,-99.00000000000004,-87.78041228679032,reallocate_all
94.0,1650.0,-99.00000000000004,-87.98370564238965,reallocate_all
94.0,1679.1666666666667,-99.00000000000004,-88.186998997989,reallocate_all
94.0,1708.3333333333335,-99.00000000000004,-88.39029235358834,reallocate_all
94.0,1737.5,-99.00000000000004,-88.59358570918766,reallocate_all
94.0,1766.6666666666667,-99.00000000000004,-88.796879064787,reallocate_all
94.0,1795.8333333333335,-99.00000000000004,-89.00017242038633,reallocate_all
94.0,1825.0,-99.00000000000004,-89.20346577598568,reallocate_all
94.0,1854.1666666666667,-99.00000000000004,-89.406759131585,reallocate_all
94.0,1883.3333333333335,-99.00000000000006,-89.61005248718435,reallocate_all
94.0,1912.5,-99.00000000000004,-89.81334584278369,reallocate_all
94.0,1941.6666666666667,-99.00000000000004,-90.01663919838302,reallocate_all
94.0,1970.8333333333335,-99.00000000000003,-90.21993255398236,reallocate_all
94.0,2000.0,-99.00000000000004,-90.42322590958169,reallocate_all
96.0,250.0,-101.00000000000003,-78.55217864591987,reallocate_all
96.0,279.1666666666667,-101.00000000000003,-78.89196492237085,reallocate_all
96.0,308.3333333333333,-101.00000000000003,-79.23175119882183,reallocate_all
96.0,337.5,-101.00000000000003,-79.5715374752728,reallocate_all
96.0,366.6666666666667,-101.00000000000003,-79.91132375172378,reallocate_all
96.0,395.83333333333337,-101.00000000000003,-80.25111002817478,reallocate_all
96.0,425.0,-101.00000000000004,-80.55638375987678,reallocate_all
96.0,454.1666666666667,-101.00000000000003,-80.79474567791351,reallocate_all
96.0,483.33333333333337,-101.00000000000003,-81.03310759595026,reallocate_all
96.0,512.5,-101.00000000000003,-81.271469513987,reallocate_all
96.0,541.6666666666667,-101.00000000000003,-81.50983143202373,reallocate_all
96.0,570.8333333333334,-101.00000000000003,-81.74819335006046,reallocate_all
96.0,600.0,-101.00000000000003,-81.98655526809719,reallocate_all
96.0,629.1666666666667,-101.00000000000003,-82.22491718613394,reallocate_all
96.0,658.3333333333334,-101.00000000000003,-82.46327910417068,reallocate_all
96.0,687.5,-101.00000000000003,-82.70164102220741,reallocate_all
96.0,716.6666666666667,-101.00000000000003,-82.94000294024414,reallocate_all
96.0,745.8333333333334,-101.00000000000003,-83.17836485828087,reallocate_all
96.0,775.0,-101.00000000000003,-83.41672677631762,reallocate_all
96.0,804.1666666666667,-101.00000000000003,-83.65508869435436,reallocate_all
96.0,833.3333333333334,-101.00000000000004,-83.89345061239109,reallocate_all
96.0,862.5,-101.00000000000004,-84.13181253042782,reallocate_all
96.0,891.6666666666667,-101.00000000000004,-84.37017444846457,reallocate_all
96.0,920.8333333333334,-101.00000000000004,-84.6085363665013,reallocate_all
96.0,950.0,-101.00000000000003,-84.84689828453804,reallocate_all
96.0,979.1666666666667,-101.00000000000004,-85.08526020257477,reallocate_all
96.0,1008.3333333333334,-101.00000000000004,-85.3236221206115,reallocate_all
96.0,1037.5,-101.00000000000004,-85.56198403864823,reallocate_all
96.0,1066.6666666666667,-101.00000000000004,-85.80034595668498,reallocate_all
96.0,1095.8333333333335,-101.00000000000004,-86.03870787472172,reallocate_all
96.0,1125.0,-101.00000000000003,-86.27706979275845,reallocate_all
96.0,1154.1666666666667,-101.00000000000003,-86.5154317107952,reallocate_all
96.0,1183.3333333333335,-101.00000000000003,-86.73101195280029,reallocate_all
96.0,1212.5,-101.00000000000004,-86.93430530839962,reallocate_all
96.0,1241.6666666666667,-101.00000000000004,-87.13759866399894,reallocate_all
96.0,1270.8333333333335,-101.00000000000004,-87.34089201959829,reallocate_all
96.0,1300.0,-101.00000000000003,-87.54418537519763,reallocate_all
96.0,1329.1666666666667,-101.00000000000004,-87.74747873079696,reallocate_all
96.0,1358.3333333333335,-101.00000000000004,-87.95077208639628,reallocate_all
96.0,1387.5,-101.00000000000004,-88.15406544199563,reallocate_all
96.0,1416.6666666666667,-101.00000000000004,-88.35735879759497,reallocate_all
96.0,1445.8333333333335,-101.00000000000004,-88.5606521531943,reallocate_all
96.0,1475.0,-101.00000000000004,-88.76394550879364,reallocate_all
96.0,1504.1666666666667,-101.00000000000003,-88.96723886439297,reallocate_all
96.0,1533.3333333333335,-101.00000000000004,-89.17053221999231,reallocate_all
96.0,1562.5,-101.00000000000004,-89.37382557559165,reallocate_all
96.0,1591.6666666666667,-101.00000000000004,-89.57711893119098,reallocate_all
96.0,1620.8333333333335,-101.00000000000004,-89.78041228679032,reallocate_all
96.0,1650.0,-101.00000000000004,-89.98370564238965,reallocate_all
96.0,1679.1666666666667,-101.00000000000004,-90.186998997989,reallocate_all
96.0,1708.3333333333335,-101.00000000000004,-90.39029235358834,reallocate_all
96.0,1737.5,-101.00000000000004,-90.59358570918766,reallocate_all
96.0,1766.6666666666667,-101.00000000000004,-90.796879064787,reallocate_all
96.0,1795.8333333333335,-101.00000000000004,-91.00017242038633,reallocate_all
96.0,1825.0,-101.00000000000004,-91.20346577598568,reallocate_all
96.0,1854.1666666666667,-101.00000000000004,-91.406759131585,reallocate_all
96.0,1883.3333333333335,-101.00000000000006,-91.61005248718435,reallocate_all
96.0,1912.5,-101.00000000000004,-91.81334584278369,reallocate_all
96.0,1941.6666666666667,-101.00000000000004,-92.01663919838302,reallocate_all
96.0,1970.8333333333335,-101.00000000000003,-92.21993255398236,reallocate_all
96.0,2000.0,-101.00000000000004,-92.42322590958169,reallocate_all
98.0,250.0,-103.00000000000003,-80.55217864591987,reallocate_all
98.0,279.1666666666667,-103.00000000000003,-80.89196492237085,reallocate_all
98.0,308.3333333333333,-103.00000000000003,-81.23175119882183,reallocate_all
98.0,337.5,-103.00000000000003,-81.5715374752728,reallocate_all
98.0,366.6666666666667,-103.00000000000003,-81.91132375172378,reallocate_all
98.0,395.83333333333337,-103.00000000000003,-82.25111002817478,reallocate_all
98.0,425.0,-103.00000000000004,-82.55638375987678,reallocate_all
98.0,454.1666666666667,-103.00000000000003,-82.79474567791351,reallocate_all
98.0,483.33333333333337,-103.00000000000003,-83.03310759595026,reallocate_all
98.0,512.5,-103.00000000000003,-83.271469513987,reallocate_all
98.0,541.6666666666667,-103.00000000000003,-83.50983143202373,reallocate_all
98.0,570.8333333333334,-103.00000000000003,-83.74819335006046,reallocate_all
98.0,600.0,-103.00000000000003,-83.98655526809719,reallocate_all
98.0,629.1666666666667,-103.00000000000003,-84.22491718613394,reallocate_all
98.0,658.3333333333334,-103.00000000000003,-84.46327910417068,reallocate_all
98.0,687.5,-103.00000000000003,-84.70164102220741,reallocate_all
98.0,716.6666666666667,-103.00000000000003,-84.94000294024414,reallocate_all
98.0,745.8333333333334,-103.00000000000003,-85.17836485828087,reallocate_all
98.0,775.0,-103.00000000000003,-85.41672677631762,reallocate_all
98.0,804.1666666666667,-103.00000000000003,-85.65508869435436,reallocate_all
98.0,833.3333333333334,-103.00000000000004,-85.89345061239109,reallocate_all
98.0,862.5,-103.00000000000004,-86.13181253042782,reallocate_all
98.0,891.6666666666667,-103.00000000000004,-86.37017444846457,reallocate_all
98.0,920.8333333333334,-103.00000000000004,-86.6085363665013,reallocate_all
98.0,950.0,-103.00000000000003,-86.84689828453804,reallocate_all
98.0,979.1666666666667,-103.00000000000004,-87.08526020257477,reallocate_all
98.0,1008.3333333333334,-103.00000000000004,-87.3236221206115,reallocate_all
98.0,1037.5,-103.00000000000004,-87.56198403864823,reallocate_all
98.0,1066.6666666666667,-103.00000000000004,-87.80034595668498,reallocate_all
98.0,1095.8333333333335,-103.00000000000004,-88.03870787472172,reallocate_all
98.0,1125.0,-103.00000000000003,-88.27706979275845,reallocate_all
98.0,1154.1666666666667,-103.00000000000003,-88.5154317107952,reallocate_all
98.0,1183.3333333333335,-103.00000000000003,-88.73101195280029,reallocate_all
98.0,1212.5,-103.00000000000004,-88.93430530839962,reallocate_all
98.0,1241.6666666666667,-103.00000000000004,-89.13759866399894,reallocate_all
98.0,1270.8333333333335,-103.00000000000004,-89.34089201959829,reallocate_all
98.0,1300.0,-103.00000000000003,-89.54418537519763,reallocate_all
98.0,1329.1666666666667,-103.00000000000004,-89.74747873079696,reallocate_all
98.0,1358.3333333333335,-103.00000000000004,-89.95077208639628,reallocate_all
98.0,1387.5,-103.00000000000004,-90.15406544199563,reallocate_all
98.0,1416.6666666666667,-103.00000000000004,-90.35735879759497,reallocate_all
98.0,1445.8333333333335,-103.00000000000004,-90.5606521531943,reallocate_all
98.0,1475.0,-103.00000000000004,-90.76394550879364,reallocate_all
98.0,1504.1666666666667,-103.00000000000003,-90.96723886439297,reallocate_all
98.0,1533.3333333333335,-103.00000000000004,-91.17053221999231,reallocate_all
98.0,1562.5,-103.00000000000004,-91.37382557559165,reallocate_all
98.0,1591.6666666666667,-103.00000000000004,-91.57711893119098,reallocate_all
98.0,1620.8333333333335,-103.00000000000004,-91.78041228679032,reallocate_all
98.0,1650.0,-103.00000000000004,-91.98370564238965,reallocate_all
98.0,1679.1666666666667,-103.00000000000004,-92.186998997989,reallocate_all
98.0,1708.3333333333335,-103.00000000000004,-92.39029235358834,reallocate_all
98.0,1737.5,-103.00000000000004,-92.59358570918766,reallocate_all
98.0,1766.6666666666667,-103.00000000000004,-92.796879064787,reallocate_all
98.0,1795.8333333333335,-103.00000000000004,-93.00017242038633,reallocate_all
98.0,1825.0,-103.00000000000004,-93.20346577598568,reallocate_all
98.0,1854.1666666666667,-103.00000000000004,-93.406759131585,reallocate_all
98.0,1883.3333333333335,-103.00000000000006,-93.61005248718435,reallocate_all
98.0,1912.5,-103.00000000000004,-93.81334584278369,reallocate_all
98.0,1941.6666666666667,-103.00000000000004,-94.01663919838302,reallocate_all
98.0,1970.8333333333335,-103.00000000000003,-94.21993255398236,reallocate_all
98.0,2000.0,-103.00000000000004,-94.42322590958169,reallocate_all
100.0,250.0,-105.00000000000003,-82.55217864591987,reallocate_all
100.0,279.1666666666667,-105.00000000000003,-82.89196492237085,reallocate_all
100.0,308.3333333333333,-105.00000000000003,-83.23175119882183,reallocate_all
100.0,337.5,-105.00000000000003,-83.5715374752728,reallocate_all
100.0,366.6666666666667,-105.00000000000003,-83.91132375172378,reallocate_all
100.0,395.83333333333337,-105.00000000000003,-84.25111002817478,reallocate_all
100.0,425.0,-105.00000000000004,-84.55638375987678,reallocate_all
100.0,454.1666666666667,-105.00000000000003,-84.79474567791351,reallocate_all
100.0,483.33333333333337,-105.00000000000003,-85.03310759595026,reallocate_all
100.0,512.5,-105.00000000000003,-85.271469513987,reallocate_all
100.0,541.6666666666667,-105.00000000000003,-85.50983143202373,reallocate_all
100.0,570.8333333333334,-105.00000000000003,-85.74819335006046,reallocate_all
100.0,600.0,-105.00000000000003,-85.98655526809719,reallocate_all
100.0,629.1666666666667,-105.00000000000003,-86.22491718613394,reallocate_all
100.0,658.3333333333334,-105.00000000000003,-86.46327910417068,reallocate_all
100.0,687.5,-105.00000000000003,-86.70164102220741,reallocate_all
100.0,716.6666666666667,-105.00000000000003,-86.94000294024414,reallocate_all
100.0,745.8333333333334,-105.00000000000003,-87.17836485828087,reallocate_all
100.0,775.0,-105.00000000000003,-87.41672677631762,reallocate_all
100.0,804.1666666666667,-105.00000000000003,-87.65508869435436,reallocate_all
100.0,833.3333333333334,-105.00000000000004,-87.89345061239109,reallocate_all
100.0,862.5,-105.00000000000004,-88.13181253042782,reallocate_all
100.0,891.6666666666667,-105.00000000000004,-88.37017444846457,reallocate_all
100.0,920.8333333333334,-105.00000000000004,-88.6085363665013,reallocate_all
100.0,950.0,-105.00000000000003,-88.84689828453804,reallocate_all
100.0,979.1666666666667,-105.00000000000004,-89.08526020257477,reallocate_all
100.0,1008.3333333333334,-105.00000000000004,-89.3236221206115,reallocate_all
100.0,1037.5,-105.00000000000004,-89.56198403864823,reallocate_all
100.0,1066.6666666666667,-105.00000000000004,-89.80034595668498,reallocate_all
100.0,1095.8333333333335,-105.00000000000004,-90.03870787472172,reallocate_all
100.0,1125.0,-105.00000000000003,-90.27706979275845,reallocate_all
100.0,1154.1666666666667,-105.00000000000003,-90.5154317107952,reallocate_all
100.0,1183.3333333333335,-105.00000000000003,-90.73101195280029,reallocate_all
100.0,1212.5,-105.00000000000004,-90.93430530839962,reallocate_all
100.0,1241.6666666666667,-105.00000000000004,-91.13759866399894,reallocate_all
100.0,1270.8333333333335,-105.00000000000004,-91.34089201959829,reallocate_all
100.0,1300.0,-105.00000000000003,-91.54418537519763,reallocate_all
100.0,1329.1666666666667,-105.00000000000004,-91.74747873079696,reallocate_all
100.0,1358.3333333333335,-105.00000000000004,-91.95077208639628,reallocate_all
100.0,1387.5,-105.00000000000004,-92.15406544199563,reallocate_all
100.0,1416.6666666666667,-105.00000000000004,-92.35735879759497,reallocate_all
100.0,1445.8333333333335,-105.00000000000004,-92.5606521531943,reallocate_all
100.0,1475.0,-105.00000000000004,-92.76394550879364,reallocate_all
100.0,1504.1666666666667,-105.00000000000003,-92.96723886439297,reallocate_all
100.0,1533.3333333333335,-105.00000000000004,-93.17053221999231,reallocate_all
100.0,1562.5,-105.00000000000004,-93.37382557559165,reallocate_all
100.0,1591.6666666666667,-105.00000000000004,-93.57711893119098,reallocate_all
100.0,1620.8333333333335,-105.00000000000004,-93.78041228679032,reallocate_all
100.0,1650.0,-105.00000000000004,-93.98370564238965,reallocate_all
100.0,1679.1666666666667,-105.00000000000004,-94.186998997989,reallocate_all
100.0,1708.3333333333335,-105.00000000000004,-94.39029235358834,reallocate_all
100.0,1737.5,-105.00000000000004,-94.59358570918766,reallocate_all
100.0,1766.6666666666667,-105.00000000000004,-94.796879064787,reallocate_all
100.0,1795.8333333333335,-105.00000000000004,-95.00017242038633,reallocate_all
100.0,1825.0,-105.00000000000004,-95.20346577598568,reallocate_all
100.0,1854.1666666666667,-105.00000000000004,-95.406759131585,reallocate_all
100.0,1883.3333333333335,-105.00000000000006,-95.61005248718435,reallocate_all
100.0,1912.5,-105.00000000000004,-95.81334584278369,reallocate_all
100.0,1941.6666666666667,-105.00000000000004,-96.01663919838302,reallocate_all
100.0,1970.8333333333335,-105.00000000000003,-96.21993255398236,reallocate_all
100.0,2000.0,-105.00000000000004,-96.42322590958169,reallocate_all
