prior,delay_MUSD,loss_MUSD,net_wait_gain_MUSD
uniform,0.0,250.0,11.629516392123044
uniform,0.0,279.1666666666667,10.986477991747783
uniform,0.0,308.3333333333333,10.544489058715925
uniform,0.0,337.5,10.102500125684063
uniform,0.0,366.6666666666667,9.660511192652201
uniform,0.0,395.83333333333337,9.21852225962034
uniform,0.0,425.0,8.776533326588478
uniform,0.0,454.1666666666667,8.334544393556616
uniform,0.0,483.33333333333337,7.892555460524758
uniform,0.0,512.5,7.450566527492903
uniform,0.0,541.6666666666667,7.025557890767061
uniform,0.0,570.8333333333334,6.659867896767064
uniform,0.0,600.0,6.294177902767064
uniform,0.0,629.1666666666667,5.928487908767067
uniform,0.0,658.3333333333334,5.562797914767074
uniform,0.0,687.5,5.1971079207670705
uniform,0.0,716.6666666666667,4.831417926767077
uniform,0.0,745.8333333333334,4.465727932767074
uniform,0.0,775.0,4.100037938767077
uniform,0.0,804.1666666666667,3.7343479447670767
uniform,0.0,833.3333333333334,3.3686579507670835
uniform,0.0,862.5,3.002967956767087
uniform,0.0,891.6666666666667,2.6372779627670866
uniform,0.0,920.8333333333334,2.2715879687670864
uniform,0.0,950.0,1.9058979747670932
uniform,0.0,979.1666666666667,1.540207980767093
uniform,0.0,1008.3333333333334,1.1745179867670998
uniform,0.0,1037.5,0.8088279927670996
uniform,0.0,1066.6666666666667,0.44313799876709936
uniform,0.0,1095.8333333333335,0.07744800476710623
uniform,0.0,1125.0,-0.2882419892329011
uniform,0.0,1154.1666666666667,-0.6539319832328943
uniform,0.0,1183.3333333333335,-1.0196219772328945
uniform,0.0,1212.5,-1.3853119712328947
uniform,0.0,1241.6666666666667,-1.7510019652328808
uniform,0.0,1270.8333333333335,-2.116691959232888
uniform,0.0,1300.0,-2.4823819532328812
uniform,0.0,1329.1666666666667,-2.8480719472328957
uniform,0.0,1358.3333333333335,-3.2137619412328817
uniform,0.0,1387.5,-3.579451935232882
uniform,0.0,1416.6666666666667,-3.945141929232875
uniform,0.0,1445.8333333333335,-4.310831923232875
uniform,0.0,1475.0,-4.6765219172328685
uniform,0.0,1504.1666666666667,-5.0
uniform,0.0,1533.3333333333335,-5.000000000000007
uniform,0.0,1562.5,-5.000000000000007
uniform,0.0,1591.6666666666667,-5.000000000000007
uniform,0.0,1620.8333333333335,-5.000000000000007
uniform,0.0,1650.0,-5.000000000000007
uniform,0.0,1679.1666666666667,-5.0
uniform,0.0,1708.3333333333335,-5.0
uniform,0.0,1737.5,-5.000000000000007
uniform,0.0,1766.6666666666667,-5.000000000000007
uniform,0.0,1795.8333333333335,-5.000000000000007
uniform,0.0,1825.0,-5.0
uniform,0.0,1854.1666666666667,-5.0
uniform,0.0,1883.3333333333335,-4.999999999999993
uniform,0.0,1912.5,-4.999999999999993
uniform,0.0,1941.6666666666667,-5.0
uniform,0.0,1970.8333333333335,-5.0
uniform,0.0,2000.0,-5.0
uniform,2.0,250.0,9.629516392123044
uniform,2.0,279.1666666666667,8.986477991747783
uniform,2.0,308.3333333333333,8.544489058715925
uniform,2.0,337.5,8.102500125684063
uniform,2.0,366.6666666666667,7.660511192652201
uniform,2.0,395.83333333333337,7.2185222596203396
uniform,2.0,425.0,6.776533326588478
uniform,2.0,454.1666666666667,6.334544393556616
uniform,2.0,483.33333333333337,5.892555460524758
uniform,2.0,512.5,5.450566527492903
uniform,2.0,541.6666666666667,5.025557890767061
uniform,2.0,570.8333333333334,4.659867896767064
uniform,2.0,600.0,4.294177902767064
uniform,2.0,629.1666666666667,3.9284879087670674
uniform,2.0,658.3333333333334,3.5627979147670743
uniform,2.0,687.5,3.1971079207670705
uniform,2.0,716.6666666666667,2.8314179267670774
uniform,2.0,745.8333333333334,2.4657279327670736
uniform,2.0,775.0,2.1000379387670733
uniform,2.0,804.1666666666667,1.7343479447670802
uniform,2.0,833.3333333333334,1.36865795076708
uniform,2.0,862.5,1.0029679567670868
uniform,2.0,891.6666666666667,0.6372779627670866
uniform,2.0,920.8333333333334,0.27158796876708635
uniform,2.0,950.0,-0.09410202523290678
uniform,2.0,979.1666666666667,-0.459792019232907
uniform,2.0,1008.3333333333334,-0.8254820132329002
uniform,2.0,1037.5,-1.1911720072329004
uniform,2.0,1066.6666666666667,-1.5568620012329006
uniform,2.0,1095.8333333333335,-1.9225519952328938
uniform,2.0,1125.0,-2.288241989232901
uniform,2.0,1154.1666666666667,-2.6539319832328943
uniform,2.0,1183.3333333333335,-3.0196219772328945
uniform,2.0,1212.5,-3.3853119712328947
uniform,2.0,1241.6666666666667,-3.7510019652328808
uniform,2.0,1270.8333333333335,-4.116691959232888
uniform,2.0,1300.0,-4.482381953232881
uniform,2.0,1329.1666666666667,-4.848071947232896
uniform,2.0,1358.3333333333335,-5.213761941232882
uniform,2.0,1387.5,-5.579451935232882
uniform,2.0,1416.6666666666667,-5.945141929232875
uniform,2.0,1445.8333333333335,-6.310831923232875
uniform,2.0,1475.0,-6.6765219172328685
uniform,2.0,1504.1666666666667,-7.0
uniform,2.0,1533.3333333333335,-7.000000000000007
uniform,2.0,1562.5,-7.000000000000007
uniform,2.0,1591.6666666666667,-7.000000000000007
uniform,2.0,1620.8333333333335,-7.000000000000007
uniform,2.0,1650.0,-7.000000000000007
uniform,2.0,1679.1666666666667,-7.0
uniform,2.0,1708.3333333333335,-7.0
uniform,2.0,1737.5,-7.000000000000007
uniform,2.0,1766.6666666666667,-7.000000000000007
uniform,2.0,1795.8333333333335,-7.000000000000007
uniform,2.0,1825.0,-7.0
uniform,2.0,1854.1666666666667,-7.0
uniform,2.0,1883.3333333333335,-6.999999999999993
uniform,2.0,1912.5,-6.999999999999993
uniform,2.0,1941.6666666666667,-7.0
uniform,2.0,1970.8333333333335,-7.0
uniform,2.0,2000.0,-7.0
uniform,4.0,250.0,7.629516392123044
uniform,4.0,279.1666666666667,6.986477991747783
uniform,4.0,308.3333333333333,6.544489058715925
uniform,4.0,337.5,6.102500125684063
uniform,4.0,366.6666666666667,5.660511192652201
uniform,4.0,395.83333333333337,5.2185222596203396
uniform,4.0,425.0,4.776533326588478
uniform,4.0,454.1666666666667,4.334544393556616
uniform,4.0,483.33333333333337,3.8925554605247576
uniform,4.0,512.5,3.450566527492903
uniform,4.0,541.6666666666667,3.025557890767061
uniform,4.0,570.8333333333334,2.6598678967670644
uniform,4.0,600.0,2.294177902767064
uniform,4.0,629.1666666666667,1.9284879087670674
uniform,4.0,658.3333333333334,1.5627979147670743
uniform,4.0,687.5,1.197107920767067
uniform,4.0,716.6666666666667,0.8314179267670738
uniform,4.0,745.8333333333334,0.4657279327670736
uniform,4.0,775.0,0.10003793876707334
uniform,4.0,804.1666666666667,-0.2656520552329198
uniform,4.0,833.3333333333334,-0.63134204923292
uniform,4.0,862.5,-0.9970320432329132
uniform,4.0,891.6666666666667,-1.3627220372329134
uniform,4.0,920.8333333333334,-1.7284120312329136
uniform,4.0,950.0,-2.094102025232907
uniform,4.0,979.1666666666667,-2.459792019232907
uniform,4.0,1008.3333333333334,-2.8254820132329
uniform,4.0,1037.5,-3.1911720072329004
uniform,4.0,1066.6666666666667,-3.5568620012329006
uniform,4.0,1095.8333333333335,-3.9225519952328938
uniform,4.0,1125.0,-4.288241989232901
uniform,4.0,1154.1666666666667,-4.653931983232894
uniform,4.0,1183.3333333333335,-5.0196219772328945
uniform,4.0,1212.5,-5.385311971232895
uniform,4.0,1241.6666666666667,-5.751001965232881
uniform,4.0,1270.8333333333335,-6.116691959232888
uniform,4.0,1300.0,-6.482381953232881
uniform,4.0,1329.1666666666667,-6.848071947232896
uniform,4.0,1358.3333333333335,-7.213761941232882
uniform,4.0,1387.5,-7.579451935232882
uniform,4.0,1416.6666666666667,-7.945141929232875
uniform,4.0,1445.8333333333335,-8.310831923232875
uniform,4.0,1475.0,-8.676521917232868
uniform,4.0,1504.1666666666667,-9.0
uniform,4.0,1533.3333333333335,-9.000000000000007
uniform,4.0,1562.5,-9.000000000000007
uniform,4.0,1591.6666666666667,-9.000000000000007
uniform,4.0,1620.8333333333335,-9.000000000000007
uniform,4.0,1650.0,-9.000000000000007
uniform,4.0,1679.1666666666667,-9.0
uniform,4.0,1708.3333333333335,-9.0
uniform,4.0,1737.5,-9.000000000000007
uniform,4.0,1766.6666666666667,-9.000000000000007
uniform,4.0,1795.8333333333335,-9.000000000000007
uniform,4.0,1825.0,-9.0
uniform,4.0,1854.1666666666667,-9.0
uniform,4.0,1883.3333333333335,-8.999999999999993
uniform,4.0,1912.5,-8.999999999999993
uniform,4.0,1941.6666666666667,-9.0
uniform,4.0,1970.8333333333335,-9.0
uniform,4.0,2000.0,-9.0
uniform,6.0,250.0,5.629516392123044
uniform,6.0,279.1666666666667,4.986477991747783
uniform,6.0,308.3333333333333,4.544489058715925
uniform,6.0,337.5,4.102500125684063
uniform,6.0,366.6666666666667,3.6605111926522014
uniform,6.0,395.83333333333337,3.2185222596203396
uniform,6.0,425.0,2.7765333265884777
uniform,6.0,454.1666666666667,2.334544393556616
uniform,6.0,483.33333333333337,1.8925554605247576
uniform,6.0,512.5,1.450566527492903
uniform,6.0,541.6666666666667,1.025557890767061
uniform,6.0,570.8333333333334,0.6598678967670679
uniform,6.0,600.0,0.2941779027670606
uniform,6.0,629.1666666666667,-0.07151209123293256
uniform,6.0,658.3333333333334,-0.4372020852329257
uniform,6.0,687.5,-0.802892079232933
uniform,6.0,716.6666666666667,-1.1685820732329262
uniform,6.0,745.8333333333334,-1.5342720672329264
uniform,6.0,775.0,-1.8999620612329267
uniform,6.0,804.1666666666667,-2.26565205523292
uniform,6.0,833.3333333333334,-2.63134204923292
uniform,6.0,862.5,-2.997032043232913
uniform,6.0,891.6666666666667,-3.3627220372329134
uniform,6.0,920.8333333333334,-3.7284120312329136
uniform,6.0,950.0,-4.094102025232907
uniform,6.0,979.1666666666667,-4.459792019232907
uniform,6.0,1008.3333333333334,-4.8254820132329
uniform,6.0,1037.5,-5.1911720072329
uniform,6.0,1066.6666666666667,-5.556862001232901
uniform,6.0,1095.8333333333335,-5.922551995232894
uniform,6.0,1125.0,-6.288241989232901
uniform,6.0,1154.1666666666667,-6.653931983232894
uniform,6.0,1183.3333333333335,-7.0196219772328945
uniform,6.0,1212.5,-7.385311971232895
uniform,6.0,1241.6666666666667,-7.751001965232881
uniform,6.0,1270.8333333333335,-8.116691959232888
uniform,6.0,1300.0,-8.482381953232881
uniform,6.0,1329.1666666666667,-8.848071947232896
uniform,6.0,1358.3333333333335,-9.213761941232882
uniform,6.0,1387.5,-9.579451935232882
uniform,6.0,1416.6666666666667,-9.945141929232875
uniform,6.0,1445.8333333333335,-10.310831923232875
uniform,6.0,1475.0,-10.676521917232868
uniform,6.0,1504.1666666666667,-11.0
uniform,6.0,1533.3333333333335,-11.000000000000007
uniform,6.0,1562.5,-11.000000000000007
uniform,6.0,1591.6666666666667,-11.000000000000007
uniform,6.0,1620.8333333333335,-11.000000000000007
uniform,6.0,1650.0,-11.000000000000007
uniform,6.0,1679.1666666666667,-11.0
uniform,6.0,1708.3333333333335,-11.0
uniform,6.0,1737.5,-11.000000000000007
uniform,6.0,1766.6666666666667,-11.000000000000007
uniform,6.0,1795.8333333333335,-11.000000000000007
uniform,6.0,1825.0,-11.0
uniform,6.0,1854.1666666666667,-11.0
uniform,6.0,1883.3333333333335,-10.999999999999993
uniform,6.0,1912.5,-10.999999999999993
uniform,6.0,1941.6666666666667,-11.0
uniform,6.0,1970.8333333333335,-11.0
uniform,6.0,2000.0,-11.0
uniform,8.0,250.0,3.629516392123044
uniform,8.0,279.1666666666667,2.9864779917477833
uniform,8.0,308.3333333333333,2.544489058715925
uniform,8.0,337.5,2.102500125684063
uniform,8.0,366.6666666666667,1.6605111926522014
uniform,8.0,395.83333333333337,1.2185222596203396
uniform,8.0,425.0,0.7765333265884777
uniform,8.0,454.1666666666667,0.33454439355661236
uniform,8.0,483.33333333333337,-0.1074445394752388
uniform,8.0,512.5,-0.5494334725070971
uniform,8.0,541.6666666666667,-0.974442109232939
uniform,8.0,570.8333333333334,-1.340132103232932
uniform,8.0,600.0,-1.7058220972329394
uniform,8.0,629.1666666666667,-2.0715120912329326
uniform,8.0,658.3333333333334,-2.4372020852329257
uniform,8.0,687.5,-2.802892079232933
uniform,8.0,716.6666666666667,-3.168582073232926
uniform,8.0,745.8333333333334,-3.5342720672329264
uniform,8.0,775.0,-3.8999620612329267
uniform,8.0,804.1666666666667,-4.26565205523292
uniform,8.0,833.3333333333334,-4.63134204923292
uniform,8.0,862.5,-4.997032043232913
uniform,8.0,891.6666666666667,-5.362722037232913
uniform,8.0,920.8333333333334,-5.728412031232914
uniform,8.0,950.0,-6.094102025232907
uniform,8.0,979.1666666666667,-6.459792019232907
uniform,8.0,1008.3333333333334,-6.8254820132329
uniform,8.0,1037.5,-7.1911720072329
uniform,8.0,1066.6666666666667,-7.556862001232901
uniform,8.0,1095.8333333333335,-7.922551995232894
uniform,8.0,1125.0,-8.288241989232901
uniform,8.0,1154.1666666666667,-8.653931983232894
uniform,8.0,1183.3333333333335,-9.019621977232894
uniform,8.0,1212.5,-9.385311971232895
uniform,8.0,1241.6666666666667,-9.75100196523288
uniform,8.0,1270.8333333333335,-10.116691959232888
uniform,8.0,1300.0,-10.482381953232881
uniform,8.0,1329.1666666666667,-10.848071947232896
uniform,8.0,1358.3333333333335,-11.213761941232882
uniform,8.0,1387.5,-11.579451935232882
uniform,8.0,1416.6666666666667,-11.945141929232875
uniform,8.0,1445.8333333333335,-12.310831923232875
uniform,8.0,1475.0,-12.676521917232868
uniform,8.0,1504.1666666666667,-13.0
uniform,8.0,1533.3333333333335,-13.000000000000007
uniform,8.0,1562.5,-13.000000000000007
uniform,8.0,1591.6666666666667,-13.000000000000007
uniform,8.0,1620.8333333333335,-13.000000000000007
uniform,8.0,1650.0,-13.000000000000007
uniform,8.0,1679.1666666666667,-13.0
uniform,8.0,1708.3333333333335,-13.0
uniform,8.0,1737.5,-13.000000000000007
uniform,8.0,1766.6666666666667,-13.000000000000007
uniform,8.0,1795.8333333333335,-13.000000000000007
uniform,8.0,1825.0,-13.0
uniform,8.0,1854.1666666666667,-13.0
uniform,8.0,1883.3333333333335,-12.999999999999993
uniform,8.0,1912.5,-12.999999999999993
uniform,8.0,1941.6666666666667,-13.0
uniform,8.0,1970.8333333333335,-13.0
uniform,8.0,2000.0,-13.0
uniform,10.0,250.0,1.629516392123044
uniform,10.0,279.1666666666667,0.9864779917477833
uniform,10.0,308.3333333333333,0.544489058715925
uniform,10.0,337.5,0.10250012568406319
uniform,10.0,366.6666666666667,-0.3394888073477986
uniform,10.0,395.83333333333337,-0.781477740379664
uniform,10.0,425.0,-1.2234666734115223
uniform,10.0,454.1666666666667,-1.6654556064433876
uniform,10.0,483.33333333333337,-2.107444539475239
uniform,10.0,512.5,-2.549433472507097
uniform,10.0,541.6666666666667,-2.974442109232939
uniform,10.0,570.8333333333334,-3.340132103232932
uniform,10.0,600.0,-3.7058220972329394
uniform,10.0,629.1666666666667,-4.071512091232933
uniform,10.0,658.3333333333334,-4.437202085232926
uniform,10.0,687.5,-4.802892079232933
uniform,10.0,716.6666666666667,-5.168582073232926
uniform,10.0,745.8333333333334,-5.534272067232926
uniform,10.0,775.0,-5.899962061232927
uniform,10.0,804.1666666666667,-6.26565205523292
uniform,10.0,833.3333333333334,-6.63134204923292
uniform,10.0,862.5,-6.997032043232913
uniform,10.0,891.6666666666667,-7.362722037232913
uniform,10.0,920.8333333333334,-7.728412031232914
uniform,10.0,950.0,-8.094102025232907
uniform,10.0,979.1666666666667,-8.459792019232907
uniform,10.0,1008.3333333333334,-8.8254820132329
uniform,10.0,1037.5,-9.1911720072329
uniform,10.0,1066.6666666666667,-9.5568620012329
uniform,10.0,1095.8333333333335,-9.922551995232894
uniform,10.0,1125.0,-10.288241989232901
uniform,10.0,1154.1666666666667,-10.653931983232894
uniform,10.0,1183.3333333333335,-11.019621977232894
uniform,10.0,1212.5,-11.385311971232895
uniform,10.0,1241.6666666666667,-11.75100196523288
uniform,10.0,1270.8333333333335,-12.116691959232888
uniform,10.0,1300.0,-12.482381953232881
uniform,10.0,1329.1666666666667,-12.848071947232896
uniform,10.0,1358.3333333333335,-13.213761941232882
uniform,10.0,1387.5,-13.579451935232882
uniform,10.0,1416.6666666666667,-13.945141929232875
uniform,10.0,1445.8333333333335,-14.310831923232875
uniform,10.0,1475.0,-14.676521917232868
uniform,10.0,1504.1666666666667,-15.0
uniform,10.0,1533.3333333333335,-15.000000000000007
uniform,10.0,1562.5,-15.000000000000007
uniform,10.0,1591.6666666666667,-15.000000000000007
uniform,10.0,1620.8333333333335,-15.000000000000007
uniform,10.0,1650.0,-15.000000000000007
uniform,10.0,1679.1666666666667,-15.0
uniform,10.0,1708.3333333333335,-15.0
uniform,10.0,1737.5,-15.000000000000007
uniform,10.0,1766.6666666666667,-15.000000000000007
uniform,10.0,1795.8333333333335,-15.000000000000007
uniform,10.0,1825.0,-15.0
uniform,10.0,1854.1666666666667,-15.0
uniform,10.0,1883.3333333333335,-14.999999999999993
uniform,10.0,1912.5,-14.999999999999993
uniform,10.0,1941.6666666666667,-15.0
uniform,10.0,1970.8333333333335,-15.0
uniform,10.0,2000.0,-15.0
uniform,12.0,250.0,-0.370483607876956
uniform,12.0,279.1666666666667,-1.0135220082522132
uniform,12.0,308.3333333333333,-1.455510941284075
uniform,12.0,337.5,-1.8974998743159368
uniform,12.0,366.6666666666667,-2.3394888073477986
uniform,12.0,395.83333333333337,-2.781477740379664
uniform,12.0,425.0,-3.2234666734115223
uniform,12.0,454.1666666666667,-3.6654556064433876
uniform,12.0,483.33333333333337,-4.107444539475239
uniform,12.0,512.5,-4.549433472507097
uniform,12.0,541.6666666666667,-4.974442109232939
uniform,12.0,570.8333333333334,-5.340132103232932
uniform,12.0,600.0,-5.705822097232939
uniform,12.0,629.1666666666667,-6.071512091232933
uniform,12.0,658.3333333333334,-6.437202085232926
uniform,12.0,687.5,-6.802892079232933
uniform,12.0,716.6666666666667,-7.168582073232926
uniform,12.0,745.8333333333334,-7.534272067232926
uniform,12.0,775.0,-7.899962061232927
uniform,12.0,804.1666666666667,-8.26565205523292
uniform,12.0,833.3333333333334,-8.63134204923292
uniform,12.0,862.5,-8.997032043232913
uniform,12.0,891.6666666666667,-9.362722037232913
uniform,12.0,920.8333333333334,-9.728412031232914
uniform,12.0,950.0,-10.094102025232907
uniform,12.0,979.1666666666667,-10.459792019232907
uniform,12.0,1008.3333333333334,-10.8254820132329
uniform,12.0,1037.5,-11.1911720072329
uniform,12.0,1066.6666666666667,-11.5568620012329
uniform,12.0,1095.8333333333335,-11.922551995232894
uniform,12.0,1125.0,-12.288241989232901
uniform,12.0,1154.1666666666667,-12.653931983232894
uniform,12.0,1183.3333333333335,-13.019621977232894
uniform,12.0,1212.5,-13.385311971232895
uniform,12.0,1241.6666666666667,-13.75100196523288
uniform,12.0,1270.8333333333335,-14.116691959232888
uniform,12.0,1300.0,-14.482381953232881
uniform,12.0,1329.1666666666667,-14.848071947232896
uniform,12.0,1358.3333333333335,-15.213761941232882
uniform,12.0,1387.5,-15.579451935232882
uniform,12.0,1416.6666666666667,-15.945141929232875
uniform,12.0,1445.8333333333335,-16.310831923232875
uniform,12.0,1475.0,-16.67652191723287
uniform,12.0,1504.1666666666667,-17.0
uniform,12.0,1533.3333333333335,-17.000000000000007
uniform,12.0,1562.5,-17.000000000000007
uniform,12.0,1591.6666666666667,-17.000000000000007
uniform,12.0,1620.8333333333335,-17.000000000000007
uniform,12.0,1650.0,-17.000000000000007
uniform,12.0,1679.1666666666667,-17.0
uniform,12.0,1708.3333333333335,-17.0
uniform,12.0,1737.5,-17.000000000000007
uniform,12.0,1766.6666666666667,-17.000000000000007
uniform,12.0,1795.8333333333335,-17.000000000000007
uniform,12.0,1825.0,-17.0
uniform,12.0,1854.1666666666667,-17.0
uniform,12.0,1883.3333333333335,-16.999999999999993
uniform,12.0,1912.5,-16.999999999999993
uniform,12.0,1941.6666666666667,-17.0
uniform,12.0,1970.8333333333335,-17.0
uniform,12.0,2000.0,-17.0
uniform,14.0,250.0,-2.370483607876956
uniform,14.0,279.1666666666667,-3.013522008252213
uniform,14.0,308.3333333333333,-3.455510941284075
uniform,14.0,337.5,-3.897499874315937
uniform,14.0,366.6666666666667,-4.339488807347799
uniform,14.0,395.83333333333337,-4.781477740379664
uniform,14.0,425.0,-5.223466673411522
uniform,14.0,454.1666666666667,-5.665455606443388
uniform,14.0,483.33333333333337,-6.107444539475239
uniform,14.0,512.5,-6.549433472507097
uniform,14.0,541.6666666666667,-6.974442109232939
uniform,14.0,570.8333333333334,-7.340132103232932
uniform,14.0,600.0,-7.705822097232939
uniform,14.0,629.1666666666667,-8.071512091232933
uniform,14.0,658.3333333333334,-8.437202085232926
uniform,14.0,687.5,-8.802892079232933
uniform,14.0,716.6666666666667,-9.168582073232926
uniform,14.0,745.8333333333334,-9.534272067232926
uniform,14.0,775.0,-9.899962061232927
uniform,14.0,804.1666666666667,-10.26565205523292
uniform,14.0,833.3333333333334,-10.63134204923292
uniform,14.0,862.5,-10.997032043232913
uniform,14.0,891.6666666666667,-11.362722037232913
uniform,14.0,920.8333333333334,-11.728412031232914
uniform,14.0,950.0,-12.094102025232907
uniform,14.0,979.1666666666667,-12.459792019232907
uniform,14.0,1008.3333333333334,-12.8254820132329
uniform,14.0,1037.5,-13.1911720072329
uniform,14.0,1066.6666666666667,-13.5568620012329
uniform,14.0,1095.8333333333335,-13.922551995232894
uniform,14.0,1125.0,-14.288241989232901
uniform,14.0,1154.1666666666667,-14.653931983232894
uniform,14.0,1183.3333333333335,-15.019621977232894
uniform,14.0,1212.5,-15.385311971232895
uniform,14.0,1241.6666666666667,-15.75100196523288
uniform,14.0,1270.8333333333335,-16.116691959232888
uniform,14.0,1300.0,-16.48238195323288
uniform,14.0,1329.1666666666667,-16.848071947232896
uniform,14.0,1358.3333333333335,-17.21376194123288
uniform,14.0,1387.5,-17.579451935232882
uniform,14.0,1416.6666666666667,-17.945141929232875
uniform,14.0,1445.8333333333335,-18.310831923232875
uniform,14.0,1475.0,-18.67652191723287
uniform,14.0,1504.1666666666667,-19.0
uniform,14.0,1533.3333333333335,-19.000000000000007
uniform,14.0,1562.5,-19.000000000000007
uniform,14.0,1591.6666666666667,-19.000000000000007
uniform,14.0,1620.8333333333335,-19.000000000000007
uniform,14.0,1650.0,-19.000000000000007
uniform,14.0,1679.1666666666667,-19.0
uniform,14.0,1708.3333333333335,-19.0
uniform,14.0,1737.5,-19.000000000000007
uniform,14.0,1766.6666666666667,-19.000000000000007
uniform,14.0,1795.8333333333335,-19.000000000000007
uniform,14.0,1825.0,-19.0
uniform,14.0,1854.1666666666667,-19.0
uniform,14.0,1883.3333333333335,-18.999999999999993
uniform,14.0,1912.5,-18.999999999999993
uniform,14.0,1941.6666666666667,-19.0
uniform,14.0,1970.8333333333335,-19.0
uniform,14.0,2000.0,-19.0
uniform,16.0,250.0,-4.370483607876956
uniform,16.0,279.1666666666667,-5.013522008252213
uniform,16.0,308.3333333333333,-5.455510941284075
uniform,16.0,337.5,-5.897499874315937
uniform,16.0,366.6666666666667,-6.339488807347799
uniform,16.0,395.83333333333337,-6.781477740379664
uniform,16.0,425.0,-7.223466673411522
uniform,16.0,454.1666666666667,-7.665455606443388
uniform,16.0,483.33333333333337,-8.107444539475239
uniform,16.0,512.5,-8.549433472507097
uniform,16.0,541.6666666666667,-8.974442109232939
uniform,16.0,570.8333333333334,-9.340132103232932
uniform,16.0,600.0,-9.70582209723294
uniform,16.0,629.1666666666667,-10.071512091232933
uniform,16.0,658.3333333333334,-10.437202085232926
uniform,16.0,687.5,-10.802892079232933
uniform,16.0,716.6666666666667,-11.168582073232926
uniform,16.0,745.8333333333334,-11.534272067232926
uniform,16.0,775.0,-11.899962061232927
uniform,16.0,804.1666666666667,-12.26565205523292
uniform,16.0,833.3333333333334,-12.63134204923292
uniform,16.0,862.5,-12.997032043232913
uniform,16.0,891.6666666666667,-13.362722037232913
uniform,16.0,920.8333333333334,-13.728412031232914
uniform,16.0,950.0,-14.094102025232907
uniform,16.0,979.1666666666667,-14.459792019232907
uniform,16.0,1008.3333333333334,-14.8254820132329
uniform,16.0,1037.5,-15.1911720072329
uniform,16.0,1066.6666666666667,-15.5568620012329
uniform,16.0,1095.8333333333335,-15.922551995232894
uniform,16.0,1125.0,-16.2882419892329
uniform,16.0,1154.1666666666667,-16.653931983232894
uniform,16.0,1183.3333333333335,-17.019621977232894
uniform,16.0,1212.5,-17.385311971232895
uniform,16.0,1241.6666666666667,-17.75100196523288
uniform,16.0,1270.8333333333335,-18.116691959232888
uniform,16.0,1300.0,-18.48238195323288
uniform,16.0,1329.1666666666667,-18.848071947232896
uniform,16.0,1358.3333333333335,-19.21376194123288
uniform,16.0,1387.5,-19.579451935232882
uniform,16.0,1416.6666666666667,-19.945141929232875
uniform,16.0,1445.8333333333335,-20.310831923232875
uniform,16.0,1475.0,-20.67652191723287
uniform,16.0,1504.1666666666667,-21.0
uniform,16.0,1533.3333333333335,-21.000000000000007
uniform,16.0,1562.5,-21.000000000000007
uniform,16.0,1591.6666666666667,-21.000000000000007
uniform,16.0,1620.8333333333335,-21.000000000000007
uniform,16.0,1650.0,-21.000000000000007
uniform,16.0,1679.1666666666667,-21.0
uniform,16.0,1708.3333333333335,-21.0
uniform,16.0,1737.5,-21.000000000000007
uniform,16.0,1766.6666666666667,-21.000000000000007
uniform,16.0,1795.8333333333335,-21.000000000000007
uniform,16.0,1825.0,-21.0
uniform,16.0,1854.1666666666667,-21.0
uniform,16.0,1883.3333333333335,-20.999999999999993
uniform,16.0,1912.5,-20.999999999999993
uniform,16.0,1941.6666666666667,-21.0
uniform,16.0,1970.8333333333335,-21.0
uniform,16.0,2000.0,-21.0
uniform,18.0,250.0,-6.370483607876956
uniform,18.0,279.1666666666667,-7.013522008252213
uniform,18.0,308.3333333333333,-7.455510941284075
uniform,18.0,337.5,-7.897499874315937
uniform,18.0,366.6666666666667,-8.339488807347799
uniform,18.0,395.83333333333337,-8.781477740379664
uniform,18.0,425.0,-9.223466673411522
uniform,18.0,454.1666666666667,-9.665455606443388
uniform,18.0,483.33333333333337,-10.107444539475239
uniform,18.0,512.5,-10.549433472507097
uniform,18.0,541.6666666666667,-10.974442109232939
uniform,18.0,570.8333333333334,-11.340132103232932
uniform,18.0,600.0,-11.70582209723294
uniform,18.0,629.1666666666667,-12.071512091232933
uniform,18.0,658.3333333333334,-12.437202085232926
uniform,18.0,687.5,-12.802892079232933
uniform,18.0,716.6666666666667,-13.168582073232926
uniform,18.0,745.8333333333334,-13.534272067232926
uniform,18.0,775.0,-13.899962061232927
uniform,18.0,804.1666666666667,-14.26565205523292
uniform,18.0,833.3333333333334,-14.63134204923292
uniform,18.0,862.5,-14.997032043232913
uniform,18.0,891.6666666666667,-15.362722037232913
uniform,18.0,920.8333333333334,-15.728412031232914
uniform,18.0,950.0,-16.094102025232907
uniform,18.0,979.1666666666667,-16.459792019232907
uniform,18.0,1008.3333333333334,-16.8254820132329
uniform,18.0,1037.5,-17.1911720072329
uniform,18.0,1066.6666666666667,-17.5568620012329
uniform,18.0,1095.8333333333335,-17.922551995232894
uniform,18.0,1125.0,-18.2882419892329
uniform,18.0,1154.1666666666667,-18.653931983232894
uniform,18.0,1183.3333333333335,-19.019621977232894
uniform,18.0,1212.5,-19.385311971232895
uniform,18.0,1241.6666666666667,-19.75100196523288
uniform,18.0,1270.8333333333335,-20.116691959232888
uniform,18.0,1300.0,-20.48238195323288
uniform,18.0,1329.1666666666667,-20.848071947232896
uniform,18.0,1358.3333333333335,-21.21376194123288
uniform,18.0,1387.5,-21.579451935232882
uniform,18.0,1416.6666666666667,-21.945141929232875
uniform,18.0,1445.8333333333335,-22.310831923232875
uniform,18.0,1475.0,-22.67652191723287
uniform,18.0,1504.1666666666667,-23.0
uniform,18.0,1533.3333333333335,-23.000000000000007
uniform,18.0,1562.5,-23.000000000000007
uniform,18.0,1591.6666666666667,-23.000000000000007
uniform,18.0,1620.8333333333335,-23.000000000000007
uniform,18.0,1650.0,-23.000000000000007
uniform,18.0,1679.1666666666667,-23.0
uniform,18.0,1708.3333333333335,-23.0
uniform,18.0,1737.5,-23.000000000000007
uniform,18.0,1766.6666666666667,-23.000000000000007
uniform,18.0,1795.8333333333335,-23.000000000000007
uniform,18.0,1825.0,-23.0
uniform,18.0,1854.1666666666667,-23.0
uniform,18.0,1883.3333333333335,-22.999999999999993
uniform,18.0,1912.5,-22.999999999999993
uniform,18.0,1941.6666666666667,-22.999999999999993
uniform,18.0,1970.8333333333335,-22.999999999999993
uniform,18.0,2000.0,-23.0
uniform,20.0,250.0,-8.370483607876956
uniform,20.0,279.1666666666667,-9.013522008252213
uniform,20.0,308.3333333333333,-9.455510941284075
uniform,20.0,337.5,-9.897499874315937
uniform,20.0,366.6666666666667,-10.339488807347799
uniform,20.0,395.83333333333337,-10.781477740379664
uniform,20.0,425.0,-11.223466673411522
uniform,20.0,454.1666666666667,-11.665455606443388
uniform,20.0,483.33333333333337,-12.107444539475239
uniform,20.0,512.5,-12.549433472507097
uniform,20.0,541.6666666666667,-12.974442109232939
uniform,20.0,570.8333333333334,-13.340132103232932
uniform,20.0,600.0,-13.70582209723294
uniform,20.0,629.1666666666667,-14.071512091232933
uniform,20.0,658.3333333333334,-14.437202085232926
uniform,20.0,687.5,-14.802892079232933
uniform,20.0,716.6666666666667,-15.168582073232926
uniform,20.0,745.8333333333334,-15.534272067232926
uniform,20.0,775.0,-15.899962061232927
uniform,20.0,804.1666666666667,-16.26565205523292
uniform,20.0,833.3333333333334,-16.63134204923292
uniform,20.0,862.5,-16.997032043232913
uniform,20.0,891.6666666666667,-17.362722037232913
uniform,20.0,920.8333333333334,-17.728412031232914
uniform,20.0,950.0,-18.094102025232907
uniform,20.0,979.1666666666667,-18.459792019232907
uniform,20.0,1008.3333333333334,-18.8254820132329
uniform,20.0,1037.5,-19.1911720072329
uniform,20.0,1066.6666666666667,-19.5568620012329
uniform,20.0,1095.8333333333335,-19.922551995232894
uniform,20.0,1125.0,-20.2882419892329
uniform,20.0,1154.1666666666667,-20.653931983232894
uniform,20.0,1183.3333333333335,-21.019621977232894
uniform,20.0,1212.5,-21.385311971232895
uniform,20.0,1241.6666666666667,-21.75100196523288
uniform,20.0,1270.8333333333335,-22.116691959232888
uniform,20.0,1300.0,-22.48238195323288
uniform,20.0,1329.1666666666667,-22.848071947232896
uniform,20.0,1358.3333333333335,-23.21376194123288
uniform,20.0,1387.5,-23.579451935232882
uniform,20.0,1416.6666666666667,-23.945141929232875
uniform,20.0,1445.8333333333335,-24.310831923232875
uniform,20.0,1475.0,-24.67652191723287
uniform,20.0,1504.1666666666667,-25.0
uniform,20.0,1533.3333333333335,-25.000000000000007
uniform,20.0,1562.5,-25.000000000000007
uniform,20.0,1591.6666666666667,-25.0
uniform,20.0,1620.8333333333335,-25.000000000000007
uniform,20.0,1650.0,-25.000000000000014
uniform,20.0,1679.1666666666667,-25.0
uniform,20.0,1708.3333333333335,-25.0
uniform,20.0,1737.5,-25.000000000000007
uniform,20.0,1766.6666666666667,-25.0
uniform,20.0,1795.8333333333335,-25.0
uniform,20.0,1825.0,-25.000000000000007
uniform,20.0,1854.1666666666667,-25.000000000000007
uniform,20.0,1883.3333333333335,-24.999999999999986
uniform,20.0,1912.5,-24.999999999999986
uniform,20.0,1941.6666666666667,-24.999999999999993
uniform,20.0,1970.8333333333335,-24.999999999999993
uniform,20.0,2000.0,-25.0
uniform,22.0,250.0,-10.370483607876956
uniform,22.0,279.1666666666667,-11.013522008252213
uniform,22.0,308.3333333333333,-11.455510941284075
uniform,22.0,337.5,-11.897499874315937
uniform,22.0,366.6666666666667,-12.339488807347799
uniform,22.0,395.83333333333337,-12.781477740379664
uniform,22.0,425.0,-13.223466673411522
uniform,22.0,454.1666666666667,-13.665455606443388
uniform,22.0,483.33333333333337,-14.107444539475239
uniform,22.0,512.5,-14.549433472507097
uniform,22.0,541.6666666666667,-14.974442109232939
uniform,22.0,570.8333333333334,-15.340132103232932
uniform,22.0,600.0,-15.70582209723294
uniform,22.0,629.1666666666667,-16.071512091232933
uniform,22.0,658.3333333333334,-16.437202085232926
uniform,22.0,687.5,-16.802892079232933
uniform,22.0,716.6666666666667,-17.168582073232926
uniform,22.0,745.8333333333334,-17.534272067232926
uniform,22.0,775.0,-17.899962061232927
uniform,22.0,804.1666666666667,-18.26565205523292
uniform,22.0,833.3333333333334,-18.63134204923292
uniform,22.0,862.5,-18.997032043232913
uniform,22.0,891.6666666666667,-19.362722037232913
uniform,22.0,920.8333333333334,-19.728412031232914
uniform,22.0,950.0,-20.094102025232907
uniform,22.0,979.1666666666667,-20.459792019232907
uniform,22.0,1008.3333333333334,-20.8254820132329
uniform,22.0,1037.5,-21.1911720072329
uniform,22.0,1066.6666666666667,-21.5568620012329
uniform,22.0,1095.8333333333335,-21.922551995232894
uniform,22.0,1125.0,-22.2882419892329
uniform,22.0,1154.1666666666667,-22.653931983232894
uniform,22.0,1183.3333333333335,-23.019621977232894
uniform,22.0,1212.5,-23.385311971232895
uniform,22.0,1241.6666666666667,-23.75100196523288
uniform,22.0,1270.8333333333335,-24.116691959232888
uniform,22.0,1300.0,-24.48238195323288
uniform,22.0,1329.1666666666667,-24.848071947232896
uniform,22.0,1358.3333333333335,-25.21376194123288
uniform,22.0,1387.5,-25.579451935232882
uniform,22.0,1416.6666666666667,-25.945141929232882
uniform,22.0,1445.8333333333335,-26.31083192323287
uniform,22.0,1475.0,-26.676521917232876
uniform,22.0,1504.1666666666667,-26.999999999999993
uniform,22.0,1533.3333333333335,-27.000000000000007
uniform,22.0,1562.5,-27.0
uniform,22.0,1591.6666666666667,-27.0
uniform,22.0,1620.8333333333335,-27.000000000000007
uniform,22.0,1650.0,-27.000000000000014
uniform,22.0,1679.1666666666667,-27.0
uniform,22.0,1708.3333333333335,-27.0
uniform,22.0,1737.5,-27.000000000000007
uniform,22.0,1766.6666666666667,-27.0
uniform,22.0,1795.8333333333335,-27.0
uniform,22.0,1825.0,-27.000000000000007
uniform,22.0,1854.1666666666667,-27.000000000000007
uniform,22.0,1883.3333333333335,-26.999999999999986
uniform,22.0,1912.5,-26.999999999999986
uniform,22.0,1941.6666666666667,-26.999999999999993
uniform,22.0,1970.8333333333335,-26.999999999999993
uniform,22.0,2000.0,-27.0
uniform,24.0,250.0,-12.370483607876956
uniform,24.0,279.1666666666667,-13.013522008252213
uniform,24.0,308.3333333333333,-13.455510941284075
uniform,24.0,337.5,-13.897499874315937
uniform,24.0,366.6666666666667,-14.339488807347799
uniform,24.0,395.83333333333337,-14.781477740379664
uniform,24.0,425.0,-15.223466673411522
uniform,24.0,454.1666666666667,-15.665455606443388
uniform,24.0,483.33333333333337,-16.10744453947524
uniform,24.0,512.5,-16.549433472507097
uniform,24.0,541.6666666666667,-16.97444210923294
uniform,24.0,570.8333333333334,-17.340132103232932
uniform,24.0,600.0,-17.70582209723294
uniform,24.0,629.1666666666667,-18.071512091232933
uniform,24.0,658.3333333333334,-18.437202085232926
uniform,24.0,687.5,-18.802892079232933
uniform,24.0,716.6666666666667,-19.168582073232926
uniform,24.0,745.8333333333334,-19.534272067232926
uniform,24.0,775.0,-19.899962061232927
uniform,24.0,804.1666666666667,-20.26565205523292
uniform,24.0,833.3333333333334,-20.63134204923292
uniform,24.0,862.5,-20.997032043232913
uniform,24.0,891.6666666666667,-21.362722037232913
uniform,24.0,920.8333333333334,-21.728412031232914
uniform,24.0,950.0,-22.094102025232907
uniform,24.0,979.1666666666667,-22.459792019232907
uniform,24.0,1008.3333333333334,-22.8254820132329
uniform,24.0,1037.5,-23.1911720072329
uniform,24.0,1066.6666666666667,-23.5568620012329
uniform,24.0,1095.8333333333335,-23.922551995232894
uniform,24.0,1125.0,-24.2882419892329
uniform,24.0,1154.1666666666667,-24.653931983232894
uniform,24.0,1183.3333333333335,-25.019621977232894
uniform,24.0,1212.5,-25.385311971232895
uniform,24.0,1241.6666666666667,-25.75100196523288
uniform,24.0,1270.8333333333335,-26.116691959232888
uniform,24.0,1300.0,-26.48238195323288
uniform,24.0,1329.1666666666667,-26.848071947232896
uniform,24.0,1358.3333333333335,-27.21376194123289
uniform,24.0,1387.5,-27.579451935232875
uniform,24.0,1416.6666666666667,-27.945141929232882
uniform,24.0,1445.8333333333335,-28.31083192323287
uniform,24.0,1475.0,-28.676521917232876
uniform,24.0,1504.1666666666667,-28.999999999999993
uniform,24.0,1533.3333333333335,-29.000000000000007
uniform,24.0,1562.5,-29.0
uniform,24.0,1591.6666666666667,-29.0
uniform,24.0,1620.8333333333335,-29.000000000000007
uniform,24.0,1650.0,-29.000000000000014
uniform,24.0,1679.1666666666667,-29.0
uniform,24.0,1708.3333333333335,-29.0
uniform,24.0,1737.5,-29.000000000000007
uniform,24.0,1766.6666666666667,-29.0
uniform,24.0,1795.8333333333335,-29.0
uniform,24.0,1825.0,-29.000000000000007
uniform,24.0,1854.1666666666667,-29.000000000000007
uniform,24.0,1883.3333333333335,-28.999999999999986
uniform,24.0,1912.5,-28.999999999999986
uniform,24.0,1941.6666666666667,-28.999999999999993
uniform,24.0,1970.8333333333335,-28.999999999999993
uniform,24.0,2000.0,-29.0
uniform,26.0,250.0,-14.370483607876956
uniform,26.0,279.1666666666667,-15.013522008252213
uniform,26.0,308.3333333333333,-15.455510941284075
uniform,26.0,337.5,-15.897499874315937
uniform,26.0,366.6666666666667,-16.3394888073478
uniform,26.0,395.83333333333337,-16.781477740379664
uniform,26.0,425.0,-17.223466673411522
uniform,26.0,454.1666666666667,-17.665455606443388
uniform,26.0,483.33333333333337,-18.10744453947524
uniform,26.0,512.5,-18.549433472507097
uniform,26.0,541.6666666666667,-18.97444210923294
uniform,26.0,570.8333333333334,-19.340132103232932
uniform,26.0,600.0,-19.70582209723294
uniform,26.0,629.1666666666667,-20.071512091232933
uniform,26.0,658.3333333333334,-20.437202085232926
uniform,26.0,687.5,-20.802892079232933
uniform,26.0,716.6666666666667,-21.168582073232926
uniform,26.0,745.8333333333334,-21.534272067232926
uniform,26.0,775.0,-21.899962061232927
uniform,26.0,804.1666666666667,-22.26565205523292
uniform,26.0,833.3333333333334,-22.63134204923292
uniform,26.0,862.5,-22.997032043232913
uniform,26.0,891.6666666666667,-23.362722037232913
uniform,26.0,920.8333333333334,-23.728412031232914
uniform,26.0,950.0,-24.094102025232907
uniform,26.0,979.1666666666667,-24.459792019232907
uniform,26.0,1008.3333333333334,-24.8254820132329
uniform,26.0,1037.5,-25.1911720072329
uniform,26.0,1066.6666666666667,-25.5568620012329
uniform,26.0,1095.8333333333335,-25.922551995232894
uniform,26.0,1125.0,-26.2882419892329
uniform,26.0,1154.1666666666667,-26.653931983232894
uniform,26.0,1183.3333333333335,-27.019621977232894
uniform,26.0,1212.5,-27.385311971232895
uniform,26.0,1241.6666666666667,-27.751001965232874
uniform,26.0,1270.8333333333335,-28.11669195923288
uniform,26.0,1300.0,-28.48238195323288
uniform,26.0,1329.1666666666667,-28.848071947232896
uniform,26.0,1358.3333333333335,-29.21376194123289
uniform,26.0,1387.5,-29.579451935232875
uniform,26.0,1416.6666666666667,-29.945141929232882
uniform,26.0,1445.8333333333335,-30.31083192323287
uniform,26.0,1475.0,-30.676521917232876
uniform,26.0,1504.1666666666667,-30.999999999999993
uniform,26.0,1533.3333333333335,-31.000000000000007
uniform,26.0,1562.5,-31.0
uniform,26.0,1591.6666666666667,-31.0
uniform,26.0,1620.8333333333335,-31.000000000000007
uniform,26.0,1650.0,-31.000000000000014
uniform,26.0,1679.1666666666667,-31.0
uniform,26.0,1708.3333333333335,-31.0
uniform,26.0,1737.5,-31.000000000000007
uniform,26.0,1766.6666666666667,-31.0
uniform,26.0,1795.8333333333335,-31.0
uniform,26.0,1825.0,-31.000000000000007
uniform,26.0,1854.1666666666667,-31.000000000000007
uniform,26.0,1883.3333333333335,-30.999999999999986
uniform,26.0,1912.5,-30.999999999999986
uniform,26.0,1941.6666666666667,-30.999999999999993
uniform,26.0,1970.8333333333335,-30.999999999999993
uniform,26.0,2000.0,-31.0
uniform,28.0,250.0,-16.370483607876956
uniform,28.0,279.1666666666667,-17.013522008252213
uniform,28.0,308.3333333333333,-17.455510941284075
uniform,28.0,337.5,-17.897499874315937
uniform,28.0,366.6666666666667,-18.3394888073478
uniform,28.0,395.83333333333337,-18.781477740379664
uniform,28.0,425.0,-19.223466673411522
uniform,28.0,454.1666666666667,-19.665455606443388
uniform,28.0,483.33333333333337,-20.10744453947524
uniform,28.0,512.5,-20.549433472507097
uniform,28.0,541.6666666666667,-20.97444210923294
uniform,28.0,570.8333333333334,-21.340132103232932
uniform,28.0,600.0,-21.70582209723294
uniform,28.0,629.1666666666667,-22.071512091232933
uniform,28.0,658.3333333333334,-22.437202085232926
uniform,28.0,687.5,-22.802892079232933
uniform,28.0,716.6666666666667,-23.168582073232926
uniform,28.0,745.8333333333334,-23.534272067232926
uniform,28.0,775.0,-23.899962061232927
uniform,28.0,804.1666666666667,-24.26565205523292
uniform,28.0,833.3333333333334,-24.63134204923292
uniform,28.0,862.5,-24.997032043232913
uniform,28.0,891.6666666666667,-25.362722037232913
uniform,28.0,920.8333333333334,-25.728412031232914
uniform,28.0,950.0,-26.094102025232907
uniform,28.0,979.1666666666667,-26.459792019232907
uniform,28.0,1008.3333333333334,-26.8254820132329
uniform,28.0,1037.5,-27.1911720072329
uniform,28.0,1066.6666666666667,-27.5568620012329
uniform,28.0,1095.8333333333335,-27.9225519952329
uniform,28.0,1125.0,-28.2882419892329
uniform,28.0,1154.1666666666667,-28.653931983232894
uniform,28.0,1183.3333333333335,-29.019621977232894
uniform,28.0,1212.5,-29.385311971232895
uniform,28.0,1241.6666666666667,-29.751001965232874
uniform,28.0,1270.8333333333335,-30.11669195923288
uniform,28.0,1300.0,-30.48238195323288
uniform,28.0,1329.1666666666667,-30.848071947232896
uniform,28.0,1358.3333333333335,-31.21376194123289
uniform,28.0,1387.5,-31.579451935232875
uniform,28.0,1416.6666666666667,-31.945141929232882
uniform,28.0,1445.8333333333335,-32.31083192323287
uniform,28.0,1475.0,-32.676521917232876
uniform,28.0,1504.1666666666667,-32.99999999999999
uniform,28.0,1533.3333333333335,-33.00000000000001
uniform,28.0,1562.5,-33.0
uniform,28.0,1591.6666666666667,-33.0
uniform,28.0,1620.8333333333335,-33.00000000000001
uniform,28.0,1650.0,-33.000000000000014
uniform,28.0,1679.1666666666667,-33.0
uniform,28.0,1708.3333333333335,-33.0
uniform,28.0,1737.5,-33.00000000000001
uniform,28.0,1766.6666666666667,-33.0
uniform,28.0,1795.8333333333335,-33.0
uniform,28.0,1825.0,-33.00000000000001
uniform,28.0,1854.1666666666667,-33.00000000000001
uniform,28.0,1883.3333333333335,-32.999999999999986
uniform,28.0,1912.5,-32.999999999999986
uniform,28.0,1941.6666666666667,-32.99999999999999
uniform,28.0,1970.8333333333335,-32.99999999999999
uniform,28.0,2000.0,-33.0
uniform,30.0,250.0,-18.370483607876956
uniform,30.0,279.1666666666667,-19.013522008252213
uniform,30.0,308.3333333333333,-19.455510941284075
uniform,30.0,337.5,-19.897499874315937
uniform,30.0,366.6666666666667,-20.3394888073478
uniform,30.0,395.83333333333337,-20.781477740379664
uniform,30.0,425.0,-21.223466673411522
uniform,30.0,454.1666666666667,-21.665455606443388
uniform,30.0,483.33333333333337,-22.10744453947524
uniform,30.0,512.5,-22.549433472507097
uniform,30.0,541.6666666666667,-22.97444210923294
uniform,30.0,570.8333333333334,-23.340132103232932
uniform,30.0,600.0,-23.70582209723294
uniform,30.0,629.1666666666667,-24.071512091232933
uniform,30.0,658.3333333333334,-24.437202085232926
uniform,30.0,687.5,-24.802892079232933
uniform,30.0,716.6666666666667,-25.168582073232926
uniform,30.0,745.8333333333334,-25.534272067232926
uniform,30.0,775.0,-25.899962061232927
uniform,30.0,804.1666666666667,-26.26565205523292
uniform,30.0,833.3333333333334,-26.63134204923292
uniform,30.0,862.5,-26.997032043232913
uniform,30.0,891.6666666666667,-27.362722037232913
uniform,30.0,920.8333333333334,-27.728412031232914
uniform,30.0,950.0,-28.094102025232907
uniform,30.0,979.1666666666667,-28.459792019232914
uniform,30.0,1008.3333333333334,-28.8254820132329
uniform,30.0,1037.5,-29.191172007232908
uniform,30.0,1066.6666666666667,-29.556862001232894
uniform,30.0,1095.8333333333335,-29.9225519952329
uniform,30.0,1125.0,-30.2882419892329
uniform,30.0,1154.1666666666667,-30.653931983232894
uniform,30.0,1183.3333333333335,-31.019621977232894
uniform,30.0,1212.5,-31.385311971232895
uniform,30.0,1241.6666666666667,-31.751001965232874
uniform,30.0,1270.8333333333335,-32.11669195923288
uniform,30.0,1300.0,-32.48238195323288
uniform,30.0,1329.1666666666667,-32.848071947232896
uniform,30.0,1358.3333333333335,-33.21376194123289
uniform,30.0,1387.5,-33.579451935232875
uniform,30.0,1416.6666666666667,-33.94514192923288
uniform,30.0,1445.8333333333335,-34.31083192323287
uniform,30.0,1475.0,-34.676521917232876
uniform,30.0,1504.1666666666667,-34.99999999999999
uniform,30.0,1533.3333333333335,-35.00000000000001
uniform,30.0,1562.5,-35.0
uniform,30.0,1591.6666666666667,-35.0
uniform,30.0,1620.8333333333335,-35.00000000000001
uniform,30.0,1650.0,-35.000000000000014
uniform,30.0,1679.1666666666667,-35.0
uniform,30.0,1708.3333333333335,-35.0
uniform,30.0,1737.5,-35.00000000000001
uniform,30.0,1766.6666666666667,-35.0
uniform,30.0,1795.8333333333335,-35.0
uniform,30.0,1825.0,-35.00000000000001
uniform,30.0,1854.1666666666667,-35.00000000000001
uniform,30.0,1883.3333333333335,-34.999999999999986
uniform,30.0,1912.5,-34.999999999999986
uniform,30.0,1941.6666666666667,-34.99999999999999
uniform,30.0,1970.8333333333335,-34.99999999999999
uniform,30.0,2000.0,-35.0
uniform,32.0,250.0,-20.370483607876956
uniform,32.0,279.1666666666667,-21.013522008252213
uniform,32.0,308.3333333333333,-21.455510941284075
uniform,32.0,337.5,-21.897499874315937
uniform,32.0,366.6666666666667,-22.3394888073478
uniform,32.0,395.83333333333337,-22.781477740379664
uniform,32.0,425.0,-23.223466673411522
uniform,32.0,454.1666666666667,-23.665455606443388
uniform,32.0,483.33333333333337,-24.10744453947524
uniform,32.0,512.5,-24.549433472507097
uniform,32.0,541.6666666666667,-24.97444210923294
uniform,32.0,570.8333333333334,-25.340132103232932
uniform,32.0,600.0,-25.70582209723294
uniform,32.0,629.1666666666667,-26.071512091232933
uniform,32.0,658.3333333333334,-26.437202085232926
uniform,32.0,687.5,-26.802892079232933
uniform,32.0,716.6666666666667,-27.168582073232926
uniform,32.0,745.8333333333334,-27.534272067232926
uniform,32.0,775.0,-27.899962061232927
uniform,32.0,804.1666666666667,-28.26565205523292
uniform,32.0,833.3333333333334,-28.63134204923292
uniform,32.0,862.5,-28.997032043232913
uniform,32.0,891.6666666666667,-29.362722037232913
uniform,32.0,920.8333333333334,-29.72841203123292
uniform,32.0,950.0,-30.094102025232907
uniform,32.0,979.1666666666667,-30.459792019232914
uniform,32.0,1008.3333333333334,-30.8254820132329
uniform,32.0,1037.5,-31.191172007232908
uniform,32.0,1066.6666666666667,-31.556862001232894
uniform,32.0,1095.8333333333335,-31.9225519952329
uniform,32.0,1125.0,-32.2882419892329
uniform,32.0,1154.1666666666667,-32.653931983232894
uniform,32.0,1183.3333333333335,-33.019621977232894
uniform,32.0,1212.5,-33.385311971232895
uniform,32.0,1241.6666666666667,-33.751001965232874
uniform,32.0,1270.8333333333335,-34.11669195923288
uniform,32.0,1300.0,-34.48238195323288
uniform,32.0,1329.1666666666667,-34.848071947232896
uniform,32.0,1358.3333333333335,-35.21376194123289
uniform,32.0,1387.5,-35.579451935232875
uniform,32.0,1416.6666666666667,-35.94514192923288
uniform,32.0,1445.8333333333335,-36.31083192323287
uniform,32.0,1475.0,-36.676521917232876
uniform,32.0,1504.1666666666667,-36.99999999999999
uniform,32.0,1533.3333333333335,-37.00000000000001
uniform,32.0,1562.5,-37.0
uniform,32.0,1591.6666666666667,-37.0
uniform,32.0,1620.8333333333335,-37.00000000000001
uniform,32.0,1650.0,-37.000000000000014
uniform,32.0,1679.1666666666667,-37.0
uniform,32.0,1708.3333333333335,-37.0
uniform,32.0,1737.5,-37.00000000000001
uniform,32.0,1766.6666666666667,-37.0
uniform,32.0,1795.8333333333335,-37.0
uniform,32.0,1825.0,-37.00000000000001
uniform,32.0,1854.1666666666667,-37.00000000000001
uniform,32.0,1883.3333333333335,-36.999999999999986
uniform,32.0,1912.5,-36.999999999999986
uniform,32.0,1941.6666666666667,-36.99999999999999
uniform,32.0,1970.8333333333335,-36.99999999999999
uniform,32.0,2000.0,-37.0
uniform,34.0,250.0,-22.370483607876956
uniform,34.0,279.1666666666667,-23.013522008252213
uniform,34.0,308.3333333333333,-23.455510941284075
uniform,34.0,337.5,-23.897499874315937
uniform,34.0,366.6666666666667,-24.3394888073478
uniform,34.0,395.83333333333337,-24.781477740379664
uniform,34.0,425.0,-25.223466673411522
uniform,34.0,454.1666666666667,-25.665455606443388
uniform,34.0,483.33333333333337,-26.10744453947524
uniform,34.0,512.5,-26.549433472507097
uniform,34.0,541.6666666666667,-26.97444210923294
uniform,34.0,570.8333333333334,-27.340132103232932
uniform,34.0,600.0,-27.70582209723294
uniform,34.0,629.1666666666667,-28.071512091232933
uniform,34.0,658.3333333333334,-28.437202085232926
uniform,34.0,687.5,-28.802892079232933
uniform,34.0,716.6666666666667,-29.168582073232926
uniform,34.0,745.8333333333334,-29.534272067232926
uniform,34.0,775.0,-29.899962061232927
uniform,34.0,804.1666666666667,-30.26565205523292
uniform,34.0,833.3333333333334,-30.63134204923292
uniform,34.0,862.5,-30.997032043232913
uniform,34.0,891.6666666666667,-31.362722037232913
uniform,34.0,920.8333333333334,-31.72841203123292
uniform,34.0,950.0,-32.09410202523291
uniform,34.0,979.1666666666667,-32.459792019232914
uniform,34.0,1008.3333333333334,-32.8254820132329
uniform,34.0,1037.5,-33.19117200723291
uniform,34.0,1066.6666666666667,-33.55686200123289
uniform,34.0,1095.8333333333335,-33.9225519952329
uniform,34.0,1125.0,-34.2882419892329
uniform,34.0,1154.1666666666667,-34.653931983232894
uniform,34.0,1183.3333333333335,-35.019621977232894
uniform,34.0,1212.5,-35.385311971232895
uniform,34.0,1241.6666666666667,-35.751001965232874
uniform,34.0,1270.8333333333335,-36.11669195923288
uniform,34.0,1300.0,-36.48238195323288
uniform,34.0,1329.1666666666667,-36.848071947232896
uniform,34.0,1358.3333333333335,-37.21376194123289
uniform,34.0,1387.5,-37.579451935232875
uniform,34.0,1416.6666666666667,-37.94514192923288
uniform,34.0,1445.8333333333335,-38.31083192323287
uniform,34.0,1475.0,-38.676521917232876
uniform,34.0,1504.1666666666667,-38.99999999999999
uniform,34.0,1533.3333333333335,-39.00000000000001
uniform,34.0,1562.5,-39.0
uniform,34.0,1591.6666666666667,-39.0
uniform,34.0,1620.8333333333335,-39.00000000000001
uniform,34.0,1650.0,-39.000000000000014
uniform,34.0,1679.1666666666667,-39.0
uniform,34.0,1708.3333333333335,-39.0
uniform,34.0,1737.5,-39.00000000000001
uniform,34.0,1766.6666666666667,-39.0
uniform,34.0,1795.8333333333335,-39.0
uniform,34.0,1825.0,-39.00000000000001
uniform,34.0,1854.1666666666667,-39.00000000000001
uniform,34.0,1883.3333333333335,-38.999999999999986
uniform,34.0,1912.5,-38.999999999999986
uniform,34.0,1941.6666666666667,-38.99999999999999
uniform,34.0,1970.8333333333335,-38.99999999999999
uniform,34.0,2000.0,-39.0
uniform,36.0,250.0,-24.370483607876956
uniform,36.0,279.1666666666667,-25.013522008252213
uniform,36.0,308.3333333333333,-25.455510941284075
uniform,36.0,337.5,-25.897499874315937
uniform,36.0,366.6666666666667,-26.3394888073478
uniform,36.0,395.83333333333337,-26.781477740379664
uniform,36.0,425.0,-27.223466673411522
uniform,36.0,454.1666666666667,-27.665455606443388
uniform,36.0,483.33333333333337,-28.10744453947524
uniform,36.0,512.5,-28.549433472507097
uniform,36.0,541.6666666666667,-28.97444210923294
uniform,36.0,570.8333333333334,-29.340132103232932
uniform,36.0,600.0,-29.70582209723294
uniform,36.0,629.1666666666667,-30.071512091232933
uniform,36.0,658.3333333333334,-30.437202085232933
uniform,36.0,687.5,-30.802892079232933
uniform,36.0,716.6666666666667,-31.168582073232926
uniform,36.0,745.8333333333334,-31.534272067232926
uniform,36.0,775.0,-31.899962061232927
uniform,36.0,804.1666666666667,-32.26565205523292
uniform,36.0,833.3333333333334,-32.63134204923292
uniform,36.0,862.5,-32.99703204323291
uniform,36.0,891.6666666666667,-33.36272203723291
uniform,36.0,920.8333333333334,-33.72841203123292
uniform,36.0,950.0,-34.09410202523291
uniform,36.0,979.1666666666667,-34.459792019232914
uniform,36.0,1008.3333333333334,-34.8254820132329
uniform,36.0,1037.5,-35.19117200723291
uniform,36.0,1066.6666666666667,-35.55686200123289
uniform,36.0,1095.8333333333335,-35.9225519952329
uniform,36.0,1125.0,-36.2882419892329
uniform,36.0,1154.1666666666667,-36.653931983232894
uniform,36.0,1183.3333333333335,-37.019621977232894
uniform,36.0,1212.5,-37.385311971232895
uniform,36.0,1241.6666666666667,-37.751001965232874
uniform,36.0,1270.8333333333335,-38.11669195923288
uniform,36.0,1300.0,-38.48238195323288
uniform,36.0,1329.1666666666667,-38.848071947232896
uniform,36.0,1358.3333333333335,-39.21376194123289
uniform,36.0,1387.5,-39.579451935232875
uniform,36.0,1416.6666666666667,-39.94514192923288
uniform,36.0,1445.8333333333335,-40.31083192323287
uniform,36.0,1475.0,-40.676521917232876
uniform,36.0,1504.1666666666667,-40.99999999999999
uniform,36.0,1533.3333333333335,-41.00000000000001
uniform,36.0,1562.5,-41.0
uniform,36.0,1591.6666666666667,-41.0
uniform,36.0,1620.8333333333335,-41.00000000000001
uniform,36.0,1650.0,-41.000000000000014
uniform,36.0,1679.1666666666667,-41.0
uniform,36.0,1708.3333333333335,-41.0
uniform,36.0,1737.5,-41.00000000000001
uniform,36.0,1766.6666666666667,-41.0
uniform,36.0,1795.8333333333335,-41.0
uniform,36.0,1825.0,-41.00000000000001
uniform,36.0,1854.1666666666667,-41.00000000000001
uniform,36.0,1883.3333333333335,-40.999999999999986
uniform,36.0,1912.5,-40.999999999999986
uniform,36.0,1941.6666666666667,-40.99999999999999
uniform,36.0,1970.8333333333335,-40.99999999999999
uniform,36.0,2000.0,-41.0
uniform,38.0,250.0,-26.370483607876956
uniform,38.0,279.1666666666667,-27.013522008252213
uniform,38.0,308.3333333333333,-27.455510941284075
uniform,38.0,337.5,-27.897499874315937
uniform,38.0,366.6666666666667,-28.3394888073478
uniform,38.0,395.83333333333337,-28.781477740379664
uniform,38.0,425.0,-29.223466673411522
uniform,38.0,454.1666666666667,-29.665455606443388
uniform,38.0,483.33333333333337,-30.10744453947524
uniform,38.0,512.5,-30.549433472507097
uniform,38.0,541.6666666666667,-30.974442109232946
uniform,38.0,570.8333333333334,-31.340132103232932
uniform,38.0,600.0,-31.70582209723294
uniform,38.0,629.1666666666667,-32.071512091232925
uniform,38.0,658.3333333333334,-32.43720208523293
uniform,38.0,687.5,-32.80289207923293
uniform,38.0,716.6666666666667,-33.168582073232926
uniform,38.0,745.8333333333334,-33.534272067232926
uniform,38.0,775.0,-33.89996206123293
uniform,38.0,804.1666666666667,-34.26565205523292
uniform,38.0,833.3333333333334,-34.63134204923292
uniform,38.0,862.5,-34.99703204323291
uniform,38.0,891.6666666666667,-35.36272203723291
uniform,38.0,920.8333333333334,-35.72841203123292
uniform,38.0,950.0,-36.09410202523291
uniform,38.0,979.1666666666667,-36.459792019232914
uniform,38.0,1008.3333333333334,-36.8254820132329
uniform,38.0,1037.5,-37.19117200723291
uniform,38.0,1066.6666666666667,-37.55686200123289
uniform,38.0,1095.8333333333335,-37.9225519952329
uniform,38.0,1125.0,-38.2882419892329
uniform,38.0,1154.1666666666667,-38.653931983232894
uniform,38.0,1183.3333333333335,-39.019621977232894
uniform,38.0,1212.5,-39.385311971232895
uniform,38.0,1241.6666666666667,-39.751001965232874
uniform,38.0,1270.8333333333335,-40.11669195923288
uniform,38.0,1300.0,-40.48238195323288
uniform,38.0,1329.1666666666667,-40.848071947232896
uniform,38.0,1358.3333333333335,-41.21376194123289
uniform,38.0,1387.5,-41.579451935232875
uniform,38.0,1416.6666666666667,-41.94514192923288
uniform,38.0,1445.8333333333335,-42.31083192323287
uniform,38.0,1475.0,-42.676521917232876
uniform,38.0,1504.1666666666667,-42.99999999999999
uniform,38.0,1533.3333333333335,-43.00000000000001
uniform,38.0,1562.5,-43.0
uniform,38.0,1591.6666666666667,-43.0
uniform,38.0,1620.8333333333335,-43.00000000000001
uniform,38.0,1650.0,-43.000000000000014
uniform,38.0,1679.1666666666667,-43.0
uniform,38.0,1708.3333333333335,-43.0
uniform,38.0,1737.5,-43.00000000000001
uniform,38.0,1766.6666666666667,-43.0
uniform,38.0,1795.8333333333335,-43.0
uniform,38.0,1825.0,-43.00000000000001
uniform,38.0,1854.1666666666667,-43.00000000000001
uniform,38.0,1883.3333333333335,-42.999999999999986
uniform,38.0,1912.5,-42.999999999999986
uniform,38.0,1941.6666666666667,-42.99999999999999
uniform,38.0,1970.8333333333335,-42.99999999999999
uniform,38.0,2000.0,-43.0
uniform,40.0,250.0,-28.370483607876956
uniform,40.0,279.1666666666667,-29.013522008252213
uniform,40.0,308.3333333333333,-29.455510941284075
uniform,40.0,337.5,-29.897499874315937
uniform,40.0,366.6666666666667,-30.3394888073478
uniform,40.0,395.83333333333337,-30.781477740379664
uniform,40.0,425.0,-31.223466673411522
uniform,40.0,454.1666666666667,-31.665455606443388
uniform,40.0,483.33333333333337,-32.10744453947524
uniform,40.0,512.5,-32.5494334725071
uniform,40.0,541.6666666666667,-32.974442109232946
uniform,40.0,570.8333333333334,-33.34013210323293
uniform,40.0,600.0,-33.70582209723294
uniform,40.0,629.1666666666667,-34.071512091232925
uniform,40.0,658.3333333333334,-34.43720208523293
uniform,40.0,687.5,-34.80289207923293
uniform,40.0,716.6666666666667,-35.168582073232926
uniform,40.0,745.8333333333334,-35.534272067232926
uniform,40.0,775.0,-35.89996206123293
uniform,40.0,804.1666666666667,-36.26565205523292
uniform,40.0,833.3333333333334,-36.63134204923292
uniform,40.0,862.5,-36.99703204323291
uniform,40.0,891.6666666666667,-37.36272203723291
uniform,40.0,920.8333333333334,-37.72841203123292
uniform,40.0,950.0,-38.09410202523291
uniform,40.0,979.1666666666667,-38.459792019232914
uniform,40.0,1008.3333333333334,-38.8254820132329
uniform,40.0,1037.5,-39.19117200723291
uniform,40.0,1066.6666666666667,-39.55686200123289
uniform,40.0,1095.8333333333335,-39.9225519952329
uniform,40.0,1125.0,-40.2882419892329
uniform,40.0,1154.1666666666667,-40.653931983232894
uniform,40.0,1183.3333333333335,-41.019621977232894
uniform,40.0,1212.5,-41.385311971232895
uniform,40.0,1241.6666666666667,-41.751001965232874
uniform,40.0,1270.8333333333335,-42.11669195923288
uniform,40.0,1300.0,-42.48238195323288
uniform,40.0,1329.1666666666667,-42.848071947232896
uniform,40.0,1358.3333333333335,-43.21376194123289
uniform,40.0,1387.5,-43.579451935232875
uniform,40.0,1416.6666666666667,-43.94514192923288
uniform,40.0,1445.8333333333335,-44.31083192323287
uniform,40.0,1475.0,-44.676521917232876
uniform,40.0,1504.1666666666667,-44.99999999999999
uniform,40.0,1533.3333333333335,-45.00000000000001
uniform,40.0,1562.5,-45.0
uniform,40.0,1591.6666666666667,-45.0
uniform,40.0,1620.8333333333335,-45.00000000000001
uniform,40.0,1650.0,-45.000000000000014
uniform,40.0,1679.1666666666667,-45.0
uniform,40.0,1708.3333333333335,-45.0
uniform,40.0,1737.5,-45.00000000000001
uniform,40.0,1766.6666666666667,-45.0
uniform,40.0,1795.8333333333335,-45.0
uniform,40.0,1825.0,-45.00000000000001
uniform,40.0,1854.1666666666667,-45.00000000000001
uniform,40.0,1883.3333333333335,-44.999999999999986
uniform,40.0,1912.5,-44.999999999999986
uniform,40.0,1941.6666666666667,-44.99999999999999
uniform,40.0,1970.8333333333335,-44.99999999999999
uniform,40.0,2000.0,-45.0
uniform,42.0,250.0,-30.370483607876956
uniform,42.0,279.1666666666667,-31.013522008252213
uniform,42.0,308.3333333333333,-31.455510941284075
uniform,42.0,337.5,-31.897499874315937
uniform,42.0,366.6666666666667,-32.33948880734779
uniform,42.0,395.83333333333337,-32.781477740379664
uniform,42.0,425.0,-33.22346667341153
uniform,42.0,454.1666666666667,-33.66545560644339
uniform,42.0,483.33333333333337,-34.10744453947524
uniform,42.0,512.5,-34.5494334725071
uniform,42.0,541.6666666666667,-34.974442109232946
uniform,42.0,570.8333333333334,-35.34013210323293
uniform,42.0,600.0,-35.70582209723294
uniform,42.0,629.1666666666667,-36.071512091232925
uniform,42.0,658.3333333333334,-36.43720208523293
uniform,42.0,687.5,-36.80289207923293
uniform,42.0,716.6666666666667,-37.168582073232926
uniform,42.0,745.8333333333334,-37.534272067232926
uniform,42.0,775.0,-37.89996206123293
uniform,42.0,804.1666666666667,-38.26565205523292
uniform,42.0,833.3333333333334,-38.63134204923292
uniform,42.0,862.5,-38.99703204323291
uniform,42.0,891.6666666666667,-39.36272203723291
uniform,42.0,920.8333333333334,-39.72841203123292
uniform,42.0,950.0,-40.09410202523291
uniform,42.0,979.1666666666667,-40.459792019232914
uniform,42.0,1008.3333333333334,-40.8254820132329
uniform,42.0,1037.5,-41.19117200723291
uniform,42.0,1066.6666666666667,-41.55686200123289
uniform,42.0,1095.8333333333335,-41.9225519952329
uniform,42.0,1125.0,-42.2882419892329
uniform,42.0,1154.1666666666667,-42.653931983232894
uniform,42.0,1183.3333333333335,-43.019621977232894
uniform,42.0,1212.5,-43.385311971232895
uniform,42.0,1241.6666666666667,-43.751001965232874
uniform,42.0,1270.8333333333335,-44.11669195923288
uniform,42.0,1300.0,-44.48238195323288
uniform,42.0,1329.1666666666667,-44.848071947232896
uniform,42.0,1358.3333333333335,-45.21376194123289
uniform,42.0,1387.5,-45.579451935232875
uniform,42.0,1416.6666666666667,-45.94514192923288
uniform,42.0,1445.8333333333335,-46.31083192323287
uniform,42.0,1475.0,-46.676521917232876
uniform,42.0,1504.1666666666667,-46.99999999999999
uniform,42.0,1533.3333333333335,-47.00000000000001
uniform,42.0,1562.5,-47.0
uniform,42.0,1591.6666666666667,-47.0
uniform,42.0,1620.8333333333335,-47.00000000000001
uniform,42.0,1650.0,-47.000000000000014
uniform,42.0,1679.1666666666667,-47.0
uniform,42.0,1708.3333333333335,-47.0
uniform,42.0,1737.5,-47.00000000000001
uniform,42.0,1766.6666666666667,-47.0
uniform,42.0,1795.8333333333335,-47.0
uniform,42.0,1825.0,-47.00000000000001
uniform,42.0,1854.1666666666667,-47.00000000000001
uniform,42.0,1883.3333333333335,-46.999999999999986
uniform,42.0,1912.5,-46.999999999999986
uniform,42.0,1941.6666666666667,-46.99999999999999
uniform,42.0,1970.8333333333335,-46.99999999999999
uniform,42.0,2000.0,-47.0
uniform,44.0,250.0,-32.370483607876956
uniform,44.0,279.1666666666667,-33.01352200825221
uniform,44.0,308.3333333333333,-33.45551094128408
uniform,44.0,337.5,-33.89749987431594
uniform,44.0,366.6666666666667,-34.33948880734779
uniform,44.0,395.83333333333337,-34.781477740379664
uniform,44.0,425.0,-35.22346667341153
uniform,44.0,454.1666666666667,-35.66545560644339
uniform,44.0,483.33333333333337,-36.10744453947524
uniform,44.0,512.5,-36.5494334725071
uniform,44.0,541.6666666666667,-36.974442109232946
uniform,44.0,570.8333333333334,-37.34013210323293
uniform,44.0,600.0,-37.70582209723294
uniform,44.0,629.1666666666667,-38.071512091232925
uniform,44.0,658.3333333333334,-38.43720208523293
uniform,44.0,687.5,-38.80289207923293
uniform,44.0,716.6666666666667,-39.168582073232926
uniform,44.0,745.8333333333334,-39.534272067232926
uniform,44.0,775.0,-39.89996206123293
uniform,44.0,804.1666666666667,-40.26565205523292
uniform,44.0,833.3333333333334,-40.63134204923292
uniform,44.0,862.5,-40.99703204323291
uniform,44.0,891.6666666666667,-41.36272203723291
uniform,44.0,920.8333333333334,-41.72841203123292
uniform,44.0,950.0,-42.09410202523291
uniform,44.0,979.1666666666667,-42.459792019232914
uniform,44.0,1008.3333333333334,-42.8254820132329
uniform,44.0,1037.5,-43.19117200723291
uniform,44.0,1066.6666666666667,-43.55686200123289
uniform,44.0,1095.8333333333335,-43.9225519952329
uniform,44.0,1125.0,-44.2882419892329
uniform,44.0,1154.1666666666667,-44.653931983232894
uniform,44.0,1183.3333333333335,-45.019621977232894
uniform,44.0,1212.5,-45.385311971232895
uniform,44.0,1241.6666666666667,-45.751001965232874
uniform,44.0,1270.8333333333335,-46.11669195923288
uniform,44.0,1300.0,-46.48238195323288
uniform,44.0,1329.1666666666667,-46.848071947232896
uniform,44.0,1358.3333333333335,-47.21376194123289
uniform,44.0,1387.5,-47.579451935232875
uniform,44.0,1416.6666666666667,-47.94514192923288
uniform,44.0,1445.8333333333335,-48.31083192323287
uniform,44.0,1475.0,-48.676521917232876
uniform,44.0,1504.1666666666667,-48.99999999999999
uniform,44.0,1533.3333333333335,-49.00000000000001
uniform,44.0,1562.5,-49.0
uniform,44.0,1591.6666666666667,-49.0
uniform,44.0,1620.8333333333335,-49.00000000000001
uniform,44.0,1650.0,-49.000000000000014
uniform,44.0,1679.1666666666667,-49.0
uniform,44.0,1708.3333333333335,-49.0
uniform,44.0,1737.5,-49.00000000000001
uniform,44.0,1766.6666666666667,-49.0
uniform,44.0,1795.8333333333335,-49.0
uniform,44.0,1825.0,-49.00000000000001
uniform,44.0,1854.1666666666667,-49.00000000000001
uniform,44.0,1883.3333333333335,-48.999999999999986
uniform,44.0,1912.5,-48.999999999999986
uniform,44.0,1941.6666666666667,-48.99999999999999
uniform,44.0,1970.8333333333335,-48.99999999999999
uniform,44.0,2000.0,-49.0
uniform,46.0,250.0,-34.37048360787696
uniform,46.0,279.1666666666667,-35.01352200825221
uniform,46.0,308.3333333333333,-35.45551094128408
uniform,46.0,337.5,-35.89749987431594
uniform,46.0,366.6666666666667,-36.33948880734779
uniform,46.0,395.83333333333337,-36.781477740379664
uniform,46.0,425.0,-37.22346667341153
uniform,46.0,454.1666666666667,-37.66545560644339
uniform,46.0,483.33333333333337,-38.10744453947524
uniform,46.0,512.5,-38.5494334725071
uniform,46.0,541.6666666666667,-38.974442109232946
uniform,46.0,570.8333333333334,-39.34013210323293
uniform,46.0,600.0,-39.70582209723294
uniform,46.0,629.1666666666667,-40.071512091232925
uniform,46.0,658.3333333333334,-40.43720208523293
uniform,46.0,687.5,-40.80289207923293
uniform,46.0,716.6666666666667,-41.168582073232926
uniform,46.0,745.8333333333334,-41.534272067232926
uniform,46.0,775.0,-41.89996206123293
uniform,46.0,804.1666666666667,-42.26565205523292
uniform,46.0,833.3333333333334,-42.63134204923292
uniform,46.0,862.5,-42.99703204323291
uniform,46.0,891.6666666666667,-43.36272203723291
uniform,46.0,920.8333333333334,-43.72841203123292
uniform,46.0,950.0,-44.09410202523291
uniform,46.0,979.1666666666667,-44.459792019232914
uniform,46.0,1008.3333333333334,-44.8254820132329
uniform,46.0,1037.5,-45.19117200723291
uniform,46.0,1066.6666666666667,-45.55686200123289
uniform,46.0,1095.8333333333335,-45.9225519952329
uniform,46.0,1125.0,-46.2882419892329
uniform,46.0,1154.1666666666667,-46.653931983232894
uniform,46.0,1183.3333333333335,-47.019621977232894
uniform,46.0,1212.5,-47.385311971232895
uniform,46.0,1241.6666666666667,-47.751001965232874
uniform,46.0,1270.8333333333335,-48.11669195923288
uniform,46.0,1300.0,-48.48238195323288
uniform,46.0,1329.1666666666667,-48.848071947232896
uniform,46.0,1358.3333333333335,-49.21376194123289
uniform,46.0,1387.5,-49.579451935232875
uniform,46.0,1416.6666666666667,-49.94514192923288
uniform,46.0,1445.8333333333335,-50.31083192323287
uniform,46.0,1475.0,-50.676521917232876
uniform,46.0,1504.1666666666667,-50.99999999999999
uniform,46.0,1533.3333333333335,-51.00000000000001
uniform,46.0,1562.5,-51.0
uniform,46.0,1591.6666666666667,-51.0
uniform,46.0,1620.8333333333335,-51.00000000000001
uniform,46.0,1650.0,-51.000000000000014
uniform,46.0,1679.1666666666667,-51.0
uniform,46.0,1708.3333333333335,-51.0
uniform,46.0,1737.5,-51.00000000000001
uniform,46.0,1766.6666666666667,-51.0
uniform,46.0,1795.8333333333335,-51.0
uniform,46.0,1825.0,-51.00000000000001
uniform,46.0,1854.1666666666667,-51.00000000000001
uniform,46.0,1883.3333333333335,-50.999999999999986
uniform,46.0,1912.5,-50.999999999999986
uniform,46.0,1941.6666666666667,-50.99999999999999
uniform,46.0,1970.8333333333335,-50.99999999999999
uniform,46.0,2000.0,-51.0
uniform,48.0,250.0,-36.37048360787696
uniform,48.0,279.1666666666667,-37.01352200825221
uniform,48.0,308.3333333333333,-37.45551094128408
uniform,48.0,337.5,-37.89749987431594
uniform,48.0,366.6666666666667,-38.33948880734779
uniform,48.0,395.83333333333337,-38.781477740379664
uniform,48.0,425.0,-39.22346667341153
uniform,48.0,454.1666666666667,-39.66545560644339
uniform,48.0,483.33333333333337,-40.10744453947524
uniform,48.0,512.5,-40.5494334725071
uniform,48.0,541.6666666666667,-40.974442109232946
uniform,48.0,570.8333333333334,-41.34013210323293
uniform,48.0,600.0,-41.70582209723294
uniform,48.0,629.1666666666667,-42.071512091232925
uniform,48.0,658.3333333333334,-42.43720208523293
uniform,48.0,687.5,-42.80289207923293
uniform,48.0,716.6666666666667,-43.168582073232926
uniform,48.0,745.8333333333334,-43.534272067232926
uniform,48.0,775.0,-43.89996206123293
uniform,48.0,804.1666666666667,-44.26565205523292
uniform,48.0,833.3333333333334,-44.63134204923292
uniform,48.0,862.5,-44.99703204323291
uniform,48.0,891.6666666666667,-45.36272203723291
uniform,48.0,920.8333333333334,-45.72841203123292
uniform,48.0,950.0,-46.09410202523291
uniform,48.0,979.1666666666667,-46.459792019232914
uniform,48.0,1008.3333333333334,-46.8254820132329
uniform,48.0,1037.5,-47.19117200723291
uniform,48.0,1066.6666666666667,-47.55686200123289
uniform,48.0,1095.8333333333335,-47.9225519952329
uniform,48.0,1125.0,-48.2882419892329
uniform,48.0,1154.1666666666667,-48.653931983232894
uniform,48.0,1183.3333333333335,-49.019621977232894
uniform,48.0,1212.5,-49.385311971232895
uniform,48.0,1241.6666666666667,-49.751001965232874
uniform,48.0,1270.8333333333335,-50.11669195923288
uniform,48.0,1300.0,-50.48238195323288
uniform,48.0,1329.1666666666667,-50.848071947232896
uniform,48.0,1358.3333333333335,-51.21376194123289
uniform,48.0,1387.5,-51.579451935232875
uniform,48.0,1416.6666666666667,-51.94514192923288
uniform,48.0,1445.8333333333335,-52.31083192323287
uniform,48.0,1475.0,-52.676521917232876
uniform,48.0,1504.1666666666667,-52.99999999999999
uniform,48.0,1533.3333333333335,-53.00000000000001
uniform,48.0,1562.5,-53.0
uniform,48.0,1591.6666666666667,-53.0
uniform,48.0,1620.8333333333335,-53.00000000000001
uniform,48.0,1650.0,-53.000000000000014
uniform,48.0,1679.1666666666667,-53.0
uniform,48.0,1708.3333333333335,-53.0
uniform,48.0,1737.5,-53.00000000000001
uniform,48.0,1766.6666666666667,-53.0
uniform,48.0,1795.8333333333335,-53.0
uniform,48.0,1825.0,-53.00000000000001
uniform,48.0,1854.1666666666667,-53.00000000000001
uniform,48.0,1883.3333333333335,-52.999999999999986
uniform,48.0,1912.5,-52.999999999999986
uniform,48.0,1941.6666666666667,-52.99999999999999
uniform,48.0,1970.8333333333335,-52.99999999999999
uniform,48.0,2000.0,-53.0
uniform,50.0,250.0,-38.37048360787696
uniform,50.0,279.1666666666667,-39.01352200825221
uniform,50.0,308.3333333333333,-39.45551094128408
uniform,50.0,337.5,-39.89749987431594
uniform,50.0,366.6666666666667,-40.33948880734779
uniform,50.0,395.83333333333337,-40.781477740379664
uniform,50.0,425.0,-41.22346667341153
uniform,50.0,454.1666666666667,-41.66545560644339
uniform,50.0,483.33333333333337,-42.10744453947524
uniform,50.0,512.5,-42.5494334725071
uniform,50.0,541.6666666666667,-42.974442109232946
uniform,50.0,570.8333333333334,-43.34013210323293
uniform,50.0,600.0,-43.70582209723294
uniform,50.0,629.1666666666667,-44.071512091232925
uniform,50.0,658.3333333333334,-44.43720208523293
uniform,50.0,687.5,-44.80289207923293
uniform,50.0,716.6666666666667,-45.168582073232926
uniform,50.0,745.8333333333334,-45.534272067232926
uniform,50.0,775.0,-45.89996206123293
uniform,50.0,804.1666666666667,-46.26565205523292
uniform,50.0,833.3333333333334,-46.63134204923292
uniform,50.0,862.5,-46.99703204323291
uniform,50.0,891.6666666666667,-47.36272203723291
uniform,50.0,920.8333333333334,-47.72841203123292
uniform,50.0,950.0,-48.09410202523291
uniform,50.0,979.1666666666667,-48.459792019232914
uniform,50.0,1008.3333333333334,-48.8254820132329
uniform,50.0,1037.5,-49.19117200723291
uniform,50.0,1066.6666666666667,-49.55686200123289
uniform,50.0,1095.8333333333335,-49.9225519952329
uniform,50.0,1125.0,-50.2882419892329
uniform,50.0,1154.1666666666667,-50.653931983232894
uniform,50.0,1183.3333333333335,-51.019621977232894
uniform,50.0,1212.5,-51.385311971232895
uniform,50.0,1241.6666666666667,-51.751001965232874
uniform,50.0,1270.8333333333335,-52.11669195923288
uniform,50.0,1300.0,-52.48238195323288
uniform,50.0,1329.1666666666667,-52.848071947232896
uniform,50.0,1358.3333333333335,-53.21376194123289
uniform,50.0,1387.5,-53.579451935232875
uniform,50.0,1416.6666666666667,-53.94514192923288
uniform,50.0,1445.8333333333335,-54.31083192323287
uniform,50.0,1475.0,-54.676521917232876
uniform,50.0,1504.1666666666667,-54.99999999999999
uniform,50.0,1533.3333333333335,-55.00000000000001
uniform,50.0,1562.5,-55.0
uniform,50.0,1591.6666666666667,-55.0
uniform,50.0,1620.8333333333335,-55.00000000000001
uniform,50.0,1650.0,-55.000000000000014
uniform,50.0,1679.1666666666667,-55.0
uniform,50.0,1708.3333333333335,-55.0
uniform,50.0,1737.5,-55.00000000000001
uniform,50.0,1766.6666666666667,-55.0
uniform,50.0,1795.8333333333335,-55.0
uniform,50.0,1825.0,-55.00000000000001
uniform,50.0,1854.1666666666667,-55.00000000000001
uniform,50.0,1883.3333333333335,-54.999999999999986
uniform,50.0,1912.5,-54.999999999999986
uniform,50.0,1941.6666666666667,-54.99999999999999
uniform,50.0,1970.8333333333335,-54.99999999999999
uniform,50.0,2000.0,-55.0
uniform,52.0,250.0,-40.37048360787696
uniform,52.0,279.1666666666667,-41.01352200825221
uniform,52.0,308.3333333333333,-41.45551094128408
uniform,52.0,337.5,-41.89749987431594
uniform,52.0,366.6666666666667,-42.33948880734779
uniform,52.0,395.83333333333337,-42.781477740379664
uniform,52.0,425.0,-43.22346667341153
uniform,52.0,454.1666666666667,-43.66545560644339
uniform,52.0,483.33333333333337,-44.10744453947524
uniform,52.0,512.5,-44.5494334725071
uniform,52.0,541.6666666666667,-44.974442109232946
uniform,52.0,570.8333333333334,-45.34013210323293
uniform,52.0,600.0,-45.70582209723294
uniform,52.0,629.1666666666667,-46.071512091232925
uniform,52.0,658.3333333333334,-46.43720208523293
uniform,52.0,687.5,-46.80289207923293
uniform,52.0,716.6666666666667,-47.168582073232926
uniform,52.0,745.8333333333334,-47.534272067232926
uniform,52.0,775.0,-47.89996206123293
uniform,52.0,804.1666666666667,-48.26565205523292
uniform,52.0,833.3333333333334,-48.63134204923292
uniform,52.0,862.5,-48.99703204323291
uniform,52.0,891.6666666666667,-49.36272203723291
uniform,52.0,920.8333333333334,-49.72841203123292
uniform,52.0,950.0,-50.09410202523291
uniform,52.0,979.1666666666667,-50.459792019232914
uniform,52.0,1008.3333333333334,-50.8254820132329
uniform,52.0,1037.5,-51.19117200723291
uniform,52.0,1066.6666666666667,-51.55686200123289
uniform,52.0,1095.8333333333335,-51.9225519952329
uniform,52.0,1125.0,-52.2882419892329
uniform,52.0,1154.1666666666667,-52.653931983232894
uniform,52.0,1183.3333333333335,-53.019621977232894
uniform,52.0,1212.5,-53.385311971232895
uniform,52.0,1241.6666666666667,-53.751001965232874
uniform,52.0,1270.8333333333335,-54.11669195923288
uniform,52.0,1300.0,-54.48238195323288
uniform,52.0,1329.1666666666667,-54.848071947232896
uniform,52.0,1358.3333333333335,-55.21376194123289
uniform,52.0,1387.5,-55.579451935232875
uniform,52.0,1416.6666666666667,-55.94514192923288
uniform,52.0,1445.8333333333335,-56.31083192323287
uniform,52.0,1475.0,-56.676521917232876
uniform,52.0,1504.1666666666667,-56.99999999999999
uniform,52.0,1533.3333333333335,-57.00000000000001
uniform,52.0,1562.5,-57.0
uniform,52.0,1591.6666666666667,-57.0
uniform,52.0,1620.8333333333335,-57.00000000000001
uniform,52.0,1650.0,-57.000000000000014
uniform,52.0,1679.1666666666667,-57.0
uniform,52.0,1708.3333333333335,-57.0
uniform,52.0,1737.5,-57.00000000000001
uniform,52.0,1766.6666666666667,-57.0
uniform,52.0,1795.8333333333335,-57.0
uniform,52.0,1825.0,-57.00000000000001
uniform,52.0,1854.1666666666667,-57.00000000000001
uniform,52.0,1883.3333333333335,-56.999999999999986
uniform,52.0,1912.5,-56.999999999999986
uniform,52.0,1941.6666666666667,-56.99999999999999
uniform,52.0,1970.8333333333335,-56.99999999999999
uniform,52.0,2000.0,-57.0
uniform,54.0,250.0,-42.37048360787696
uniform,54.0,279.1666666666667,-43.01352200825221
uniform,54.0,308.3333333333333,-43.45551094128408
uniform,54.0,337.5,-43.89749987431594
uniform,54.0,366.6666666666667,-44.33948880734779
uniform,54.0,395.83333333333337,-44.781477740379664
uniform,54.0,425.0,-45.22346667341153
uniform,54.0,454.1666666666667,-45.66545560644339
uniform,54.0,483.33333333333337,-46.10744453947524
uniform,54.0,512.5,-46.5494334725071
uniform,54.0,541.6666666666667,-46.974442109232946
uniform,54.0,570.8333333333334,-47.34013210323293
uniform,54.0,600.0,-47.70582209723294
uniform,54.0,629.1666666666667,-48.071512091232925
uniform,54.0,658.3333333333334,-48.43720208523293
uniform,54.0,687.5,-48.80289207923293
uniform,54.0,716.6666666666667,-49.168582073232926
uniform,54.0,745.8333333333334,-49.534272067232926
uniform,54.0,775.0,-49.89996206123293
uniform,54.0,804.1666666666667,-50.26565205523292
uniform,54.0,833.3333333333334,-50.63134204923292
uniform,54.0,862.5,-50.99703204323291
uniform,54.0,891.6666666666667,-51.36272203723291
uniform,54.0,920.8333333333334,-51.72841203123292
uniform,54.0,950.0,-52.09410202523291
uniform,54.0,979.1666666666667,-52.459792019232914
uniform,54.0,1008.3333333333334,-52.8254820132329
uniform,54.0,1037.5,-53.19117200723291
uniform,54.0,1066.6666666666667,-53.55686200123289
uniform,54.0,1095.8333333333335,-53.9225519952329
uniform,54.0,1125.0,-54.2882419892329
uniform,54.0,1154.1666666666667,-54.653931983232894
uniform,54.0,1183.3333333333335,-55.019621977232894
uniform,54.0,1212.5,-55.385311971232895
uniform,54.0,1241.6666666666667,-55.751001965232874
uniform,54.0,1270.8333333333335,-56.11669195923288
uniform,54.0,1300.0,-56.48238195323288
uniform,54.0,1329.1666666666667,-56.848071947232896
uniform,54.0,1358.3333333333335,-57.21376194123289
uniform,54.0,1387.5,-57.579451935232875
uniform,54.0,1416.6666666666667,-57.94514192923288
uniform,54.0,1445.8333333333335,-58.31083192323287
uniform,54.0,1475.0,-58.676521917232876
uniform,54.0,1504.1666666666667,-58.99999999999999
uniform,54.0,1533.3333333333335,-59.00000000000001
uniform,54.0,1562.5,-59.0
uniform,54.0,1591.6666666666667,-59.0
uniform,54.0,1620.8333333333335,-59.00000000000001
uniform,54.0,1650.0,-59.000000000000014
uniform,54.0,1679.1666666666667,-59.0
uniform,54.0,1708.3333333333335,-59.0
uniform,54.0,1737.5,-59.00000000000001
uniform,54.0,1766.6666666666667,-59.0
uniform,54.0,1795.8333333333335,-59.0
uniform,54.0,1825.0,-59.00000000000001
uniform,54.0,1854.1666666666667,-59.00000000000001
uniform,54.0,1883.3333333333335,-58.999999999999986
uniform,54.0,1912.5,-58.999999999999986
uniform,54.0,1941.6666666666667,-58.99999999999999
uniform,54.0,1970.8333333333335,-58.99999999999999
uniform,54.0,2000.0,-59.0
uniform,56.0,250.0,-44.37048360787696
uniform,56.0,279.1666666666667,-45.01352200825221
uniform,56.0,308.3333333333333,-45.45551094128408
uniform,56.0,337.5,-45.89749987431594
uniform,56.0,366.6666666666667,-46.33948880734779
uniform,56.0,395.83333333333337,-46.781477740379664
uniform,56.0,425.0,-47.22346667341153
uniform,56.0,454.1666666666667,-47.66545560644339
uniform,56.0,483.33333333333337,-48.10744453947524
uniform,56.0,512.5,-48.5494334725071
uniform,56.0,541.6666666666667,-48.974442109232946
uniform,56.0,570.8333333333334,-49.34013210323293
uniform,56.0,600.0,-49.70582209723294
uniform,56.0,629.1666666666667,-50.071512091232925
uniform,56.0,658.3333333333334,-50.43720208523293
uniform,56.0,687.5,-50.80289207923293
uniform,56.0,716.6666666666667,-51.168582073232926
uniform,56.0,745.8333333333334,-51.534272067232926
uniform,56.0,775.0,-51.89996206123293
uniform,56.0,804.1666666666667,-52.26565205523292
uniform,56.0,833.3333333333334,-52.63134204923292
uniform,56.0,862.5,-52.99703204323291
uniform,56.0,891.6666666666667,-53.36272203723291
uniform,56.0,920.8333333333334,-53.72841203123292
uniform,56.0,950.0,-54.09410202523291
uniform,56.0,979.1666666666667,-54.459792019232914
uniform,56.0,1008.3333333333334,-54.8254820132329
uniform,56.0,1037.5,-55.19117200723291
uniform,56.0,1066.6666666666667,-55.55686200123289
uniform,56.0,1095.8333333333335,-55.9225519952329
uniform,56.0,1125.0,-56.2882419892329
uniform,56.0,1154.1666666666667,-56.653931983232894
uniform,56.0,1183.3333333333335,-57.019621977232894
uniform,56.0,1212.5,-57.385311971232895
uniform,56.0,1241.6666666666667,-57.751001965232874
uniform,56.0,1270.8333333333335,-58.11669195923288
uniform,56.0,1300.0,-58.48238195323288
uniform,56.0,1329.1666666666667,-58.848071947232896
uniform,56.0,1358.3333333333335,-59.21376194123289
uniform,56.0,1387.5,-59.579451935232875
uniform,56.0,1416.6666666666667,-59.94514192923288
uniform,56.0,1445.8333333333335,-60.31083192323287
uniform,56.0,1475.0,-60.676521917232876
uniform,56.0,1504.1666666666667,-60.99999999999999
uniform,56.0,1533.3333333333335,-61.00000000000001
uniform,56.0,1562.5,-61.0
uniform,56.0,1591.6666666666667,-61.0
uniform,56.0,1620.8333333333335,-61.00000000000001
uniform,56.0,1650.0,-61.000000000000014
uniform,56.0,1679.1666666666667,-61.0
uniform,56.0,1708.3333333333335,-61.0
uniform,56.0,1737.5,-61.00000000000001
uniform,56.0,1766.6666666666667,-61.0
uniform,56.0,1795.8333333333335,-61.0
uniform,56.0,1825.0,-61.00000000000001
uniform,56.0,1854.1666666666667,-61.00000000000001
uniform,56.0,1883.3333333333335,-60.999999999999986
uniform,56.0,1912.5,-60.999999999999986
uniform,56.0,1941.6666666666667,-60.99999999999999
uniform,56.0,1970.8333333333335,-60.99999999999999
uniform,56.0,2000.0,-61.0
uniform,58.0,250.0,-46.37048360787696
uniform,58.0,279.1666666666667,-47.01352200825221
uniform,58.0,308.3333333333333,-47.45551094128408
uniform,58.0,337.5,-47.89749987431594
uniform,58.0,366.6666666666667,-48.33948880734779
uniform,58.0,395.83333333333337,-48.781477740379664
uniform,58.0,425.0,-49.22346667341153
uniform,58.0,454.1666666666667,-49.66545560644339
uniform,58.0,483.33333333333337,-50.10744453947524
uniform,58.0,512.5,-50.5494334725071
uniform,58.0,541.6666666666667,-50.974442109232946
uniform,58.0,570.8333333333334,-51.34013210323293
uniform,58.0,600.0,-51.70582209723294
uniform,58.0,629.1666666666667,-52.071512091232925
uniform,58.0,658.3333333333334,-52.43720208523293
uniform,58.0,687.5,-52.80289207923293
uniform,58.0,716.6666666666667,-53.168582073232926
uniform,58.0,745.8333333333334,-53.534272067232926
uniform,58.0,775.0,-53.89996206123293
uniform,58.0,804.1666666666667,-54.26565205523292
uniform,58.0,833.3333333333334,-54.63134204923292
uniform,58.0,862.5,-54.99703204323291
uniform,58.0,891.6666666666667,-55.36272203723291
uniform,58.0,920.8333333333334,-55.72841203123292
uniform,58.0,950.0,-56.09410202523291
uniform,58.0,979.1666666666667,-56.459792019232914
uniform,58.0,1008.3333333333334,-56.8254820132329
uniform,58.0,1037.5,-57.19117200723291
uniform,58.0,1066.6666666666667,-57.55686200123289
uniform,58.0,1095.8333333333335,-57.9225519952329
uniform,58.0,1125.0,-58.2882419892329
uniform,58.0,1154.1666666666667,-58.653931983232894
uniform,58.0,1183.3333333333335,-59.019621977232894
uniform,58.0,1212.5,-59.385311971232895
uniform,58.0,1241.6666666666667,-59.751001965232874
uniform,58.0,1270.8333333333335,-60.11669195923288
uniform,58.0,1300.0,-60.48238195323288
uniform,58.0,1329.1666666666667,-60.848071947232896
uniform,58.0,1358.3333333333335,-61.21376194123289
uniform,58.0,1387.5,-61.579451935232875
uniform,58.0,1416.6666666666667,-61.94514192923288
uniform,58.0,1445.8333333333335,-62.31083192323287
uniform,58.0,1475.0,-62.676521917232876
uniform,58.0,1504.1666666666667,-62.99999999999999
uniform,58.0,1533.3333333333335,-63.00000000000001
uniform,58.0,1562.5,-63.0
uniform,58.0,1591.6666666666667,-63.0
uniform,58.0,1620.8333333333335,-63.00000000000001
uniform,58.0,1650.0,-63.000000000000014
uniform,58.0,1679.1666666666667,-63.0
uniform,58.0,1708.3333333333335,-63.0
uniform,58.0,1737.5,-63.00000000000001
uniform,58.0,1766.6666666666667,-63.0
uniform,58.0,1795.8333333333335,-63.0
uniform,58.0,1825.0,-63.00000000000001
uniform,58.0,1854.1666666666667,-63.00000000000001
uniform,58.0,1883.3333333333335,-62.999999999999986
uniform,58.0,1912.5,-62.999999999999986
uniform,58.0,1941.6666666666667,-62.99999999999999
uniform,58.0,1970.8333333333335,-62.99999999999999
uniform,58.0,2000.0,-63.0
uniform,60.0,250.0,-48.37048360787696
uniform,60.0,279.1666666666667,-49.01352200825221
uniform,60.0,308.3333333333333,-49.45551094128408
uniform,60.0,337.5,-49.89749987431594
uniform,60.0,366.6666666666667,-50.33948880734779
uniform,60.0,395.83333333333337,-50.781477740379664
uniform,60.0,425.0,-51.22346667341153
uniform,60.0,454.1666666666667,-51.66545560644339
uniform,60.0,483.33333333333337,-52.10744453947524
uniform,60.0,512.5,-52.5494334725071
uniform,60.0,541.6666666666667,-52.974442109232946
uniform,60.0,570.8333333333334,-53.34013210323293
uniform,60.0,600.0,-53.70582209723294
uniform,60.0,629.1666666666667,-54.071512091232925
uniform,60.0,658.3333333333334,-54.43720208523293
uniform,60.0,687.5,-54.80289207923293
uniform,60.0,716.6666666666667,-55.168582073232926
uniform,60.0,745.8333333333334,-55.534272067232926
uniform,60.0,775.0,-55.89996206123293
uniform,60.0,804.1666666666667,-56.26565205523292
uniform,60.0,833.3333333333334,-56.63134204923292
uniform,60.0,862.5,-56.99703204323291
uniform,60.0,891.6666666666667,-57.36272203723291
uniform,60.0,920.8333333333334,-57.72841203123292
uniform,60.0,950.0,-58.09410202523291
uniform,60.0,979.1666666666667,-58.459792019232914
uniform,60.0,1008.3333333333334,-58.8254820132329
uniform,60.0,1037.5,-59.19117200723291
uniform,60.0,1066.6666666666667,-59.55686200123289
uniform,60.0,1095.8333333333335,-59.9225519952329
uniform,60.0,1125.0,-60.2882419892329
uniform,60.0,1154.1666666666667,-60.653931983232894
uniform,60.0,1183.3333333333335,-61.019621977232894
uniform,60.0,1212.5,-61.385311971232895
uniform,60.0,1241.6666666666667,-61.751001965232874
uniform,60.0,1270.8333333333335,-62.11669195923288
uniform,60.0,1300.0,-62.48238195323288
uniform,60.0,1329.1666666666667,-62.848071947232896
uniform,60.0,1358.3333333333335,-63.21376194123289
uniform,60.0,1387.5,-63.579451935232875
uniform,60.0,1416.6666666666667,-63.94514192923288
uniform,60.0,1445.8333333333335,-64.31083192323287
uniform,60.0,1475.0,-64.67652191723288
uniform,60.0,1504.1666666666667,-65.0
uniform,60.0,1533.3333333333335,-65.0
uniform,60.0,1562.5,-65.0
uniform,60.0,1591.6666666666667,-65.0
uniform,60.0,1620.8333333333335,-65.0
uniform,60.0,1650.0,-65.00000000000001
uniform,60.0,1679.1666666666667,-65.0
uniform,60.0,1708.3333333333335,-65.0
uniform,60.0,1737.5,-65.0
uniform,60.0,1766.6666666666667,-65.0
uniform,60.0,1795.8333333333335,-65.0
uniform,60.0,1825.0,-65.0
uniform,60.0,1854.1666666666667,-65.0
uniform,60.0,1883.3333333333335,-64.99999999999999
uniform,60.0,1912.5,-64.99999999999999
uniform,60.0,1941.6666666666667,-65.0
uniform,60.0,1970.8333333333335,-65.0
uniform,60.0,2000.0,-65.0
uniform,62.0,250.0,-50.37048360787696
uniform,62.0,279.1666666666667,-51.01352200825221
uniform,62.0,308.3333333333333,-51.45551094128408
uniform,62.0,337.5,-51.89749987431594
uniform,62.0,366.6666666666667,-52.33948880734779
uniform,62.0,395.83333333333337,-52.781477740379664
uniform,62.0,425.0,-53.22346667341153
uniform,62.0,454.1666666666667,-53.66545560644339
uniform,62.0,483.33333333333337,-54.10744453947524
uniform,62.0,512.5,-54.5494334725071
uniform,62.0,541.6666666666667,-54.974442109232946
uniform,62.0,570.8333333333334,-55.34013210323293
uniform,62.0,600.0,-55.70582209723294
uniform,62.0,629.1666666666667,-56.071512091232925
uniform,62.0,658.3333333333334,-56.43720208523293
uniform,62.0,687.5,-56.80289207923293
uniform,62.0,716.6666666666667,-57.168582073232926
uniform,62.0,745.8333333333334,-57.534272067232926
uniform,62.0,775.0,-57.89996206123293
uniform,62.0,804.1666666666667,-58.26565205523292
uniform,62.0,833.3333333333334,-58.63134204923292
uniform,62.0,862.5,-58.99703204323291
uniform,62.0,891.6666666666667,-59.36272203723291
uniform,62.0,920.8333333333334,-59.72841203123292
uniform,62.0,950.0,-60.09410202523291
uniform,62.0,979.1666666666667,-60.459792019232914
uniform,62.0,1008.3333333333334,-60.8254820132329
uniform,62.0,1037.5,-61.19117200723291
uniform,62.0,1066.6666666666667,-61.55686200123289
uniform,62.0,1095.8333333333335,-61.9225519952329
uniform,62.0,1125.0,-62.2882419892329
uniform,62.0,1154.1666666666667,-62.653931983232894
uniform,62.0,1183.3333333333335,-63.019621977232894
uniform,62.0,1212.5,-63.385311971232895
uniform,62.0,1241.6666666666667,-63.751001965232874
uniform,62.0,1270.8333333333335,-64.11669195923288
uniform,62.0,1300.0,-64.48238195323287
uniform,62.0,1329.1666666666667,-64.8480719472329
uniform,62.0,1358.3333333333335,-65.21376194123289
uniform,62.0,1387.5,-65.57945193523287
uniform,62.0,1416.6666666666667,-65.94514192923288
uniform,62.0,1445.8333333333335,-66.31083192323287
uniform,62.0,1475.0,-66.67652191723288
uniform,62.0,1504.1666666666667,-67.0
uniform,62.0,1533.3333333333335,-67.0
uniform,62.0,1562.5,-67.0
uniform,62.0,1591.6666666666667,-67.0
uniform,62.0,1620.8333333333335,-67.0
uniform,62.0,1650.0,-67.00000000000001
uniform,62.0,1679.1666666666667,-67.0
uniform,62.0,1708.3333333333335,-67.0
uniform,62.0,1737.5,-67.0
uniform,62.0,1766.6666666666667,-67.0
uniform,62.0,1795.8333333333335,-67.0
uniform,62.0,1825.0,-67.0
uniform,62.0,1854.1666666666667,-67.0
uniform,62.0,1883.3333333333335,-66.99999999999999
uniform,62.0,1912.5,-66.99999999999999
uniform,62.0,1941.6666666666667,-67.0
uniform,62.0,1970.8333333333335,-67.0
uniform,62.0,2000.0,-67.0
uniform,64.0,250.0,-52.37048360787696
uniform,64.0,279.1666666666667,-53.01352200825221
uniform,64.0,308.3333333333333,-53.45551094128408
uniform,64.0,337.5,-53.89749987431594
uniform,64.0,366.6666666666667,-54.33948880734779
uniform,64.0,395.83333333333337,-54.781477740379664
uniform,64.0,425.0,-55.22346667341153
uniform,64.0,454.1666666666667,-55.66545560644339
uniform,64.0,483.33333333333337,-56.10744453947524
uniform,64.0,512.5,-56.5494334725071
uniform,64.0,541.6666666666667,-56.974442109232946
uniform,64.0,570.8333333333334,-57.34013210323293
uniform,64.0,600.0,-57.70582209723294
uniform,64.0,629.1666666666667,-58.071512091232925
uniform,64.0,658.3333333333334,-58.43720208523293
uniform,64.0,687.5,-58.80289207923293
uniform,64.0,716.6666666666667,-59.168582073232926
uniform,64.0,745.8333333333334,-59.534272067232926
uniform,64.0,775.0,-59.89996206123293
uniform,64.0,804.1666666666667,-60.26565205523292
uniform,64.0,833.3333333333334,-60.63134204923292
uniform,64.0,862.5,-60.99703204323291
uniform,64.0,891.6666666666667,-61.36272203723291
uniform,64.0,920.8333333333334,-61.72841203123292
uniform,64.0,950.0,-62.09410202523291
uniform,64.0,979.1666666666667,-62.459792019232914
uniform,64.0,1008.3333333333334,-62.8254820132329
uniform,64.0,1037.5,-63.19117200723291
uniform,64.0,1066.6666666666667,-63.55686200123289
uniform,64.0,1095.8333333333335,-63.9225519952329
uniform,64.0,1125.0,-64.2882419892329
uniform,64.0,1154.1666666666667,-64.6539319832329
uniform,64.0,1183.3333333333335,-65.0196219772329
uniform,64.0,1212.5,-65.3853119712329
uniform,64.0,1241.6666666666667,-65.75100196523287
uniform,64.0,1270.8333333333335,-66.11669195923288
uniform,64.0,1300.0,-66.48238195323287
uniform,64.0,1329.1666666666667,-66.8480719472329
uniform,64.0,1358.3333333333335,-67.21376194123289
uniform,64.0,1387.5,-67.57945193523287
uniform,64.0,1416.6666666666667,-67.94514192923288
uniform,64.0,1445.8333333333335,-68.31083192323287
uniform,64.0,1475.0,-68.67652191723288
uniform,64.0,1504.1666666666667,-69.0
uniform,64.0,1533.3333333333335,-69.0
uniform,64.0,1562.5,-69.0
uniform,64.0,1591.6666666666667,-69.0
uniform,64.0,1620.8333333333335,-69.0
uniform,64.0,1650.0,-69.00000000000001
uniform,64.0,1679.1666666666667,-69.0
uniform,64.0,1708.3333333333335,-69.0
uniform,64.0,1737.5,-69.0
uniform,64.0,1766.6666666666667,-69.0
uniform,64.0,1795.8333333333335,-69.0
uniform,64.0,1825.0,-69.0
uniform,64.0,1854.1666666666667,-69.0
uniform,64.0,1883.3333333333335,-68.99999999999999
uniform,64.0,1912.5,-68.99999999999999
uniform,64.0,1941.6666666666667,-69.0
uniform,64.0,1970.8333333333335,-69.0
uniform,64.0,2000.0,-69.0
uniform,66.0,250.0,-54.37048360787696
uniform,66.0,279.1666666666667,-55.01352200825221
uniform,66.0,308.3333333333333,-55.45551094128408
uniform,66.0,337.5,-55.89749987431594
uniform,66.0,366.6666666666667,-56.33948880734779
uniform,66.0,395.83333333333337,-56.781477740379664
uniform,66.0,425.0,-57.22346667341153
uniform,66.0,454.1666666666667,-57.66545560644339
uniform,66.0,483.33333333333337,-58.10744453947524
uniform,66.0,512.5,-58.5494334725071
uniform,66.0,541.6666666666667,-58.974442109232946
uniform,66.0,570.8333333333334,-59.34013210323293
uniform,66.0,600.0,-59.70582209723294
uniform,66.0,629.1666666666667,-60.071512091232925
uniform,66.0,658.3333333333334,-60.43720208523293
uniform,66.0,687.5,-60.80289207923293
uniform,66.0,716.6666666666667,-61.168582073232926
uniform,66.0,745.8333333333334,-61.534272067232926
uniform,66.0,775.0,-61.89996206123293
uniform,66.0,804.1666666666667,-62.26565205523292
uniform,66.0,833.3333333333334,-62.63134204923292
uniform,66.0,862.5,-62.99703204323291
uniform,66.0,891.6666666666667,-63.36272203723291
uniform,66.0,920.8333333333334,-63.72841203123292
uniform,66.0,950.0,-64.0941020252329
uniform,66.0,979.1666666666667,-64.4597920192329
uniform,66.0,1008.3333333333334,-64.8254820132329
uniform,66.0,1037.5,-65.19117200723291
uniform,66.0,1066.6666666666667,-65.5568620012329
uniform,66.0,1095.8333333333335,-65.92255199523291
uniform,66.0,1125.0,-66.2882419892329
uniform,66.0,1154.1666666666667,-66.6539319832329
uniform,66.0,1183.3333333333335,-67.0196219772329
uniform,66.0,1212.5,-67.3853119712329
uniform,66.0,1241.6666666666667,-67.75100196523287
uniform,66.0,1270.8333333333335,-68.11669195923288
uniform,66.0,1300.0,-68.48238195323287
uniform,66.0,1329.1666666666667,-68.8480719472329
uniform,66.0,1358.3333333333335,-69.21376194123289
uniform,66.0,1387.5,-69.57945193523287
uniform,66.0,1416.6666666666667,-69.94514192923288
uniform,66.0,1445.8333333333335,-70.31083192323287
uniform,66.0,1475.0,-70.67652191723288
uniform,66.0,1504.1666666666667,-71.0
uniform,66.0,1533.3333333333335,-71.0
uniform,66.0,1562.5,-71.0
uniform,66.0,1591.6666666666667,-71.0
uniform,66.0,1620.8333333333335,-71.0
uniform,66.0,1650.0,-71.00000000000001
uniform,66.0,1679.1666666666667,-71.0
uniform,66.0,1708.3333333333335,-71.0
uniform,66.0,1737.5,-71.0
uniform,66.0,1766.6666666666667,-71.0
uniform,66.0,1795.8333333333335,-71.0
uniform,66.0,1825.0,-71.0
uniform,66.0,1854.1666666666667,-71.0
uniform,66.0,1883.3333333333335,-70.99999999999999
uniform,66.0,1912.5,-70.99999999999999
uniform,66.0,1941.6666666666667,-71.0
uniform,66.0,1970.8333333333335,-71.0
uniform,66.0,2000.0,-71.0
uniform,68.0,250.0,-56.37048360787696
uniform,68.0,279.1666666666667,-57.01352200825221
uniform,68.0,308.3333333333333,-57.45551094128408
uniform,68.0,337.5,-57.89749987431594
uniform,68.0,366.6666666666667,-58.33948880734779
uniform,68.0,395.83333333333337,-58.781477740379664
uniform,68.0,425.0,-59.22346667341153
uniform,68.0,454.1666666666667,-59.66545560644339
uniform,68.0,483.33333333333337,-60.10744453947524
uniform,68.0,512.5,-60.5494334725071
uniform,68.0,541.6666666666667,-60.974442109232946
uniform,68.0,570.8333333333334,-61.34013210323293
uniform,68.0,600.0,-61.70582209723294
uniform,68.0,629.1666666666667,-62.071512091232925
uniform,68.0,658.3333333333334,-62.43720208523293
uniform,68.0,687.5,-62.80289207923293
uniform,68.0,716.6666666666667,-63.168582073232926
uniform,68.0,745.8333333333334,-63.534272067232926
uniform,68.0,775.0,-63.89996206123293
uniform,68.0,804.1666666666667,-64.26565205523292
uniform,68.0,833.3333333333334,-64.63134204923293
uniform,68.0,862.5,-64.9970320432329
uniform,68.0,891.6666666666667,-65.36272203723291
uniform,68.0,920.8333333333334,-65.72841203123292
uniform,68.0,950.0,-66.0941020252329
uniform,68.0,979.1666666666667,-66.4597920192329
uniform,68.0,1008.3333333333334,-66.8254820132329
uniform,68.0,1037.5,-67.19117200723291
uniform,68.0,1066.6666666666667,-67.5568620012329
uniform,68.0,1095.8333333333335,-67.92255199523291
uniform,68.0,1125.0,-68.2882419892329
uniform,68.0,1154.1666666666667,-68.6539319832329
uniform,68.0,1183.3333333333335,-69.0196219772329
uniform,68.0,1212.5,-69.3853119712329
uniform,68.0,1241.6666666666667,-69.75100196523287
uniform,68.0,1270.8333333333335,-70.11669195923288
uniform,68.0,1300.0,-70.48238195323287
uniform,68.0,1329.1666666666667,-70.8480719472329
uniform,68.0,1358.3333333333335,-71.21376194123289
uniform,68.0,1387.5,-71.57945193523287
uniform,68.0,1416.6666666666667,-71.94514192923288
uniform,68.0,1445.8333333333335,-72.31083192323287
uniform,68.0,1475.0,-72.67652191723288
uniform,68.0,1504.1666666666667,-73.0
uniform,68.0,1533.3333333333335,-73.0
uniform,68.0,1562.5,-73.0
uniform,68.0,1591.6666666666667,-73.0
uniform,68.0,1620.8333333333335,-73.0
uniform,68.0,1650.0,-73.00000000000001
uniform,68.0,1679.1666666666667,-73.0
uniform,68.0,1708.3333333333335,-73.0
uniform,68.0,1737.5,-73.0
uniform,68.0,1766.6666666666667,-73.0
uniform,68.0,1795.8333333333335,-73.0
uniform,68.0,1825.0,-73.0
uniform,68.0,1854.1666666666667,-73.0
uniform,68.0,1883.3333333333335,-72.99999999999999
uniform,68.0,1912.5,-72.99999999999999
uniform,68.0,1941.6666666666667,-73.0
uniform,68.0,1970.8333333333335,-73.0
uniform,68.0,2000.0,-73.0
uniform,70.0,250.0,-58.37048360787696
uniform,70.0,279.1666666666667,-59.01352200825221
uniform,70.0,308.3333333333333,-59.45551094128408
uniform,70.0,337.5,-59.89749987431594
uniform,70.0,366.6666666666667,-60.33948880734779
uniform,70.0,395.83333333333337,-60.781477740379664
uniform,70.0,425.0,-61.22346667341153
uniform,70.0,454.1666666666667,-61.66545560644339
uniform,70.0,483.33333333333337,-62.10744453947524
uniform,70.0,512.5,-62.5494334725071
uniform,70.0,541.6666666666667,-62.974442109232946
uniform,70.0,570.8333333333334,-63.34013210323293
uniform,70.0,600.0,-63.70582209723294
uniform,70.0,629.1666666666667,-64.07151209123293
uniform,70.0,658.3333333333334,-64.43720208523294
uniform,70.0,687.5,-64.80289207923293
uniform,70.0,716.6666666666667,-65.16858207323293
uniform,70.0,745.8333333333334,-65.53427206723293
uniform,70.0,775.0,-65.89996206123293
uniform,70.0,804.1666666666667,-66.26565205523292
uniform,70.0,833.3333333333334,-66.63134204923293
uniform,70.0,862.5,-66.9970320432329
uniform,70.0,891.6666666666667,-67.36272203723291
uniform,70.0,920.8333333333334,-67.72841203123292
uniform,70.0,950.0,-68.0941020252329
uniform,70.0,979.1666666666667,-68.4597920192329
uniform,70.0,1008.3333333333334,-68.8254820132329
uniform,70.0,1037.5,-69.19117200723291
uniform,70.0,1066.6666666666667,-69.5568620012329
uniform,70.0,1095.8333333333335,-69.92255199523291
uniform,70.0,1125.0,-70.2882419892329
uniform,70.0,1154.1666666666667,-70.6539319832329
uniform,70.0,1183.3333333333335,-71.0196219772329
uniform,70.0,1212.5,-71.3853119712329
uniform,70.0,1241.6666666666667,-71.75100196523287
uniform,70.0,1270.8333333333335,-72.11669195923288
uniform,70.0,1300.0,-72.48238195323287
uniform,70.0,1329.1666666666667,-72.8480719472329
uniform,70.0,1358.3333333333335,-73.21376194123289
uniform,70.0,1387.5,-73.57945193523287
uniform,70.0,1416.6666666666667,-73.94514192923288
uniform,70.0,1445.8333333333335,-74.31083192323287
uniform,70.0,1475.0,-74.67652191723288
uniform,70.0,1504.1666666666667,-75.0
uniform,70.0,1533.3333333333335,-75.0
uniform,70.0,1562.5,-75.0
uniform,70.0,1591.6666666666667,-75.0
uniform,70.0,1620.8333333333335,-75.0
uniform,70.0,1650.0,-75.00000000000001
uniform,70.0,1679.1666666666667,-75.0
uniform,70.0,1708.3333333333335,-75.0
uniform,70.0,1737.5,-75.0
uniform,70.0,1766.6666666666667,-75.0
uniform,70.0,1795.8333333333335,-75.0
uniform,70.0,1825.0,-75.0
uniform,70.0,1854.1666666666667,-75.0
uniform,70.0,1883.3333333333335,-74.99999999999999
uniform,70.0,1912.5,-74.99999999999999
uniform,70.0,1941.6666666666667,-75.0
uniform,70.0,1970.8333333333335,-75.0
uniform,70.0,2000.0,-75.0
uniform,72.0,250.0,-60.37048360787696
uniform,72.0,279.1666666666667,-61.01352200825221
uniform,72.0,308.3333333333333,-61.45551094128408
uniform,72.0,337.5,-61.89749987431594
uniform,72.0,366.6666666666667,-62.33948880734779
uniform,72.0,395.83333333333337,-62.781477740379664
uniform,72.0,425.0,-63.22346667341153
uniform,72.0,454.1666666666667,-63.66545560644339
uniform,72.0,483.33333333333337,-64.10744453947524
uniform,72.0,512.5,-64.5494334725071
uniform,72.0,541.6666666666667,-64.97444210923294
uniform,72.0,570.8333333333334,-65.34013210323293
uniform,72.0,600.0,-65.70582209723294
uniform,72.0,629.1666666666667,-66.07151209123293
uniform,72.0,658.3333333333334,-66.43720208523294
uniform,72.0,687.5,-66.80289207923293
uniform,72.0,716.6666666666667,-67.16858207323293
uniform,72.0,745.8333333333334,-67.53427206723293
uniform,72.0,775.0,-67.89996206123293
uniform,72.0,804.1666666666667,-68.26565205523292
uniform,72.0,833.3333333333334,-68.63134204923293
uniform,72.0,862.5,-68.9970320432329
uniform,72.0,891.6666666666667,-69.36272203723291
uniform,72.0,920.8333333333334,-69.72841203123292
uniform,72.0,950.0,-70.0941020252329
uniform,72.0,979.1666666666667,-70.4597920192329
uniform,72.0,1008.3333333333334,-70.8254820132329
uniform,72.0,1037.5,-71.19117200723291
uniform,72.0,1066.6666666666667,-71.5568620012329
uniform,72.0,1095.8333333333335,-71.92255199523291
uniform,72.0,1125.0,-72.2882419892329
uniform,72.0,1154.1666666666667,-72.6539319832329
uniform,72.0,1183.3333333333335,-73.0196219772329
uniform,72.0,1212.5,-73.3853119712329
uniform,72.0,1241.6666666666667,-73.75100196523287
uniform,72.0,1270.8333333333335,-74.11669195923288
uniform,72.0,1300.0,-74.48238195323287
uniform,72.0,1329.1666666666667,-74.8480719472329
uniform,72.0,1358.3333333333335,-75.21376194123289
uniform,72.0,1387.5,-75.57945193523287
uniform,72.0,1416.6666666666667,-75.94514192923288
uniform,72.0,1445.8333333333335,-76.31083192323287
uniform,72.0,1475.0,-76.67652191723288
uniform,72.0,1504.1666666666667,-77.0
uniform,72.0,1533.3333333333335,-77.0
uniform,72.0,1562.5,-77.0
uniform,72.0,1591.6666666666667,-77.0
uniform,72.0,1620.8333333333335,-77.0
uniform,72.0,1650.0,-77.00000000000001
uniform,72.0,1679.1666666666667,-77.0
uniform,72.0,1708.3333333333335,-77.0
uniform,72.0,1737.5,-77.0
uniform,72.0,1766.6666666666667,-77.0
uniform,72.0,1795.8333333333335,-77.0
uniform,72.0,1825.0,-77.0
uniform,72.0,1854.1666666666667,-77.0
uniform,72.0,1883.3333333333335,-76.99999999999999
uniform,72.0,1912.5,-76.99999999999999
uniform,72.0,1941.6666666666667,-77.0
uniform,72.0,1970.8333333333335,-77.0
uniform,72.0,2000.0,-77.0
uniform,74.0,250.0,-62.37048360787696
uniform,74.0,279.1666666666667,-63.01352200825221
uniform,74.0,308.3333333333333,-63.45551094128408
uniform,74.0,337.5,-63.89749987431594
uniform,74.0,366.6666666666667,-64.33948880734779
uniform,74.0,395.83333333333337,-64.78147774037967
uniform,74.0,425.0,-65.22346667341154
uniform,74.0,454.1666666666667,-65.66545560644339
uniform,74.0,483.33333333333337,-66.10744453947524
uniform,74.0,512.5,-66.5494334725071
uniform,74.0,541.6666666666667,-66.97444210923294
uniform,74.0,570.8333333333334,-67.34013210323293
uniform,74.0,600.0,-67.70582209723294
uniform,74.0,629.1666666666667,-68.07151209123293
uniform,74.0,658.3333333333334,-68.43720208523294
uniform,74.0,687.5,-68.80289207923293
uniform,74.0,716.6666666666667,-69.16858207323293
uniform,74.0,745.8333333333334,-69.53427206723293
uniform,74.0,775.0,-69.89996206123293
uniform,74.0,804.1666666666667,-70.26565205523292
uniform,74.0,833.3333333333334,-70.63134204923293
uniform,74.0,862.5,-70.9970320432329
uniform,74.0,891.6666666666667,-71.36272203723291
uniform,74.0,920.8333333333334,-71.72841203123292
uniform,74.0,950.0,-72.0941020252329
uniform,74.0,979.1666666666667,-72.4597920192329
uniform,74.0,1008.3333333333334,-72.8254820132329
uniform,74.0,1037.5,-73.19117200723291
uniform,74.0,1066.6666666666667,-73.5568620012329
uniform,74.0,1095.8333333333335,-73.92255199523291
uniform,74.0,1125.0,-74.2882419892329
uniform,74.0,1154.1666666666667,-74.6539319832329
uniform,74.0,1183.3333333333335,-75.0196219772329
uniform,74.0,1212.5,-75.3853119712329
uniform,74.0,1241.6666666666667,-75.75100196523287
uniform,74.0,1270.8333333333335,-76.11669195923288
uniform,74.0,1300.0,-76.48238195323287
uniform,74.0,1329.1666666666667,-76.8480719472329
uniform,74.0,1358.3333333333335,-77.21376194123289
uniform,74.0,1387.5,-77.57945193523287
uniform,74.0,1416.6666666666667,-77.94514192923288
uniform,74.0,1445.8333333333335,-78.31083192323287
uniform,74.0,1475.0,-78.67652191723288
uniform,74.0,1504.1666666666667,-79.0
uniform,74.0,1533.3333333333335,-79.0
uniform,74.0,1562.5,-79.0
uniform,74.0,1591.6666666666667,-79.0
uniform,74.0,1620.8333333333335,-79.0
uniform,74.0,1650.0,-79.00000000000001
uniform,74.0,1679.1666666666667,-79.0
uniform,74.0,1708.3333333333335,-79.0
uniform,74.0,1737.5,-79.0
uniform,74.0,1766.6666666666667,-79.0
uniform,74.0,1795.8333333333335,-79.0
uniform,74.0,1825.0,-79.0
uniform,74.0,1854.1666666666667,-79.0
uniform,74.0,1883.3333333333335,-78.99999999999999
uniform,74.0,1912.5,-78.99999999999999
uniform,74.0,1941.6666666666667,-79.0
uniform,74.0,1970.8333333333335,-79.0
uniform,74.0,2000.0,-79.0
uniform,76.0,250.0,-64.37048360787696
uniform,76.0,279.1666666666667,-65.01352200825221
uniform,76.0,308.3333333333333,-65.45551094128407
uniform,76.0,337.5,-65.89749987431594
uniform,76.0,366.6666666666667,-66.33948880734779
uniform,76.0,395.83333333333337,-66.78147774037967
uniform,76.0,425.0,-67.22346667341154
uniform,76.0,454.1666666666667,-67.66545560644339
uniform,76.0,483.33333333333337,-68.10744453947524
uniform,76.0,512.5,-68.5494334725071
uniform,76.0,541.6666666666667,-68.97444210923294
uniform,76.0,570.8333333333334,-69.34013210323293
uniform,76.0,600.0,-69.70582209723294
uniform,76.0,629.1666666666667,-70.07151209123293
uniform,76.0,658.3333333333334,-70.43720208523294
uniform,76.0,687.5,-70.80289207923293
uniform,76.0,716.6666666666667,-71.16858207323293
uniform,76.0,745.8333333333334,-71.53427206723293
uniform,76.0,775.0,-71.89996206123293
uniform,76.0,804.1666666666667,-72.26565205523292
uniform,76.0,833.3333333333334,-72.63134204923293
uniform,76.0,862.5,-72.9970320432329
uniform,76.0,891.6666666666667,-73.36272203723291
uniform,76.0,920.8333333333334,-73.72841203123292
uniform,76.0,950.0,-74.0941020252329
uniform,76.0,979.1666666666667,-74.4597920192329
uniform,76.0,1008.3333333333334,-74.8254820132329
uniform,76.0,1037.5,-75.19117200723291
uniform,76.0,1066.6666666666667,-75.5568620012329
uniform,76.0,1095.8333333333335,-75.92255199523291
uniform,76.0,1125.0,-76.2882419892329
uniform,76.0,1154.1666666666667,-76.6539319832329
uniform,76.0,1183.3333333333335,-77.0196219772329
uniform,76.0,1212.5,-77.3853119712329
uniform,76.0,1241.6666666666667,-77.75100196523287
uniform,76.0,1270.8333333333335,-78.11669195923288
uniform,76.0,1300.0,-78.48238195323287
uniform,76.0,1329.1666666666667,-78.8480719472329
uniform,76.0,1358.3333333333335,-79.21376194123289
uniform,76.0,1387.5,-79.57945193523287
uniform,76.0,1416.6666666666667,-79.94514192923288
uniform,76.0,1445.8333333333335,-80.31083192323287
uniform,76.0,1475.0,-80.67652191723288
uniform,76.0,1504.1666666666667,-81.0
uniform,76.0,1533.3333333333335,-81.0
uniform,76.0,1562.5,-81.0
uniform,76.0,1591.6666666666667,-81.0
uniform,76.0,1620.8333333333335,-81.0
uniform,76.0,1650.0,-81.00000000000001
uniform,76.0,1679.1666666666667,-81.0
uniform,76.0,1708.3333333333335,-81.0
uniform,76.0,1737.5,-81.0
uniform,76.0,1766.6666666666667,-81.0
uniform,76.0,1795.8333333333335,-81.0
uniform,76.0,1825.0,-81.0
uniform,76.0,1854.1666666666667,-81.0
uniform,76.0,1883.3333333333335,-80.99999999999999
uniform,76.0,1912.5,-80.99999999999999
uniform,76.0,1941.6666666666667,-81.0
uniform,76.0,1970.8333333333335,-81.0
uniform,76.0,2000.0,-81.0
uniform,78.0,250.0,-66.37048360787696
uniform,78.0,279.1666666666667,-67.01352200825221
uniform,78.0,308.3333333333333,-67.45551094128407
uniform,78.0,337.5,-67.89749987431594
uniform,78.0,366.6666666666667,-68.33948880734779
uniform,78.0,395.83333333333337,-68.78147774037967
uniform,78.0,425.0,-69.22346667341154
uniform,78.0,454.1666666666667,-69.66545560644339
uniform,78.0,483.33333333333337,-70.10744453947524
uniform,78.0,512.5,-70.5494334725071
uniform,78.0,541.6666666666667,-70.97444210923294
uniform,78.0,570.8333333333334,-71.34013210323293
uniform,78.0,600.0,-71.70582209723294
uniform,78.0,629.1666666666667,-72.07151209123293
uniform,78.0,658.3333333333334,-72.43720208523294
uniform,78.0,687.5,-72.80289207923293
uniform,78.0,716.6666666666667,-73.16858207323293
uniform,78.0,745.8333333333334,-73.53427206723293
uniform,78.0,775.0,-73.89996206123293
uniform,78.0,804.1666666666667,-74.26565205523292
uniform,78.0,833.3333333333334,-74.63134204923293
uniform,78.0,862.5,-74.9970320432329
uniform,78.0,891.6666666666667,-75.36272203723291
uniform,78.0,920.8333333333334,-75.72841203123292
uniform,78.0,950.0,-76.0941020252329
uniform,78.0,979.1666666666667,-76.4597920192329
uniform,78.0,1008.3333333333334,-76.8254820132329
uniform,78.0,1037.5,-77.19117200723291
uniform,78.0,1066.6666666666667,-77.5568620012329
uniform,78.0,1095.8333333333335,-77.92255199523291
uniform,78.0,1125.0,-78.2882419892329
uniform,78.0,1154.1666666666667,-78.6539319832329
uniform,78.0,1183.3333333333335,-79.0196219772329
uniform,78.0,1212.5,-79.3853119712329
uniform,78.0,1241.6666666666667,-79.75100196523287
uniform,78.0,1270.8333333333335,-80.11669195923288
uniform,78.0,1300.0,-80.48238195323287
uniform,78.0,1329.1666666666667,-80.8480719472329
uniform,78.0,1358.3333333333335,-81.21376194123289
uniform,78.0,1387.5,-81.57945193523287
uniform,78.0,1416.6666666666667,-81.94514192923288
uniform,78.0,1445.8333333333335,-82.31083192323287
uniform,78.0,1475.0,-82.67652191723288
uniform,78.0,1504.1666666666667,-83.0
uniform,78.0,1533.3333333333335,-83.0
uniform,78.0,1562.5,-83.0
uniform,78.0,1591.6666666666667,-83.0
uniform,78.0,1620.8333333333335,-83.0
uniform,78.0,1650.0,-83.00000000000001
uniform,78.0,1679.1666666666667,-83.0
uniform,78.0,1708.3333333333335,-83.0
uniform,78.0,1737.5,-83.0
uniform,78.0,1766.6666666666667,-83.0
uniform,78.0,1795.8333333333335,-83.0
uniform,78.0,1825.0,-83.0
uniform,78.0,1854.1666666666667,-83.0
uniform,78.0,1883.3333333333335,-82.99999999999999
uniform,78.0,1912.5,-82.99999999999999
uniform,78.0,1941.6666666666667,-83.0
uniform,78.0,1970.8333333333335,-83.0
uniform,78.0,2000.0,-83.0
uniform,80.0,250.0,-68.37048360787696
uniform,80.0,279.1666666666667,-69.01352200825221
uniform,80.0,308.3333333333333,-69.45551094128407
uniform,80.0,337.5,-69.89749987431594
uniform,80.0,366.6666666666667,-70.33948880734779
uniform,80.0,395.83333333333337,-70.78147774037967
uniform,80.0,425.0,-71.22346667341154
uniform,80.0,454.1666666666667,-71.66545560644339
uniform,80.0,483.33333333333337,-72.10744453947524
uniform,80.0,512.5,-72.5494334725071
uniform,80.0,541.6666666666667,-72.97444210923294
uniform,80.0,570.8333333333334,-73.34013210323293
uniform,80.0,600.0,-73.70582209723294
uniform,80.0,629.1666666666667,-74.07151209123293
uniform,80.0,658.3333333333334,-74.43720208523294
uniform,80.0,687.5,-74.80289207923293
uniform,80.0,716.6666666666667,-75.16858207323293
uniform,80.0,745.8333333333334,-75.53427206723293
uniform,80.0,775.0,-75.89996206123293
uniform,80.0,804.1666666666667,-76.26565205523292
uniform,80.0,833.3333333333334,-76.63134204923293
uniform,80.0,862.5,-76.9970320432329
uniform,80.0,891.6666666666667,-77.36272203723291
uniform,80.0,920.8333333333334,-77.72841203123292
uniform,80.0,950.0,-78.0941020252329
uniform,80.0,979.1666666666667,-78.4597920192329
uniform,80.0,1008.3333333333334,-78.8254820132329
uniform,80.0,1037.5,-79.19117200723291
uniform,80.0,1066.6666666666667,-79.5568620012329
uniform,80.0,1095.8333333333335,-79.92255199523291
uniform,80.0,1125.0,-80.2882419892329
uniform,80.0,1154.1666666666667,-80.6539319832329
uniform,80.0,1183.3333333333335,-81.0196219772329
uniform,80.0,1212.5,-81.3853119712329
uniform,80.0,1241.6666666666667,-81.75100196523287
uniform,80.0,1270.8333333333335,-82.11669195923288
uniform,80.0,1300.0,-82.48238195323287
uniform,80.0,1329.1666666666667,-82.8480719472329
uniform,80.0,1358.3333333333335,-83.21376194123289
uniform,80.0,1387.5,-83.57945193523287
uniform,80.0,1416.6666666666667,-83.94514192923288
uniform,80.0,1445.8333333333335,-84.31083192323287
uniform,80.0,1475.0,-84.67652191723288
uniform,80.0,1504.1666666666667,-85.0
uniform,80.0,1533.3333333333335,-85.0
uniform,80.0,1562.5,-85.0
uniform,80.0,1591.6666666666667,-85.0
uniform,80.0,1620.8333333333335,-85.0
uniform,80.0,1650.0,-85.00000000000001
uniform,80.0,1679.1666666666667,-85.0
uniform,80.0,1708.3333333333335,-85.0
uniform,80.0,1737.5,-85.0
uniform,80.0,1766.6666666666667,-85.0
uniform,80.0,1795.8333333333335,-85.0
uniform,80.0,1825.0,-85.0
uniform,80.0,1854.1666666666667,-85.0
uniform,80.0,1883.3333333333335,-84.99999999999999
uniform,80.0,1912.5,-84.99999999999999
uniform,80.0,1941.6666666666667,-85.0
uniform,80.0,1970.8333333333335,-85.0
uniform,80.0,2000.0,-85.0
uniform,82.0,250.0,-70.37048360787696
uniform,82.0,279.1666666666667,-71.01352200825221
uniform,82.0,308.3333333333333,-71.45551094128407
uniform,82.0,337.5,-71.89749987431594
uniform,82.0,366.6666666666667,-72.33948880734779
uniform,82.0,395.83333333333337,-72.78147774037967
uniform,82.0,425.0,-73.22346667341154
uniform,82.0,454.1666666666667,-73.66545560644339
uniform,82.0,483.33333333333337,-74.10744453947524
uniform,82.0,512.5,-74.5494334725071
uniform,82.0,541.6666666666667,-74.97444210923294
uniform,82.0,570.8333333333334,-75.34013210323293
uniform,82.0,600.0,-75.70582209723294
uniform,82.0,629.1666666666667,-76.07151209123293
uniform,82.0,658.3333333333334,-76.43720208523294
uniform,82.0,687.5,-76.80289207923293
uniform,82.0,716.6666666666667,-77.16858207323293
uniform,82.0,745.8333333333334,-77.53427206723293
uniform,82.0,775.0,-77.89996206123293
uniform,82.0,804.1666666666667,-78.26565205523292
uniform,82.0,833.3333333333334,-78.63134204923293
uniform,82.0,862.5,-78.9970320432329
uniform,82.0,891.6666666666667,-79.36272203723291
uniform,82.0,920.8333333333334,-79.72841203123292
uniform,82.0,950.0,-80.0941020252329
uniform,82.0,979.1666666666667,-80.4597920192329
uniform,82.0,1008.3333333333334,-80.8254820132329
uniform,82.0,1037.5,-81.19117200723291
uniform,82.0,1066.6666666666667,-81.5568620012329
uniform,82.0,1095.8333333333335,-81.92255199523291
uniform,82.0,1125.0,-82.2882419892329
uniform,82.0,1154.1666666666667,-82.6539319832329
uniform,82.0,1183.3333333333335,-83.0196219772329
uniform,82.0,1212.5,-83.3853119712329
uniform,82.0,1241.6666666666667,-83.75100196523287
uniform,82.0,1270.8333333333335,-84.11669195923288
uniform,82.0,1300.0,-84.48238195323287
uniform,82.0,1329.1666666666667,-84.8480719472329
uniform,82.0,1358.3333333333335,-85.21376194123289
uniform,82.0,1387.5,-85.57945193523287
uniform,82.0,1416.6666666666667,-85.94514192923288
uniform,82.0,1445.8333333333335,-86.31083192323287
uniform,82.0,1475.0,-86.67652191723288
uniform,82.0,1504.1666666666667,-87.0
uniform,82.0,1533.3333333333335,-87.0
uniform,82.0,1562.5,-87.0
uniform,82.0,1591.6666666666667,-87.0
uniform,82.0,1620.8333333333335,-87.0
uniform,82.0,1650.0,-87.00000000000001
uniform,82.0,1679.1666666666667,-87.0
uniform,82.0,1708.3333333333335,-87.0
uniform,82.0,1737.5,-87.0
uniform,82.0,1766.6666666666667,-87.0
uniform,82.0,1795.8333333333335,-87.0
uniform,82.0,1825.0,-87.0
uniform,82.0,1854.1666666666667,-87.0
uniform,82.0,1883.3333333333335,-86.99999999999999
uniform,82.0,1912.5,-86.99999999999999
uniform,82.0,1941.6666666666667,-87.0
uniform,82.0,1970.8333333333335,-87.0
uniform,82.0,2000.0,-87.0
uniform,84.0,250.0,-72.37048360787696
uniform,84.0,279.1666666666667,-73.01352200825221
uniform,84.0,308.3333333333333,-73.45551094128407
uniform,84.0,337.5,-73.89749987431594
uniform,84.0,366.6666666666667,-74.33948880734779
uniform,84.0,395.83333333333337,-74.78147774037967
uniform,84.0,425.0,-75.22346667341154
uniform,84.0,454.1666666666667,-75.66545560644339
uniform,84.0,483.33333333333337,-76.10744453947524
uniform,84.0,512.5,-76.5494334725071
uniform,84.0,541.6666666666667,-76.97444210923294
uniform,84.0,570.8333333333334,-77.34013210323293
uniform,84.0,600.0,-77.70582209723294
uniform,84.0,629.1666666666667,-78.07151209123293
uniform,84.0,658.3333333333334,-78.43720208523294
uniform,84.0,687.5,-78.80289207923293
uniform,84.0,716.6666666666667,-79.16858207323293
uniform,84.0,745.8333333333334,-79.53427206723293
uniform,84.0,775.0,-79.89996206123293
uniform,84.0,804.1666666666667,-80.26565205523292
uniform,84.0,833.3333333333334,-80.63134204923293
uniform,84.0,862.5,-80.9970320432329
uniform,84.0,891.6666666666667,-81.36272203723291
uniform,84.0,920.8333333333334,-81.72841203123292
uniform,84.0,950.0,-82.0941020252329
uniform,84.0,979.1666666666667,-82.4597920192329
uniform,84.0,1008.3333333333334,-82.8254820132329
uniform,84.0,1037.5,-83.19117200723291
uniform,84.0,1066.6666666666667,-83.5568620012329
uniform,84.0,1095.8333333333335,-83.92255199523291
uniform,84.0,1125.0,-84.2882419892329
uniform,84.0,1154.1666666666667,-84.6539319832329
uniform,84.0,1183.3333333333335,-85.0196219772329
uniform,84.0,1212.5,-85.3853119712329
uniform,84.0,1241.6666666666667,-85.75100196523287
uniform,84.0,1270.8333333333335,-86.11669195923288
uniform,84.0,1300.0,-86.48238195323287
uniform,84.0,1329.1666666666667,-86.8480719472329
uniform,84.0,1358.3333333333335,-87.21376194123289
uniform,84.0,1387.5,-87.57945193523287
uniform,84.0,1416.6666666666667,-87.94514192923288
uniform,84.0,1445.8333333333335,-88.31083192323287
uniform,84.0,1475.0,-88.67652191723288
uniform,84.0,1504.1666666666667,-89.0
uniform,84.0,1533.3333333333335,-89.0
uniform,84.0,1562.5,-89.0
uniform,84.0,1591.6666666666667,-89.0
uniform,84.0,1620.8333333333335,-89.0
uniform,84.0,1650.0,-89.00000000000001
uniform,84.0,1679.1666666666667,-89.00000000000001
uniform,84.0,1708.3333333333335,-89.00000000000001
uniform,84.0,1737.5,-89.00000000000003
uniform,84.0,1766.6666666666667,-89.0
uniform,84.0,1795.8333333333335,-89.0
uniform,84.0,1825.0,-89.0
uniform,84.0,1854.1666666666667,-89.0
uniform,84.0,1883.3333333333335,-88.99999999999999
uniform,84.0,1912.5,-88.99999999999999
uniform,84.0,1941.6666666666667,-89.0
uniform,84.0,1970.8333333333335,-89.0
uniform,84.0,2000.0,-89.0
uniform,86.0,250.0,-74.37048360787696
uniform,86.0,279.1666666666667,-75.01352200825221
uniform,86.0,308.3333333333333,-75.45551094128407
uniform,86.0,337.5,-75.89749987431594
uniform,86.0,366.6666666666667,-76.33948880734779
uniform,86.0,395.83333333333337,-76.78147774037967
uniform,86.0,425.0,-77.22346667341154
uniform,86.0,454.1666666666667,-77.66545560644339
uniform,86.0,483.33333333333337,-78.10744453947524
uniform,86.0,512.5,-78.5494334725071
uniform,86.0,541.6666666666667,-78.97444210923294
uniform,86.0,570.8333333333334,-79.34013210323293
uniform,86.0,600.0,-79.70582209723294
uniform,86.0,629.1666666666667,-80.07151209123293
uniform,86.0,658.3333333333334,-80.43720208523294
uniform,86.0,687.5,-80.80289207923293
uniform,86.0,716.6666666666667,-81.16858207323293
uniform,86.0,745.8333333333334,-81.53427206723293
uniform,86.0,775.0,-81.89996206123293
uniform,86.0,804.1666666666667,-82.26565205523292
uniform,86.0,833.3333333333334,-82.63134204923293
uniform,86.0,862.5,-82.9970320432329
uniform,86.0,891.6666666666667,-83.36272203723291
uniform,86.0,920.8333333333334,-83.72841203123292
uniform,86.0,950.0,-84.0941020252329
uniform,86.0,979.1666666666667,-84.4597920192329
uniform,86.0,1008.3333333333334,-84.8254820132329
uniform,86.0,1037.5,-85.19117200723291
uniform,86.0,1066.6666666666667,-85.5568620012329
uniform,86.0,1095.8333333333335,-85.92255199523291
uniform,86.0,1125.0,-86.2882419892329
uniform,86.0,1154.1666666666667,-86.6539319832329
uniform,86.0,1183.3333333333335,-87.0196219772329
uniform,86.0,1212.5,-87.3853119712329
uniform,86.0,1241.6666666666667,-87.75100196523287
uniform,86.0,1270.8333333333335,-88.11669195923288
uniform,86.0,1300.0,-88.48238195323287
uniform,86.0,1329.1666666666667,-88.8480719472329
uniform,86.0,1358.3333333333335,-89.21376194123289
uniform,86.0,1387.5,-89.57945193523287
uniform,86.0,1416.6666666666667,-89.94514192923288
uniform,86.0,1445.8333333333335,-90.31083192323287
uniform,86.0,1475.0,-90.67652191723288
uniform,86.0,1504.1666666666667,-91.0
uniform,86.0,1533.3333333333335,-91.0
uniform,86.0,1562.5,-91.0
uniform,86.0,1591.6666666666667,-91.0
uniform,86.0,1620.8333333333335,-91.0
uniform,86.0,1650.0,-91.00000000000001
uniform,86.0,1679.1666666666667,-91.00000000000001
uniform,86.0,1708.3333333333335,-91.00000000000001
uniform,86.0,1737.5,-91.00000000000003
uniform,86.0,1766.6666666666667,-91.0
uniform,86.0,1795.8333333333335,-91.0
uniform,86.0,1825.0,-91.0
uniform,86.0,1854.1666666666667,-91.0
uniform,86.0,1883.3333333333335,-90.99999999999999
uniform,86.0,1912.5,-90.99999999999999
uniform,86.0,1941.6666666666667,-91.0
uniform,86.0,1970.8333333333335,-91.0
uniform,86.0,2000.0,-91.0
uniform,88.0,250.0,-76.37048360787696
uniform,88.0,279.1666666666667,-77.01352200825221
uniform,88.0,308.3333333333333,-77.45551094128407
uniform,88.0,337.5,-77.89749987431594
uniform,88.0,366.6666666666667,-78.33948880734779
uniform,88.0,395.83333333333337,-78.78147774037967
uniform,88.0,425.0,-79.22346667341154
uniform,88.0,454.1666666666667,-79.66545560644339
uniform,88.0,483.33333333333337,-80.10744453947524
uniform,88.0,512.5,-80.5494334725071
uniform,88.0,541.6666666666667,-80.97444210923294
uniform,88.0,570.8333333333334,-81.34013210323293
uniform,88.0,600.0,-81.70582209723294
uniform,88.0,629.1666666666667,-82.07151209123293
uniform,88.0,658.3333333333334,-82.43720208523294
uniform,88.0,687.5,-82.80289207923293
uniform,88.0,716.6666666666667,-83.16858207323293
uniform,88.0,745.8333333333334,-83.53427206723293
uniform,88.0,775.0,-83.89996206123293
uniform,88.0,804.1666666666667,-84.26565205523292
uniform,88.0,833.3333333333334,-84.63134204923293
uniform,88.0,862.5,-84.9970320432329
uniform,88.0,891.6666666666667,-85.36272203723291
uniform,88.0,920.8333333333334,-85.72841203123292
uniform,88.0,950.0,-86.0941020252329
uniform,88.0,979.1666666666667,-86.4597920192329
uniform,88.0,1008.3333333333334,-86.8254820132329
uniform,88.0,1037.5,-87.19117200723291
uniform,88.0,1066.6666666666667,-87.5568620012329
uniform,88.0,1095.8333333333335,-87.92255199523291
uniform,88.0,1125.0,-88.2882419892329
uniform,88.0,1154.1666666666667,-88.6539319832329
uniform,88.0,1183.3333333333335,-89.0196219772329
uniform,88.0,1212.5,-89.3853119712329
uniform,88.0,1241.6666666666667,-89.75100196523287
uniform,88.0,1270.8333333333335,-90.11669195923288
uniform,88.0,1300.0,-90.48238195323287
uniform,88.0,1329.1666666666667,-90.84807194723291
uniform,88.0,1358.3333333333335,-91.21376194123289
uniform,88.0,1387.5,-91.57945193523287
uniform,88.0,1416.6666666666667,-91.94514192923288
uniform,88.0,1445.8333333333335,-92.31083192323287
uniform,88.0,1475.0,-92.67652191723288
uniform,88.0,1504.1666666666667,-93.0
uniform,88.0,1533.3333333333335,-93.0
uniform,88.0,1562.5,-93.0
uniform,88.0,1591.6666666666667,-93.0
uniform,88.0,1620.8333333333335,-93.0
uniform,88.0,1650.0,-93.00000000000001
uniform,88.0,1679.1666666666667,-93.00000000000001
uniform,88.0,1708.3333333333335,-93.00000000000001
uniform,88.0,1737.5,-93.00000000000003
uniform,88.0,1766.6666666666667,-93.0
uniform,88.0,1795.8333333333335,-93.0
uniform,88.0,1825.0,-93.0
uniform,88.0,1854.1666666666667,-93.0
uniform,88.0,1883.3333333333335,-92.99999999999999
uniform,88.0,1912.5,-92.99999999999999
uniform,88.0,1941.6666666666667,-93.0
uniform,88.0,1970.8333333333335,-93.0
uniform,88.0,2000.0,-93.0
uniform,90.0,250.0,-78.37048360787696
uniform,90.0,279.1666666666667,-79.01352200825221
uniform,90.0,308.3333333333333,-79.45551094128407
uniform,90.0,337.5,-79.89749987431594
uniform,90.0,366.6666666666667,-80.33948880734779
uniform,90.0,395.83333333333337,-80.78147774037967
uniform,90.0,425.0,-81.22346667341154
uniform,90.0,454.1666666666667,-81.66545560644339
uniform,90.0,483.33333333333337,-82.10744453947524
uniform,90.0,512.5,-82.5494334725071
uniform,90.0,541.6666666666667,-82.97444210923294
uniform,90.0,570.8333333333334,-83.34013210323293
uniform,90.0,600.0,-83.70582209723294
uniform,90.0,629.1666666666667,-84.07151209123293
uniform,90.0,658.3333333333334,-84.43720208523294
uniform,90.0,687.5,-84.80289207923293
uniform,90.0,716.6666666666667,-85.16858207323293
uniform,90.0,745.8333333333334,-85.53427206723293
uniform,90.0,775.0,-85.89996206123293
uniform,90.0,804.1666666666667,-86.26565205523292
uniform,90.0,833.3333333333334,-86.63134204923293
uniform,90.0,862.5,-86.9970320432329
uniform,90.0,891.6666666666667,-87.36272203723291
uniform,90.0,920.8333333333334,-87.72841203123292
uniform,90.0,950.0,-88.0941020252329
uniform,90.0,979.1666666666667,-88.4597920192329
uniform,90.0,1008.3333333333334,-88.8254820132329
uniform,90.0,1037.5,-89.19117200723291
uniform,90.0,1066.6666666666667,-89.5568620012329
uniform,90.0,1095.8333333333335,-89.92255199523291
uniform,90.0,1125.0,-90.2882419892329
uniform,90.0,1154.1666666666667,-90.6539319832329
uniform,90.0,1183.3333333333335,-91.0196219772329
uniform,90.0,1212.5,-91.3853119712329
uniform,90.0,1241.6666666666667,-91.75100196523287
uniform,90.0,1270.8333333333335,-92.11669195923288
uniform,90.0,1300.0,-92.48238195323287
uniform,90.0,1329.1666666666667,-92.84807194723291
uniform,90.0,1358.3333333333335,-93.21376194123289
uniform,90.0,1387.5,-93.57945193523287
uniform,90.0,1416.6666666666667,-93.94514192923288
uniform,90.0,1445.8333333333335,-94.31083192323287
uniform,90.0,1475.0,-94.67652191723288
uniform,90.0,1504.1666666666667,-95.0
uniform,90.0,1533.3333333333335,-95.0
uniform,90.0,1562.5,-95.0
uniform,90.0,1591.6666666666667,-95.0
uniform,90.0,1620.8333333333335,-95.0
uniform,90.0,1650.0,-95.00000000000001
uniform,90.0,1679.1666666666667,-95.00000000000001
uniform,90.0,1708.3333333333335,-95.00000000000001
uniform,90.0,1737.5,-95.00000000000003
uniform,90.0,1766.6666666666667,-95.0
uniform,90.0,1795.8333333333335,-95.0
uniform,90.0,1825.0,-95.0
uniform,90.0,1854.1666666666667,-95.0
uniform,90.0,1883.3333333333335,-94.99999999999999
uniform,90.0,1912.5,-94.99999999999999
uniform,90.0,1941.6666666666667,-95.0
uniform,90.0,1970.8333333333335,-95.0
uniform,90.0,2000.0,-95.0
uniform,92.0,250.0,-80.37048360787696
uniform,92.0,279.1666666666667,-81.01352200825221
uniform,92.0,308.3333333333333,-81.45551094128407
uniform,92.0,337.5,-81.89749987431594
uniform,92.0,366.6666666666667,-82.33948880734779
uniform,92.0,395.83333333333337,-82.78147774037967
uniform,92.0,425.0,-83.22346667341154
uniform,92.0,454.1666666666667,-83.66545560644339
uniform,92.0,483.33333333333337,-84.10744453947524
uniform,92.0,512.5,-84.5494334725071
uniform,92.0,541.6666666666667,-84.97444210923294
uniform,92.0,570.8333333333334,-85.34013210323293
uniform,92.0,600.0,-85.70582209723294
uniform,92.0,629.1666666666667,-86.07151209123293
uniform,92.0,658.3333333333334,-86.43720208523294
uniform,92.0,687.5,-86.80289207923293
uniform,92.0,716.6666666666667,-87.16858207323293
uniform,92.0,745.8333333333334,-87.53427206723293
uniform,92.0,775.0,-87.89996206123293
uniform,92.0,804.1666666666667,-88.26565205523292
uniform,92.0,833.3333333333334,-88.63134204923293
uniform,92.0,862.5,-88.9970320432329
uniform,92.0,891.6666666666667,-89.36272203723291
uniform,92.0,920.8333333333334,-89.72841203123292
uniform,92.0,950.0,-90.0941020252329
uniform,92.0,979.1666666666667,-90.4597920192329
uniform,92.0,1008.3333333333334,-90.8254820132329
uniform,92.0,1037.5,-91.19117200723291
uniform,92.0,1066.6666666666667,-91.5568620012329
uniform,92.0,1095.8333333333335,-91.92255199523291
uniform,92.0,1125.0,-92.28824198923292
uniform,92.0,1154.1666666666667,-92.6539319832329
uniform,92.0,1183.3333333333335,-93.01962197723287
uniform,92.0,1212.5,-93.3853119712329
uniform,92.0,1241.6666666666667,-93.75100196523287
uniform,92.0,1270.8333333333335,-94.11669195923288
uniform,92.0,1300.0,-94.48238195323287
uniform,92.0,1329.1666666666667,-94.84807194723291
uniform,92.0,1358.3333333333335,-95.21376194123289
uniform,92.0,1387.5,-95.57945193523287
uniform,92.0,1416.6666666666667,-95.94514192923288
uniform,92.0,1445.8333333333335,-96.31083192323287
uniform,92.0,1475.0,-96.67652191723288
uniform,92.0,1504.1666666666667,-97.0
uniform,92.0,1533.3333333333335,-97.0
uniform,92.0,1562.5,-97.0
uniform,92.0,1591.6666666666667,-97.0
uniform,92.0,1620.8333333333335,-97.0
uniform,92.0,1650.0,-97.00000000000001
uniform,92.0,1679.1666666666667,-97.00000000000001
uniform,92.0,1708.3333333333335,-97.00000000000001
uniform,92.0,1737.5,-97.00000000000003
uniform,92.0,1766.6666666666667,-97.0
uniform,92.0,1795.8333333333335,-97.0
uniform,92.0,1825.0,-97.0
uniform,92.0,1854.1666666666667,-97.0
uniform,92.0,1883.3333333333335,-96.99999999999999
uniform,92.0,1912.5,-96.99999999999999
uniform,92.0,1941.6666666666667,-97.0
uniform,92.0,1970.8333333333335,-97.0
uniform,92.0,2000.0,-97.0
uniform,94.0,250.0,-82.37048360787696
uniform,94.0,279.1666666666667,-83.01352200825221
uniform,94.0,308.3333333333333,-83.45551094128407
uniform,94.0,337.5,-83.89749987431594
uniform,94.0,366.6666666666667,-84.33948880734779
uniform,94.0,395.83333333333337,-84.78147774037967
uniform,94.0,425.0,-85.22346667341154
uniform,94.0,454.1666666666667,-85.66545560644339
uniform,94.0,483.33333333333337,-86.10744453947524
uniform,94.0,512.5,-86.5494334725071
uniform,94.0,541.6666666666667,-86.97444210923294
uniform,94.0,570.8333333333334,-87.34013210323293
uniform,94.0,600.0,-87.70582209723294
uniform,94.0,629.1666666666667,-88.07151209123293
uniform,94.0,658.3333333333334,-88.43720208523294
uniform,94.0,687.5,-88.80289207923293
uniform,94.0,716.6666666666667,-89.16858207323293
uniform,94.0,745.8333333333334,-89.53427206723293
uniform,94.0,775.0,-89.89996206123293
uniform,94.0,804.1666666666667,-90.26565205523292
uniform,94.0,833.3333333333334,-90.63134204923293
uniform,94.0,862.5,-90.9970320432329
uniform,94.0,891.6666666666667,-91.36272203723291
uniform,94.0,920.8333333333334,-91.72841203123292
uniform,94.0,950.0,-92.0941020252329
uniform,94.0,979.1666666666667,-92.4597920192329
uniform,94.0,1008.3333333333334,-92.8254820132329
uniform,94.0,1037.5,-93.19117200723291
uniform,94.0,1066.6666666666667,-93.5568620012329
uniform,94.0,1095.8333333333335,-93.92255199523291
uniform,94.0,1125.0,-94.28824198923292
uniform,94.0,1154.1666666666667,-94.6539319832329
uniform,94.0,1183.3333333333335,-95.01962197723287
uniform,94.0,1212.5,-95.3853119712329
uniform,94.0,1241.6666666666667,-95.75100196523287
uniform,94.0,1270.8333333333335,-96.11669195923288
uniform,94.0,1300.0,-96.48238195323287
uniform,94.0,1329.1666666666667,-96.84807194723291
uniform,94.0,1358.3333333333335,-97.21376194123289
uniform,94.0,1387.5,-97.57945193523287
uniform,94.0,1416.6666666666667,-97.94514192923288
uniform,94.0,1445.8333333333335,-98.31083192323287
uniform,94.0,1475.0,-98.67652191723288
uniform,94.0,1504.1666666666667,-99.0
uniform,94.0,1533.3333333333335,-99.0
uniform,94.0,1562.5,-99.0
uniform,94.0,1591.6666666666667,-99.0
uniform,94.0,1620.8333333333335,-99.0
uniform,94.0,1650.0,-99.00000000000001
uniform,94.0,1679.1666666666667,-99.00000000000001
uniform,94.0,1708.3333333333335,-99.00000000000001
uniform,94.0,1737.5,-99.00000000000003
uniform,94.0,1766.6666666666667,-99.0
uniform,94.0,1795.8333333333335,-99.0
uniform,94.0,1825.0,-99.0
uniform,94.0,1854.1666666666667,-99.0
uniform,94.0,1883.3333333333335,-98.99999999999999
uniform,94.0,1912.5,-98.99999999999999
uniform,94.0,1941.6666666666667,-99.0
uniform,94.0,1970.8333333333335,-99.0
uniform,94.0,2000.0,-99.0
uniform,96.0,250.0,-84.37048360787696
uniform,96.0,279.1666666666667,-85.01352200825221
uniform,96.0,308.3333333333333,-85.45551094128407
uniform,96.0,337.5,-85.89749987431594
uniform,96.0,366.6666666666667,-86.33948880734779
uniform,96.0,395.83333333333337,-86.78147774037967
uniform,96.0,425.0,-87.22346667341154
uniform,96.0,454.1666666666667,-87.66545560644339
uniform,96.0,483.33333333333337,-88.10744453947524
uniform,96.0,512.5,-88.5494334725071
uniform,96.0,541.6666666666667,-88.97444210923294
uniform,96.0,570.8333333333334,-89.34013210323293
uniform,96.0,600.0,-89.70582209723294
uniform,96.0,629.1666666666667,-90.07151209123293
uniform,96.0,658.3333333333334,-90.43720208523294
uniform,96.0,687.5,-90.80289207923293
uniform,96.0,716.6666666666667,-91.16858207323293
uniform,96.0,745.8333333333334,-91.53427206723293
uniform,96.0,775.0,-91.89996206123293
uniform,96.0,804.1666666666667,-92.26565205523292
uniform,96.0,833.3333333333334,-92.63134204923293
uniform,96.0,862.5,-92.9970320432329
uniform,96.0,891.6666666666667,-93.36272203723291
uniform,96.0,920.8333333333334,-93.72841203123292
uniform,96.0,950.0,-94.0941020252329
uniform,96.0,979.1666666666667,-94.4597920192329
uniform,96.0,1008.3333333333334,-94.8254820132329
uniform,96.0,1037.5,-95.19117200723291
uniform,96.0,1066.6666666666667,-95.5568620012329
uniform,96.0,1095.8333333333335,-95.92255199523291
uniform,96.0,1125.0,-96.28824198923292
uniform,96.0,1154.1666666666667,-96.6539319832329
uniform,96.0,1183.3333333333335,-97.01962197723287
uniform,96.0,1212.5,-97.3853119712329
uniform,96.0,1241.6666666666667,-97.75100196523287
uniform,96.0,1270.8333333333335,-98.11669195923288
uniform,96.0,1300.0,-98.48238195323287
uniform,96.0,1329.1666666666667,-98.84807194723291
uniform,96.0,1358.3333333333335,-99.21376194123289
uniform,96.0,1387.5,-99.57945193523287
uniform,96.0,1416.6666666666667,-99.94514192923288
uniform,96.0,1445.8333333333335,-100.31083192323287
uniform,96.0,1475.0,-100.67652191723288
uniform,96.0,1504.1666666666667,-101.0
uniform,96.0,1533.3333333333335,-101.0
uniform,96.0,1562.5,-101.0
uniform,96.0,1591.6666666666667,-101.0
uniform,96.0,1620.8333333333335,-101.0
uniform,96.0,1650.0,-101.00000000000001
uniform,96.0,1679.1666666666667,-101.00000000000001
uniform,96.0,1708.3333333333335,-101.00000000000001
uniform,96.0,1737.5,-101.00000000000003
uniform,96.0,1766.6666666666667,-101.0
uniform,96.0,1795.8333333333335,-101.0
uniform,96.0,1825.0,-101.0
uniform,96.0,1854.1666666666667,-101.0
uniform,96.0,1883.3333333333335,-100.99999999999999
uniform,96.0,1912.5,-100.99999999999999
uniform,96.0,1941.6666666666667,-101.0
uniform,96.0,1970.8333333333335,-101.0
uniform,96.0,2000.0,-101.0
uniform,98.0,250.0,-86.37048360787696
uniform,98.0,279.1666666666667,-87.01352200825221
uniform,98.0,308.3333333333333,-87.45551094128407
uniform,98.0,337.5,-87.89749987431594
uniform,98.0,366.6666666666667,-88.33948880734779
uniform,98.0,395.83333333333337,-88.78147774037967
uniform,98.0,425.0,-89.22346667341154
uniform,98.0,454.1666666666667,-89.66545560644339
uniform,98.0,483.33333333333337,-90.10744453947524
uniform,98.0,512.5,-90.5494334725071
uniform,98.0,541.6666666666667,-90.97444210923294
uniform,98.0,570.8333333333334,-91.34013210323293
uniform,98.0,600.0,-91.70582209723294
uniform,98.0,629.1666666666667,-92.07151209123293
uniform,98.0,658.3333333333334,-92.43720208523294
uniform,98.0,687.5,-92.80289207923293
uniform,98.0,716.6666666666667,-93.16858207323293
uniform,98.0,745.8333333333334,-93.53427206723293
uniform,98.0,775.0,-93.89996206123293
uniform,98.0,804.1666666666667,-94.26565205523293
uniform,98.0,833.3333333333334,-94.63134204923293
uniform,98.0,862.5,-94.9970320432329
uniform,98.0,891.6666666666667,-95.36272203723291
uniform,98.0,920.8333333333334,-95.72841203123292
uniform,98.0,950.0,-96.0941020252329
uniform,98.0,979.1666666666667,-96.4597920192329
uniform,98.0,1008.3333333333334,-96.8254820132329
uniform,98.0,1037.5,-97.19117200723291
uniform,98.0,1066.6666666666667,-97.5568620012329
uniform,98.0,1095.8333333333335,-97.92255199523291
uniform,98.0,1125.0,-98.28824198923292
uniform,98.0,1154.1666666666667,-98.6539319832329
uniform,98.0,1183.3333333333335,-99.01962197723287
uniform,98.0,1212.5,-99.3853119712329
uniform,98.0,1241.6666666666667,-99.75100196523287
uniform,98.0,1270.8333333333335,-100.11669195923288
uniform,98.0,1300.0,-100.48238195323287
uniform,98.0,1329.1666666666667,-100.84807194723291
uniform,98.0,1358.3333333333335,-101.21376194123289
uniform,98.0,1387.5,-101.57945193523287
uniform,98.0,1416.6666666666667,-101.94514192923288
uniform,98.0,1445.8333333333335,-102.31083192323287
uniform,98.0,1475.0,-102.67652191723288
uniform,98.0,1504.1666666666667,-103.0
uniform,98.0,1533.3333333333335,-103.0
uniform,98.0,1562.5,-103.0
uniform,98.0,1591.6666666666667,-103.0
uniform,98.0,1620.8333333333335,-103.0
uniform,98.0,1650.0,-103.00000000000001
uniform,98.0,1679.1666666666667,-103.00000000000001
uniform,98.0,1708.3333333333335,-103.00000000000001
uniform,98.0,1737.5,-103.00000000000003
uniform,98.0,1766.6666666666667,-103.0
uniform,98.0,1795.8333333333335,-103.0
uniform,98.0,1825.0,-103.0
uniform,98.0,1854.1666666666667,-103.0
uniform,98.0,1883.3333333333335,-102.99999999999999
uniform,98.0,1912.5,-102.99999999999999
uniform,98.0,1941.6666666666667,-103.0
uniform,98.0,1970.8333333333335,-103.0
uniform,98.0,2000.0,-103.0
uniform,100.0,250.0,-88.37048360787696
uniform,100.0,279.1666666666667,-89.01352200825221
uniform,100.0,308.3333333333333,-89.45551094128407
uniform,100.0,337.5,-89.89749987431594
uniform,100.0,366.6666666666667,-90.33948880734779
uniform,100.0,395.83333333333337,-90.78147774037967
uniform,100.0,425.0,-91.22346667341154
uniform,100.0,454.1666666666667,-91.66545560644339
uniform,100.0,483.33333333333337,-92.10744453947524
uniform,100.0,512.5,-92.5494334725071
uniform,100.0,541.6666666666667,-92.97444210923294
uniform,100.0,570.8333333333334,-93.34013210323293
uniform,100.0,600.0,-93.70582209723294
uniform,100.0,629.1666666666667,-94.07151209123293
uniform,100.0,658.3333333333334,-94.43720208523294
uniform,100.0,687.5,-94.80289207923292
uniform,100.0,716.6666666666667,-95.16858207323293
uniform,100.0,745.8333333333334,-95.5342720672329
uniform,100.0,775.0,-95.89996206123293
uniform,100.0,804.1666666666667,-96.26565205523293
uniform,100.0,833.3333333333334,-96.63134204923293
uniform,100.0,862.5,-96.9970320432329
uniform,100.0,891.6666666666667,-97.36272203723291
uniform,100.0,920.8333333333334,-97.72841203123292
uniform,100.0,950.0,-98.0941020252329
uniform,100.0,979.1666666666667,-98.4597920192329
uniform,100.0,1008.3333333333334,-98.8254820132329
uniform,100.0,1037.5,-99.19117200723291
uniform,100.0,1066.6666666666667,-99.5568620012329
uniform,100.0,1095.8333333333335,-99.92255199523291
uniform,100.0,1125.0,-100.28824198923292
uniform,100.0,1154.1666666666667,-100.6539319832329
uniform,100.0,1183.3333333333335,-101.01962197723287
uniform,100.0,1212.5,-101.3853119712329
uniform,100.0,1241.6666666666667,-101.75100196523287
uniform,100.0,1270.8333333333335,-102.11669195923288
uniform,100.0,1300.0,-102.48238195323287
uniform,100.0,1329.1666666666667,-102.84807194723291
uniform,100.0,1358.3333333333335,-103.21376194123289
uniform,100.0,1387.5,-103.57945193523287
uniform,100.0,1416.6666666666667,-103.94514192923288
uniform,100.0,1445.8333333333335,-104.31083192323287
uniform,100.0,1475.0,-104.67652191723288
uniform,100.0,1504.1666666666667,-105.0
uniform,100.0,1533.3333333333335,-105.0
uniform,100.0,1562.5,-105.0
uniform,100.0,1591.6666666666667,-105.0
uniform,100.0,1620.8333333333335,-105.0
uniform,100.0,1650.0,-105.00000000000001
uniform,100.0,1679.1666666666667,-105.00000000000001
uniform,100.0,1708.3333333333335,-105.00000000000001
uniform,100.0,1737.5,-105.00000000000003
uniform,100.0,1766.6666666666667,-105.0
uniform,100.0,1795.8333333333335,-105.0
uniform,100.0,1825.0,-105.0
uniform,100.0,1854.1666666666667,-105.0
uniform,100.0,1883.3333333333335,-104.99999999999999
uniform,100.0,1912.5,-104.99999999999999
uniform,100.0,1941.6666666666667,-105.0
uniform,100.0,1970.8333333333335,-105.0
uniform,100.0,2000.0,-105.0
jeffreys,0.0,250.0,12.765308271065198
jeffreys,0.0,279.1666666666667,12.156073917203216
jeffreys,0.0,308.3333333333333,11.600143497505954
jeffreys,0.0,337.5,11.18984580090994
jeffreys,0.0,366.6666666666667,10.779548104313921
jeffreys,0.0,395.83333333333337,10.3692504077179
jeffreys,0.0,425.0,9.958952711121889
jeffreys,0.0,454.1666666666667,9.54865501452587
jeffreys,0.0,483.33333333333337,9.138357317929852
jeffreys,0.0,512.5,8.728059621333834
jeffreys,0.0,541.6666666666667,8.31776192473782
jeffreys,0.0,570.8333333333334,7.9074642281418015
jeffreys,0.0,600.0,7.497166531545787
jeffreys,0.0,629.1666666666667,7.11875019857219
jeffreys,0.0,658.3333333333334,6.774831108236814
jeffreys,0.0,687.5,6.430912017901438
jeffreys,0.0,716.6666666666667,6.086992927566069
jeffreys,0.0,745.8333333333334,5.743073837230693
jeffreys,0.0,775.0,5.399154746895309
jeffreys,0.0,804.1666666666667,5.055235656559937
jeffreys,0.0,833.3333333333334,4.711316566224564
jeffreys,0.0,862.5,4.367397475889192
jeffreys,0.0,891.6666666666667,4.023478385553812
jeffreys,0.0,920.8333333333334,3.679559295218443
jeffreys,0.0,950.0,3.3356402048830702
jeffreys,0.0,979.1666666666667,2.991721114547694
jeffreys,0.0,1008.3333333333334,2.647802024212318
jeffreys,0.0,1037.5,2.303882933876949
jeffreys,0.0,1066.6666666666667,1.9599638435415727
jeffreys,0.0,1095.8333333333335,1.6160447532061966
jeffreys,0.0,1125.0,1.2721256628708204
jeffreys,0.0,1154.1666666666667,0.9282065725354443
jeffreys,0.0,1183.3333333333335,0.584287482200061
jeffreys,0.0,1212.5,0.24036839186468484
jeffreys,0.0,1241.6666666666667,-0.10355069847068421
jeffreys,0.0,1270.8333333333335,-0.44746978880605326
jeffreys,0.0,1300.0,-0.7913888791414294
jeffreys,0.0,1329.1666666666667,-1.1353079694768127
jeffreys,0.0,1358.3333333333335,-1.4792270598121817
jeffreys,0.0,1387.5,-1.8231461501475579
jeffreys,0.0,1416.6666666666667,-2.167065240482934
jeffreys,0.0,1445.8333333333335,-2.51098433081831
jeffreys,0.0,1475.0,-2.8549034211536792
jeffreys,0.0,1504.1666666666667,-3.1988225114890554
jeffreys,0.0,1533.3333333333335,-3.5427416018244244
jeffreys,0.0,1562.5,-3.8866606921598077
jeffreys,0.0,1591.6666666666667,-4.230579782495177
jeffreys,0.0,1620.8333333333335,-4.57449887283056
jeffreys,0.0,1650.0,-4.918417963165936
jeffreys,0.0,1679.1666666666667,-4.999999999999993
jeffreys,0.0,1708.3333333333335,-4.999999999999993
jeffreys,0.0,1737.5,-5.0
jeffreys,0.0,1766.6666666666667,-4.999999999999993
jeffreys,0.0,1795.8333333333335,-5.0
jeffreys,0.0,1825.0,-4.999999999999993
jeffreys,0.0,1854.1666666666667,-4.999999999999993
jeffreys,0.0,1883.3333333333335,-4.999999999999993
jeffreys,0.0,1912.5,-4.999999999999993
jeffreys,0.0,1941.6666666666667,-4.999999999999993
jeffreys,0.0,1970.8333333333335,-4.999999999999993
jeffreys,0.0,2000.0,-4.999999999999993
jeffreys,2.0,250.0,10.765308271065198
jeffreys,2.0,279.1666666666667,10.156073917203216
jeffreys,2.0,308.3333333333333,9.600143497505954
jeffreys,2.0,337.5,9.18984580090994
jeffreys,2.0,366.6666666666667,8.779548104313921
jeffreys,2.0,395.83333333333337,8.3692504077179
jeffreys,2.0,425.0,7.9589527111218885
jeffreys,2.0,454.1666666666667,7.54865501452587
jeffreys,2.0,483.33333333333337,7.138357317929852
jeffreys,2.0,512.5,6.728059621333834
jeffreys,2.0,541.6666666666667,6.31776192473782
jeffreys,2.0,570.8333333333334,5.9074642281418015
jeffreys,2.0,600.0,5.497166531545787
jeffreys,2.0,629.1666666666667,5.11875019857219
jeffreys,2.0,658.3333333333334,4.774831108236814
jeffreys,2.0,687.5,4.430912017901438
jeffreys,2.0,716.6666666666667,4.086992927566069
jeffreys,2.0,745.8333333333334,3.7430738372306926
jeffreys,2.0,775.0,3.3991547468953094
jeffreys,2.0,804.1666666666667,3.055235656559937
jeffreys,2.0,833.3333333333334,2.7113165662245606
jeffreys,2.0,862.5,2.3673974758891916
jeffreys,2.0,891.6666666666667,2.0234783855538154
jeffreys,2.0,920.8333333333334,1.6795592952184393
jeffreys,2.0,950.0,1.3356402048830702
jeffreys,2.0,979.1666666666667,0.9917211145476941
jeffreys,2.0,1008.3333333333334,0.6478020242123179
jeffreys,2.0,1037.5,0.30388293387694887
jeffreys,2.0,1066.6666666666667,-0.040036156458427286
jeffreys,2.0,1095.8333333333335,-0.38395524679380344
jeffreys,2.0,1125.0,-0.7278743371291796
jeffreys,2.0,1154.1666666666667,-1.0717934274645557
jeffreys,2.0,1183.3333333333335,-1.415712517799939
jeffreys,2.0,1212.5,-1.7596316081353152
jeffreys,2.0,1241.6666666666667,-2.103550698470684
jeffreys,2.0,1270.8333333333335,-2.4474697888060533
jeffreys,2.0,1300.0,-2.7913888791414294
jeffreys,2.0,1329.1666666666667,-3.1353079694768127
jeffreys,2.0,1358.3333333333335,-3.4792270598121817
jeffreys,2.0,1387.5,-3.823146150147558
jeffreys,2.0,1416.6666666666667,-4.167065240482934
jeffreys,2.0,1445.8333333333335,-4.51098433081831
jeffreys,2.0,1475.0,-4.854903421153679
jeffreys,2.0,1504.1666666666667,-5.198822511489055
jeffreys,2.0,1533.3333333333335,-5.542741601824424
jeffreys,2.0,1562.5,-5.886660692159808
jeffreys,2.0,1591.6666666666667,-6.230579782495177
jeffreys,2.0,1620.8333333333335,-6.57449887283056
jeffreys,2.0,1650.0,-6.918417963165936
jeffreys,2.0,1679.1666666666667,-6.999999999999993
jeffreys,2.0,1708.3333333333335,-6.999999999999993
jeffreys,2.0,1737.5,-7.0
jeffreys,2.0,1766.6666666666667,-6.999999999999993
jeffreys,2.0,1795.8333333333335,-7.0
jeffreys,2.0,1825.0,-6.999999999999993
jeffreys,2.0,1854.1666666666667,-6.999999999999993
jeffreys,2.0,1883.3333333333335,-6.999999999999993
jeffreys,2.0,1912.5,-6.999999999999993
jeffreys,2.0,1941.6666666666667,-6.999999999999993
jeffreys,2.0,1970.8333333333335,-6.999999999999993
jeffreys,2.0,2000.0,-6.999999999999993
jeffreys,4.0,250.0,8.765308271065198
jeffreys,4.0,279.1666666666667,8.156073917203216
jeffreys,4.0,308.3333333333333,7.600143497505954
jeffreys,4.0,337.5,7.189845800909939
jeffreys,4.0,366.6666666666667,6.779548104313921
jeffreys,4.0,395.83333333333337,6.3692504077178995
jeffreys,4.0,425.0,5.9589527111218885
jeffreys,4.0,454.1666666666667,5.54865501452587
jeffreys,4.0,483.33333333333337,5.138357317929852
jeffreys,4.0,512.5,4.728059621333834
jeffreys,4.0,541.6666666666667,4.31776192473782
jeffreys,4.0,570.8333333333334,3.9074642281418015
jeffreys,4.0,600.0,3.497166531545787
jeffreys,4.0,629.1666666666667,3.11875019857219
jeffreys,4.0,658.3333333333334,2.774831108236814
jeffreys,4.0,687.5,2.430912017901438
jeffreys,4.0,716.6666666666667,2.0869929275660724
jeffreys,4.0,745.8333333333334,1.743073837230689
jeffreys,4.0,775.0,1.3991547468953058
jeffreys,4.0,804.1666666666667,1.0552356565599368
jeffreys,4.0,833.3333333333334,0.7113165662245606
jeffreys,4.0,862.5,0.3673974758891916
jeffreys,4.0,891.6666666666667,0.02347838555381543
jeffreys,4.0,920.8333333333334,-0.3204407047815607
jeffreys,4.0,950.0,-0.6643597951169298
jeffreys,4.0,979.1666666666667,-1.008278885452306
jeffreys,4.0,1008.3333333333334,-1.352197975787682
jeffreys,4.0,1037.5,-1.6961170661230511
jeffreys,4.0,1066.6666666666667,-2.0400361564584273
jeffreys,4.0,1095.8333333333335,-2.3839552467938034
jeffreys,4.0,1125.0,-2.7278743371291796
jeffreys,4.0,1154.1666666666667,-3.0717934274645557
jeffreys,4.0,1183.3333333333335,-3.415712517799939
jeffreys,4.0,1212.5,-3.759631608135315
jeffreys,4.0,1241.6666666666667,-4.103550698470684
jeffreys,4.0,1270.8333333333335,-4.447469788806053
jeffreys,4.0,1300.0,-4.791388879141429
jeffreys,4.0,1329.1666666666667,-5.135307969476813
jeffreys,4.0,1358.3333333333335,-5.479227059812182
jeffreys,4.0,1387.5,-5.823146150147558
jeffreys,4.0,1416.6666666666667,-6.167065240482934
jeffreys,4.0,1445.8333333333335,-6.51098433081831
jeffreys,4.0,1475.0,-6.854903421153679
jeffreys,4.0,1504.1666666666667,-7.198822511489055
jeffreys,4.0,1533.3333333333335,-7.542741601824424
jeffreys,4.0,1562.5,-7.886660692159808
jeffreys,4.0,1591.6666666666667,-8.230579782495177
jeffreys,4.0,1620.8333333333335,-8.57449887283056
jeffreys,4.0,1650.0,-8.918417963165936
jeffreys,4.0,1679.1666666666667,-8.999999999999993
jeffreys,4.0,1708.3333333333335,-8.999999999999993
jeffreys,4.0,1737.5,-9.0
jeffreys,4.0,1766.6666666666667,-8.999999999999993
jeffreys,4.0,1795.8333333333335,-9.0
jeffreys,4.0,1825.0,-8.999999999999993
jeffreys,4.0,1854.1666666666667,-8.999999999999993
jeffreys,4.0,1883.3333333333335,-8.999999999999993
jeffreys,4.0,1912.5,-8.999999999999993
jeffreys,4.0,1941.6666666666667,-8.999999999999993
jeffreys,4.0,1970.8333333333335,-8.999999999999993
jeffreys,4.0,2000.0,-8.999999999999993
jeffreys,6.0,250.0,6.765308271065198
jeffreys,6.0,279.1666666666667,6.156073917203216
jeffreys,6.0,308.3333333333333,5.600143497505954
jeffreys,6.0,337.5,5.189845800909939
jeffreys,6.0,366.6666666666667,4.779548104313921
jeffreys,6.0,395.83333333333337,4.3692504077178995
jeffreys,6.0,425.0,3.9589527111218885
jeffreys,6.0,454.1666666666667,3.5486550145258704
jeffreys,6.0,483.33333333333337,3.1383573179298523
jeffreys,6.0,512.5,2.728059621333834
jeffreys,6.0,541.6666666666667,2.3177619247378196
jeffreys,6.0,570.8333333333334,1.9074642281418015
jeffreys,6.0,600.0,1.497166531545787
jeffreys,6.0,629.1666666666667,1.1187501985721937
jeffreys,6.0,658.3333333333334,0.7748311082368176
jeffreys,6.0,687.5,0.4309120179014343
jeffreys,6.0,716.6666666666667,0.08699292756607235
jeffreys,6.0,745.8333333333334,-0.2569261627693109
jeffreys,6.0,775.0,-0.6008452531046942
jeffreys,6.0,804.1666666666667,-0.9447643434400632
jeffreys,6.0,833.3333333333334,-1.2886834337754394
jeffreys,6.0,862.5,-1.6326025241108084
jeffreys,6.0,891.6666666666667,-1.9765216144461846
jeffreys,6.0,920.8333333333334,-2.3204407047815607
jeffreys,6.0,950.0,-2.6643597951169298
jeffreys,6.0,979.1666666666667,-3.008278885452306
jeffreys,6.0,1008.3333333333334,-3.352197975787682
jeffreys,6.0,1037.5,-3.696117066123051
jeffreys,6.0,1066.6666666666667,-4.040036156458427
jeffreys,6.0,1095.8333333333335,-4.383955246793803
jeffreys,6.0,1125.0,-4.72787433712918
jeffreys,6.0,1154.1666666666667,-5.071793427464556
jeffreys,6.0,1183.3333333333335,-5.415712517799939
jeffreys,6.0,1212.5,-5.759631608135315
jeffreys,6.0,1241.6666666666667,-6.103550698470684
jeffreys,6.0,1270.8333333333335,-6.447469788806053
jeffreys,6.0,1300.0,-6.791388879141429
jeffreys,6.0,1329.1666666666667,-7.135307969476813
jeffreys,6.0,1358.3333333333335,-7.479227059812182
jeffreys,6.0,1387.5,-7.823146150147558
jeffreys,6.0,1416.6666666666667,-8.167065240482934
jeffreys,6.0,1445.8333333333335,-8.51098433081831
jeffreys,6.0,1475.0,-8.85490342115368
jeffreys,6.0,1504.1666666666667,-9.198822511489055
jeffreys,6.0,1533.3333333333335,-9.542741601824424
jeffreys,6.0,1562.5,-9.886660692159808
jeffreys,6.0,1591.6666666666667,-10.230579782495177
jeffreys,6.0,1620.8333333333335,-10.57449887283056
jeffreys,6.0,1650.0,-10.918417963165936
jeffreys,6.0,1679.1666666666667,-10.999999999999993
jeffreys,6.0,1708.3333333333335,-10.999999999999993
jeffreys,6.0,1737.5,-11.0
jeffreys,6.0,1766.6666666666667,-10.999999999999993
jeffreys,6.0,1795.8333333333335,-11.0
jeffreys,6.0,1825.0,-10.999999999999993
jeffreys,6.0,1854.1666666666667,-10.999999999999993
jeffreys,6.0,1883.3333333333335,-10.999999999999993
jeffreys,6.0,1912.5,-10.999999999999993
jeffreys,6.0,1941.6666666666667,-10.999999999999993
jeffreys,6.0,1970.8333333333335,-10.999999999999993
jeffreys,6.0,2000.0,-10.999999999999993
jeffreys,8.0,250.0,4.765308271065198
jeffreys,8.0,279.1666666666667,4.156073917203216
jeffreys,8.0,308.3333333333333,3.600143497505954
jeffreys,8.0,337.5,3.1898458009099393
jeffreys,8.0,366.6666666666667,2.779548104313921
jeffreys,8.0,395.83333333333337,2.3692504077178995
jeffreys,8.0,425.0,1.9589527111218885
jeffreys,8.0,454.1666666666667,1.5486550145258704
jeffreys,8.0,483.33333333333337,1.1383573179298523
jeffreys,8.0,512.5,0.7280596213338342
jeffreys,8.0,541.6666666666667,0.31776192473781606
jeffreys,8.0,570.8333333333334,-0.09253577185819495
jeffreys,8.0,600.0,-0.5028334684542131
jeffreys,8.0,629.1666666666667,-0.8812498014278063
jeffreys,8.0,658.3333333333334,-1.2251688917631824
jeffreys,8.0,687.5,-1.5690879820985657
jeffreys,8.0,716.6666666666667,-1.9130070724339276
jeffreys,8.0,745.8333333333334,-2.256926162769311
jeffreys,8.0,775.0,-2.600845253104694
jeffreys,8.0,804.1666666666667,-2.944764343440063
jeffreys,8.0,833.3333333333334,-3.2886834337754394
jeffreys,8.0,862.5,-3.6326025241108084
jeffreys,8.0,891.6666666666667,-3.9765216144461846
jeffreys,8.0,920.8333333333334,-4.320440704781561
jeffreys,8.0,950.0,-4.66435979511693
jeffreys,8.0,979.1666666666667,-5.008278885452306
jeffreys,8.0,1008.3333333333334,-5.352197975787682
jeffreys,8.0,1037.5,-5.696117066123051
jeffreys,8.0,1066.6666666666667,-6.040036156458427
jeffreys,8.0,1095.8333333333335,-6.383955246793803
jeffreys,8.0,1125.0,-6.72787433712918
jeffreys,8.0,1154.1666666666667,-7.071793427464556
jeffreys,8.0,1183.3333333333335,-7.415712517799939
jeffreys,8.0,1212.5,-7.759631608135315
jeffreys,8.0,1241.6666666666667,-8.103550698470684
jeffreys,8.0,1270.8333333333335,-8.447469788806053
jeffreys,8.0,1300.0,-8.79138887914143
jeffreys,8.0,1329.1666666666667,-9.135307969476813
jeffreys,8.0,1358.3333333333335,-9.479227059812182
jeffreys,8.0,1387.5,-9.823146150147558
jeffreys,8.0,1416.6666666666667,-10.167065240482934
jeffreys,8.0,1445.8333333333335,-10.51098433081831
jeffreys,8.0,1475.0,-10.85490342115368
jeffreys,8.0,1504.1666666666667,-11.198822511489055
jeffreys,8.0,1533.3333333333335,-11.542741601824424
jeffreys,8.0,1562.5,-11.886660692159808
jeffreys,8.0,1591.6666666666667,-12.230579782495177
jeffreys,8.0,1620.8333333333335,-12.57449887283056
jeffreys,8.0,1650.0,-12.918417963165936
jeffreys,8.0,1679.1666666666667,-12.999999999999993
jeffreys,8.0,1708.3333333333335,-12.999999999999993
jeffreys,8.0,1737.5,-13.0
jeffreys,8.0,1766.6666666666667,-12.999999999999993
jeffreys,8.0,1795.8333333333335,-13.0
jeffreys,8.0,1825.0,-12.999999999999993
jeffreys,8.0,1854.1666666666667,-12.999999999999993
jeffreys,8.0,1883.3333333333335,-12.999999999999993
jeffreys,8.0,1912.5,-12.999999999999993
jeffreys,8.0,1941.6666666666667,-12.999999999999993
jeffreys,8.0,1970.8333333333335,-12.999999999999993
jeffreys,8.0,2000.0,-12.999999999999993
jeffreys,10.0,250.0,2.765308271065198
jeffreys,10.0,279.1666666666667,2.1560739172032157
jeffreys,10.0,308.3333333333333,1.6001434975059539
jeffreys,10.0,337.5,1.1898458009099393
jeffreys,10.0,366.6666666666667,0.7795481043139212
jeffreys,10.0,395.83333333333337,0.3692504077178995
jeffreys,10.0,425.0,-0.04104728887811149
jeffreys,10.0,454.1666666666667,-0.4513449854741296
jeffreys,10.0,483.33333333333337,-0.8616426820701477
jeffreys,10.0,512.5,-1.2719403786661658
jeffreys,10.0,541.6666666666667,-1.682238075262184
jeffreys,10.0,570.8333333333334,-2.092535771858195
jeffreys,10.0,600.0,-2.502833468454213
jeffreys,10.0,629.1666666666667,-2.8812498014278063
jeffreys,10.0,658.3333333333334,-3.2251688917631824
jeffreys,10.0,687.5,-3.5690879820985657
jeffreys,10.0,716.6666666666667,-3.9130070724339276
jeffreys,10.0,745.8333333333334,-4.256926162769311
jeffreys,10.0,775.0,-4.600845253104694
jeffreys,10.0,804.1666666666667,-4.944764343440063
jeffreys,10.0,833.3333333333334,-5.288683433775439
jeffreys,10.0,862.5,-5.632602524110808
jeffreys,10.0,891.6666666666667,-5.976521614446185
jeffreys,10.0,920.8333333333334,-6.320440704781561
jeffreys,10.0,950.0,-6.66435979511693
jeffreys,10.0,979.1666666666667,-7.008278885452306
jeffreys,10.0,1008.3333333333334,-7.352197975787682
jeffreys,10.0,1037.5,-7.696117066123051
jeffreys,10.0,1066.6666666666667,-8.040036156458427
jeffreys,10.0,1095.8333333333335,-8.383955246793803
jeffreys,10.0,1125.0,-8.72787433712918
jeffreys,10.0,1154.1666666666667,-9.071793427464556
jeffreys,10.0,1183.3333333333335,-9.415712517799939
jeffreys,10.0,1212.5,-9.759631608135315
jeffreys,10.0,1241.6666666666667,-10.103550698470684
jeffreys,10.0,1270.8333333333335,-10.447469788806053
jeffreys,10.0,1300.0,-10.79138887914143
jeffreys,10.0,1329.1666666666667,-11.135307969476813
jeffreys,10.0,1358.3333333333335,-11.479227059812182
jeffreys,10.0,1387.5,-11.823146150147558
jeffreys,10.0,1416.6666666666667,-12.167065240482934
jeffreys,10.0,1445.8333333333335,-12.51098433081831
jeffreys,10.0,1475.0,-12.85490342115368
jeffreys,10.0,1504.1666666666667,-13.198822511489055
jeffreys,10.0,1533.3333333333335,-13.542741601824424
jeffreys,10.0,1562.5,-13.886660692159808
jeffreys,10.0,1591.6666666666667,-14.230579782495177
jeffreys,10.0,1620.8333333333335,-14.57449887283056
jeffreys,10.0,1650.0,-14.918417963165936
jeffreys,10.0,1679.1666666666667,-14.999999999999993
jeffreys,10.0,1708.3333333333335,-14.999999999999993
jeffreys,10.0,1737.5,-15.0
jeffreys,10.0,1766.6666666666667,-14.999999999999993
jeffreys,10.0,1795.8333333333335,-15.0
jeffreys,10.0,1825.0,-14.999999999999993
jeffreys,10.0,1854.1666666666667,-14.999999999999993
jeffreys,10.0,1883.3333333333335,-14.999999999999993
jeffreys,10.0,1912.5,-14.999999999999993
jeffreys,10.0,1941.6666666666667,-14.999999999999993
jeffreys,10.0,1970.8333333333335,-14.999999999999993
jeffreys,10.0,2000.0,-14.999999999999993
jeffreys,12.0,250.0,0.7653082710651979
jeffreys,12.0,279.1666666666667,0.15607391720321573
jeffreys,12.0,308.3333333333333,-0.39985650249404614
jeffreys,12.0,337.5,-0.8101541990900607
jeffreys,12.0,366.6666666666667,-1.2204518956860824
jeffreys,12.0,395.83333333333337,-1.6307495922821005
jeffreys,12.0,425.0,-2.0410472888781115
jeffreys,12.0,454.1666666666667,-2.4513449854741296
jeffreys,12.0,483.33333333333337,-2.8616426820701477
jeffreys,12.0,512.5,-3.271940378666166
jeffreys,12.0,541.6666666666667,-3.682238075262184
jeffreys,12.0,570.8333333333334,-4.092535771858195
jeffreys,12.0,600.0,-4.502833468454213
jeffreys,12.0,629.1666666666667,-4.881249801427806
jeffreys,12.0,658.3333333333334,-5.225168891763182
jeffreys,12.0,687.5,-5.569087982098566
jeffreys,12.0,716.6666666666667,-5.913007072433928
jeffreys,12.0,745.8333333333334,-6.256926162769311
jeffreys,12.0,775.0,-6.600845253104694
jeffreys,12.0,804.1666666666667,-6.944764343440063
jeffreys,12.0,833.3333333333334,-7.288683433775439
jeffreys,12.0,862.5,-7.632602524110808
jeffreys,12.0,891.6666666666667,-7.976521614446185
jeffreys,12.0,920.8333333333334,-8.32044070478156
jeffreys,12.0,950.0,-8.66435979511693
jeffreys,12.0,979.1666666666667,-9.008278885452306
jeffreys,12.0,1008.3333333333334,-9.352197975787682
jeffreys,12.0,1037.5,-9.696117066123051
jeffreys,12.0,1066.6666666666667,-10.040036156458427
jeffreys,12.0,1095.8333333333335,-10.383955246793803
jeffreys,12.0,1125.0,-10.72787433712918
jeffreys,12.0,1154.1666666666667,-11.071793427464556
jeffreys,12.0,1183.3333333333335,-11.415712517799939
jeffreys,12.0,1212.5,-11.759631608135315
jeffreys,12.0,1241.6666666666667,-12.103550698470684
jeffreys,12.0,1270.8333333333335,-12.447469788806053
jeffreys,12.0,1300.0,-12.79138887914143
jeffreys,12.0,1329.1666666666667,-13.135307969476813
jeffreys,12.0,1358.3333333333335,-13.479227059812182
jeffreys,12.0,1387.5,-13.823146150147558
jeffreys,12.0,1416.6666666666667,-14.167065240482934
jeffreys,12.0,1445.8333333333335,-14.51098433081831
jeffreys,12.0,1475.0,-14.85490342115368
jeffreys,12.0,1504.1666666666667,-15.198822511489055
jeffreys,12.0,1533.3333333333335,-15.542741601824424
jeffreys,12.0,1562.5,-15.886660692159808
jeffreys,12.0,1591.6666666666667,-16.230579782495177
jeffreys,12.0,1620.8333333333335,-16.57449887283056
jeffreys,12.0,1650.0,-16.918417963165936
jeffreys,12.0,1679.1666666666667,-16.999999999999993
jeffreys,12.0,1708.3333333333335,-16.999999999999993
jeffreys,12.0,1737.5,-17.0
jeffreys,12.0,1766.6666666666667,-16.999999999999993
jeffreys,12.0,1795.8333333333335,-17.0
jeffreys,12.0,1825.0,-16.999999999999993
jeffreys,12.0,1854.1666666666667,-16.999999999999993
jeffreys,12.0,1883.3333333333335,-16.999999999999993
jeffreys,12.0,1912.5,-16.999999999999993
jeffreys,12.0,1941.6666666666667,-16.999999999999993
jeffreys,12.0,1970.8333333333335,-16.999999999999993
jeffreys,12.0,2000.0,-16.999999999999993
jeffreys,14.0,250.0,-1.2346917289348056
jeffreys,14.0,279.1666666666667,-1.8439260827967878
jeffreys,14.0,308.3333333333333,-2.399856502494046
jeffreys,14.0,337.5,-2.8101541990900607
jeffreys,14.0,366.6666666666667,-3.2204518956860824
jeffreys,14.0,395.83333333333337,-3.6307495922821005
jeffreys,14.0,425.0,-4.0410472888781115
jeffreys,14.0,454.1666666666667,-4.45134498547413
jeffreys,14.0,483.33333333333337,-4.861642682070148
jeffreys,14.0,512.5,-5.271940378666166
jeffreys,14.0,541.6666666666667,-5.682238075262184
jeffreys,14.0,570.8333333333334,-6.092535771858195
jeffreys,14.0,600.0,-6.502833468454213
jeffreys,14.0,629.1666666666667,-6.881249801427806
jeffreys,14.0,658.3333333333334,-7.225168891763182
jeffreys,14.0,687.5,-7.569087982098566
jeffreys,14.0,716.6666666666667,-7.913007072433928
jeffreys,14.0,745.8333333333334,-8.256926162769311
jeffreys,14.0,775.0,-8.600845253104694
jeffreys,14.0,804.1666666666667,-8.944764343440063
jeffreys,14.0,833.3333333333334,-9.28868343377544
jeffreys,14.0,862.5,-9.632602524110808
jeffreys,14.0,891.6666666666667,-9.976521614446185
jeffreys,14.0,920.8333333333334,-10.32044070478156
jeffreys,14.0,950.0,-10.66435979511693
jeffreys,14.0,979.1666666666667,-11.008278885452306
jeffreys,14.0,1008.3333333333334,-11.352197975787682
jeffreys,14.0,1037.5,-11.696117066123051
jeffreys,14.0,1066.6666666666667,-12.040036156458427
jeffreys,14.0,1095.8333333333335,-12.383955246793803
jeffreys,14.0,1125.0,-12.72787433712918
jeffreys,14.0,1154.1666666666667,-13.071793427464556
jeffreys,14.0,1183.3333333333335,-13.415712517799939
jeffreys,14.0,1212.5,-13.759631608135315
jeffreys,14.0,1241.6666666666667,-14.103550698470684
jeffreys,14.0,1270.8333333333335,-14.447469788806053
jeffreys,14.0,1300.0,-14.79138887914143
jeffreys,14.0,1329.1666666666667,-15.135307969476813
jeffreys,14.0,1358.3333333333335,-15.479227059812182
jeffreys,14.0,1387.5,-15.823146150147558
jeffreys,14.0,1416.6666666666667,-16.167065240482934
jeffreys,14.0,1445.8333333333335,-16.51098433081831
jeffreys,14.0,1475.0,-16.85490342115368
jeffreys,14.0,1504.1666666666667,-17.198822511489055
jeffreys,14.0,1533.3333333333335,-17.542741601824424
jeffreys,14.0,1562.5,-17.886660692159808
jeffreys,14.0,1591.6666666666667,-18.230579782495177
jeffreys,14.0,1620.8333333333335,-18.57449887283056
jeffreys,14.0,1650.0,-18.918417963165936
jeffreys,14.0,1679.1666666666667,-18.999999999999993
jeffreys,14.0,1708.3333333333335,-18.999999999999993
jeffreys,14.0,1737.5,-19.0
jeffreys,14.0,1766.6666666666667,-18.999999999999993
jeffreys,14.0,1795.8333333333335,-19.0
jeffreys,14.0,1825.0,-18.999999999999993
jeffreys,14.0,1854.1666666666667,-18.999999999999993
jeffreys,14.0,1883.3333333333335,-18.999999999999993
jeffreys,14.0,1912.5,-18.999999999999993
jeffreys,14.0,1941.6666666666667,-18.999999999999993
jeffreys,14.0,1970.8333333333335,-18.999999999999993
jeffreys,14.0,2000.0,-18.999999999999993
jeffreys,16.0,250.0,-3.2346917289348056
jeffreys,16.0,279.1666666666667,-3.843926082796788
jeffreys,16.0,308.3333333333333,-4.399856502494046
jeffreys,16.0,337.5,-4.810154199090061
jeffreys,16.0,366.6666666666667,-5.220451895686082
jeffreys,16.0,395.83333333333337,-5.6307495922821005
jeffreys,16.0,425.0,-6.0410472888781115
jeffreys,16.0,454.1666666666667,-6.45134498547413
jeffreys,16.0,483.33333333333337,-6.861642682070148
jeffreys,16.0,512.5,-7.271940378666166
jeffreys,16.0,541.6666666666667,-7.682238075262184
jeffreys,16.0,570.8333333333334,-8.092535771858195
jeffreys,16.0,600.0,-8.502833468454213
jeffreys,16.0,629.1666666666667,-8.881249801427806
jeffreys,16.0,658.3333333333334,-9.225168891763182
jeffreys,16.0,687.5,-9.569087982098566
jeffreys,16.0,716.6666666666667,-9.913007072433928
jeffreys,16.0,745.8333333333334,-10.256926162769311
jeffreys,16.0,775.0,-10.600845253104694
jeffreys,16.0,804.1666666666667,-10.944764343440063
jeffreys,16.0,833.3333333333334,-11.28868343377544
jeffreys,16.0,862.5,-11.632602524110808
jeffreys,16.0,891.6666666666667,-11.976521614446185
jeffreys,16.0,920.8333333333334,-12.32044070478156
jeffreys,16.0,950.0,-12.66435979511693
jeffreys,16.0,979.1666666666667,-13.008278885452306
jeffreys,16.0,1008.3333333333334,-13.352197975787682
jeffreys,16.0,1037.5,-13.696117066123051
jeffreys,16.0,1066.6666666666667,-14.040036156458427
jeffreys,16.0,1095.8333333333335,-14.383955246793803
jeffreys,16.0,1125.0,-14.72787433712918
jeffreys,16.0,1154.1666666666667,-15.071793427464556
jeffreys,16.0,1183.3333333333335,-15.415712517799939
jeffreys,16.0,1212.5,-15.759631608135315
jeffreys,16.0,1241.6666666666667,-16.103550698470684
jeffreys,16.0,1270.8333333333335,-16.447469788806053
jeffreys,16.0,1300.0,-16.79138887914143
jeffreys,16.0,1329.1666666666667,-17.135307969476813
jeffreys,16.0,1358.3333333333335,-17.47922705981218
jeffreys,16.0,1387.5,-17.823146150147558
jeffreys,16.0,1416.6666666666667,-18.167065240482934
jeffreys,16.0,1445.8333333333335,-18.51098433081831
jeffreys,16.0,1475.0,-18.85490342115368
jeffreys,16.0,1504.1666666666667,-19.198822511489055
jeffreys,16.0,1533.3333333333335,-19.542741601824424
jeffreys,16.0,1562.5,-19.886660692159808
jeffreys,16.0,1591.6666666666667,-20.230579782495177
jeffreys,16.0,1620.8333333333335,-20.57449887283056
jeffreys,16.0,1650.0,-20.918417963165936
jeffreys,16.0,1679.1666666666667,-20.999999999999993
jeffreys,16.0,1708.3333333333335,-20.999999999999993
jeffreys,16.0,1737.5,-21.0
jeffreys,16.0,1766.6666666666667,-20.999999999999993
jeffreys,16.0,1795.8333333333335,-21.0
jeffreys,16.0,1825.0,-20.999999999999993
jeffreys,16.0,1854.1666666666667,-20.999999999999993
jeffreys,16.0,1883.3333333333335,-20.999999999999993
jeffreys,16.0,1912.5,-20.999999999999993
jeffreys,16.0,1941.6666666666667,-20.999999999999993
jeffreys,16.0,1970.8333333333335,-20.999999999999993
jeffreys,16.0,2000.0,-20.999999999999993
jeffreys,18.0,250.0,-5.234691728934806
jeffreys,18.0,279.1666666666667,-5.843926082796788
jeffreys,18.0,308.3333333333333,-6.399856502494046
jeffreys,18.0,337.5,-6.810154199090061
jeffreys,18.0,366.6666666666667,-7.220451895686082
jeffreys,18.0,395.83333333333337,-7.6307495922821005
jeffreys,18.0,425.0,-8.041047288878111
jeffreys,18.0,454.1666666666667,-8.45134498547413
jeffreys,18.0,483.33333333333337,-8.861642682070148
jeffreys,18.0,512.5,-9.271940378666166
jeffreys,18.0,541.6666666666667,-9.682238075262184
jeffreys,18.0,570.8333333333334,-10.092535771858195
jeffreys,18.0,600.0,-10.502833468454213
jeffreys,18.0,629.1666666666667,-10.881249801427806
jeffreys,18.0,658.3333333333334,-11.225168891763182
jeffreys,18.0,687.5,-11.569087982098566
jeffreys,18.0,716.6666666666667,-11.913007072433928
jeffreys,18.0,745.8333333333334,-12.256926162769311
jeffreys,18.0,775.0,-12.600845253104694
jeffreys,18.0,804.1666666666667,-12.944764343440063
jeffreys,18.0,833.3333333333334,-13.28868343377544
jeffreys,18.0,862.5,-13.632602524110808
jeffreys,18.0,891.6666666666667,-13.976521614446185
jeffreys,18.0,920.8333333333334,-14.32044070478156
jeffreys,18.0,950.0,-14.66435979511693
jeffreys,18.0,979.1666666666667,-15.008278885452306
jeffreys,18.0,1008.3333333333334,-15.352197975787682
jeffreys,18.0,1037.5,-15.696117066123051
jeffreys,18.0,1066.6666666666667,-16.040036156458427
jeffreys,18.0,1095.8333333333335,-16.383955246793803
jeffreys,18.0,1125.0,-16.72787433712918
jeffreys,18.0,1154.1666666666667,-17.071793427464556
jeffreys,18.0,1183.3333333333335,-17.41571251779994
jeffreys,18.0,1212.5,-17.759631608135315
jeffreys,18.0,1241.6666666666667,-18.103550698470684
jeffreys,18.0,1270.8333333333335,-18.447469788806053
jeffreys,18.0,1300.0,-18.79138887914143
jeffreys,18.0,1329.1666666666667,-19.135307969476813
jeffreys,18.0,1358.3333333333335,-19.47922705981218
jeffreys,18.0,1387.5,-19.823146150147558
jeffreys,18.0,1416.6666666666667,-20.167065240482934
jeffreys,18.0,1445.8333333333335,-20.51098433081831
jeffreys,18.0,1475.0,-20.85490342115368
jeffreys,18.0,1504.1666666666667,-21.198822511489055
jeffreys,18.0,1533.3333333333335,-21.542741601824424
jeffreys,18.0,1562.5,-21.886660692159808
jeffreys,18.0,1591.6666666666667,-22.230579782495177
jeffreys,18.0,1620.8333333333335,-22.57449887283056
jeffreys,18.0,1650.0,-22.918417963165936
jeffreys,18.0,1679.1666666666667,-22.999999999999993
jeffreys,18.0,1708.3333333333335,-22.999999999999993
jeffreys,18.0,1737.5,-23.0
jeffreys,18.0,1766.6666666666667,-22.999999999999993
jeffreys,18.0,1795.8333333333335,-23.0
jeffreys,18.0,1825.0,-22.999999999999993
jeffreys,18.0,1854.1666666666667,-22.999999999999993
jeffreys,18.0,1883.3333333333335,-22.999999999999993
jeffreys,18.0,1912.5,-22.999999999999993
jeffreys,18.0,1941.6666666666667,-22.999999999999993
jeffreys,18.0,1970.8333333333335,-22.999999999999993
jeffreys,18.0,2000.0,-23.0
jeffreys,20.0,250.0,-7.234691728934806
jeffreys,20.0,279.1666666666667,-7.843926082796788
jeffreys,20.0,308.3333333333333,-8.399856502494046
jeffreys,20.0,337.5,-8.81015419909006
jeffreys,20.0,366.6666666666667,-9.220451895686082
jeffreys,20.0,395.83333333333337,-9.6307495922821
jeffreys,20.0,425.0,-10.041047288878111
jeffreys,20.0,454.1666666666667,-10.45134498547413
jeffreys,20.0,483.33333333333337,-10.861642682070148
jeffreys,20.0,512.5,-11.271940378666166
jeffreys,20.0,541.6666666666667,-11.682238075262184
jeffreys,20.0,570.8333333333334,-12.092535771858195
jeffreys,20.0,600.0,-12.502833468454213
jeffreys,20.0,629.1666666666667,-12.881249801427806
jeffreys,20.0,658.3333333333334,-13.225168891763182
jeffreys,20.0,687.5,-13.569087982098566
jeffreys,20.0,716.6666666666667,-13.913007072433928
jeffreys,20.0,745.8333333333334,-14.256926162769311
jeffreys,20.0,775.0,-14.600845253104694
jeffreys,20.0,804.1666666666667,-14.944764343440063
jeffreys,20.0,833.3333333333334,-15.28868343377544
jeffreys,20.0,862.5,-15.632602524110808
jeffreys,20.0,891.6666666666667,-15.976521614446185
jeffreys,20.0,920.8333333333334,-16.32044070478156
jeffreys,20.0,950.0,-16.66435979511693
jeffreys,20.0,979.1666666666667,-17.008278885452306
jeffreys,20.0,1008.3333333333334,-17.352197975787682
jeffreys,20.0,1037.5,-17.69611706612305
jeffreys,20.0,1066.6666666666667,-18.040036156458427
jeffreys,20.0,1095.8333333333335,-18.383955246793803
jeffreys,20.0,1125.0,-18.72787433712918
jeffreys,20.0,1154.1666666666667,-19.071793427464556
jeffreys,20.0,1183.3333333333335,-19.41571251779994
jeffreys,20.0,1212.5,-19.759631608135315
jeffreys,20.0,1241.6666666666667,-20.103550698470684
jeffreys,20.0,1270.8333333333335,-20.447469788806053
jeffreys,20.0,1300.0,-20.79138887914143
jeffreys,20.0,1329.1666666666667,-21.135307969476813
jeffreys,20.0,1358.3333333333335,-21.47922705981218
jeffreys,20.0,1387.5,-21.823146150147558
jeffreys,20.0,1416.6666666666667,-22.167065240482934
jeffreys,20.0,1445.8333333333335,-22.51098433081831
jeffreys,20.0,1475.0,-22.85490342115368
jeffreys,20.0,1504.1666666666667,-23.198822511489055
jeffreys,20.0,1533.3333333333335,-23.542741601824424
jeffreys,20.0,1562.5,-23.886660692159808
jeffreys,20.0,1591.6666666666667,-24.230579782495177
jeffreys,20.0,1620.8333333333335,-24.57449887283056
jeffreys,20.0,1650.0,-24.918417963165936
jeffreys,20.0,1679.1666666666667,-24.999999999999986
jeffreys,20.0,1708.3333333333335,-24.999999999999986
jeffreys,20.0,1737.5,-24.999999999999993
jeffreys,20.0,1766.6666666666667,-25.0
jeffreys,20.0,1795.8333333333335,-25.0
jeffreys,20.0,1825.0,-24.999999999999993
jeffreys,20.0,1854.1666666666667,-24.999999999999993
jeffreys,20.0,1883.3333333333335,-24.999999999999986
jeffreys,20.0,1912.5,-24.999999999999986
jeffreys,20.0,1941.6666666666667,-24.999999999999993
jeffreys,20.0,1970.8333333333335,-24.999999999999993
jeffreys,20.0,2000.0,-25.0
jeffreys,22.0,250.0,-9.234691728934806
jeffreys,22.0,279.1666666666667,-9.843926082796788
jeffreys,22.0,308.3333333333333,-10.399856502494046
jeffreys,22.0,337.5,-10.81015419909006
jeffreys,22.0,366.6666666666667,-11.220451895686082
jeffreys,22.0,395.83333333333337,-11.6307495922821
jeffreys,22.0,425.0,-12.041047288878111
jeffreys,22.0,454.1666666666667,-12.45134498547413
jeffreys,22.0,483.33333333333337,-12.861642682070148
jeffreys,22.0,512.5,-13.271940378666166
jeffreys,22.0,541.6666666666667,-13.682238075262184
jeffreys,22.0,570.8333333333334,-14.092535771858195
jeffreys,22.0,600.0,-14.502833468454213
jeffreys,22.0,629.1666666666667,-14.881249801427806
jeffreys,22.0,658.3333333333334,-15.225168891763182
jeffreys,22.0,687.5,-15.569087982098566
jeffreys,22.0,716.6666666666667,-15.913007072433928
jeffreys,22.0,745.8333333333334,-16.25692616276931
jeffreys,22.0,775.0,-16.600845253104694
jeffreys,22.0,804.1666666666667,-16.944764343440063
jeffreys,22.0,833.3333333333334,-17.28868343377544
jeffreys,22.0,862.5,-17.63260252411081
jeffreys,22.0,891.6666666666667,-17.976521614446185
jeffreys,22.0,920.8333333333334,-18.32044070478156
jeffreys,22.0,950.0,-18.66435979511693
jeffreys,22.0,979.1666666666667,-19.008278885452306
jeffreys,22.0,1008.3333333333334,-19.352197975787682
jeffreys,22.0,1037.5,-19.69611706612305
jeffreys,22.0,1066.6666666666667,-20.040036156458427
jeffreys,22.0,1095.8333333333335,-20.383955246793803
jeffreys,22.0,1125.0,-20.72787433712918
jeffreys,22.0,1154.1666666666667,-21.071793427464556
jeffreys,22.0,1183.3333333333335,-21.41571251779994
jeffreys,22.0,1212.5,-21.759631608135315
jeffreys,22.0,1241.6666666666667,-22.103550698470684
jeffreys,22.0,1270.8333333333335,-22.447469788806053
jeffreys,22.0,1300.0,-22.79138887914143
jeffreys,22.0,1329.1666666666667,-23.135307969476813
jeffreys,22.0,1358.3333333333335,-23.47922705981218
jeffreys,22.0,1387.5,-23.823146150147558
jeffreys,22.0,1416.6666666666667,-24.167065240482934
jeffreys,22.0,1445.8333333333335,-24.51098433081831
jeffreys,22.0,1475.0,-24.85490342115368
jeffreys,22.0,1504.1666666666667,-25.198822511489055
jeffreys,22.0,1533.3333333333335,-25.542741601824424
jeffreys,22.0,1562.5,-25.886660692159808
jeffreys,22.0,1591.6666666666667,-26.23057978249517
jeffreys,22.0,1620.8333333333335,-26.574498872830567
jeffreys,22.0,1650.0,-26.918417963165936
jeffreys,22.0,1679.1666666666667,-26.999999999999986
jeffreys,22.0,1708.3333333333335,-26.999999999999986
jeffreys,22.0,1737.5,-26.999999999999993
jeffreys,22.0,1766.6666666666667,-27.0
jeffreys,22.0,1795.8333333333335,-27.0
jeffreys,22.0,1825.0,-26.999999999999993
jeffreys,22.0,1854.1666666666667,-26.999999999999993
jeffreys,22.0,1883.3333333333335,-26.999999999999986
jeffreys,22.0,1912.5,-26.999999999999986
jeffreys,22.0,1941.6666666666667,-26.999999999999993
jeffreys,22.0,1970.8333333333335,-26.999999999999993
jeffreys,22.0,2000.0,-27.0
jeffreys,24.0,250.0,-11.234691728934806
jeffreys,24.0,279.1666666666667,-11.843926082796788
jeffreys,24.0,308.3333333333333,-12.399856502494046
jeffreys,24.0,337.5,-12.81015419909006
jeffreys,24.0,366.6666666666667,-13.220451895686082
jeffreys,24.0,395.83333333333337,-13.6307495922821
jeffreys,24.0,425.0,-14.041047288878111
jeffreys,24.0,454.1666666666667,-14.45134498547413
jeffreys,24.0,483.33333333333337,-14.861642682070148
jeffreys,24.0,512.5,-15.271940378666166
jeffreys,24.0,541.6666666666667,-15.682238075262184
jeffreys,24.0,570.8333333333334,-16.092535771858195
jeffreys,24.0,600.0,-16.502833468454213
jeffreys,24.0,629.1666666666667,-16.881249801427806
jeffreys,24.0,658.3333333333334,-17.225168891763182
jeffreys,24.0,687.5,-17.569087982098566
jeffreys,24.0,716.6666666666667,-17.913007072433928
jeffreys,24.0,745.8333333333334,-18.25692616276931
jeffreys,24.0,775.0,-18.600845253104694
jeffreys,24.0,804.1666666666667,-18.944764343440063
jeffreys,24.0,833.3333333333334,-19.28868343377544
jeffreys,24.0,862.5,-19.63260252411081
jeffreys,24.0,891.6666666666667,-19.976521614446185
jeffreys,24.0,920.8333333333334,-20.32044070478156
jeffreys,24.0,950.0,-20.66435979511693
jeffreys,24.0,979.1666666666667,-21.008278885452306
jeffreys,24.0,1008.3333333333334,-21.352197975787682
jeffreys,24.0,1037.5,-21.69611706612305
jeffreys,24.0,1066.6666666666667,-22.040036156458427
jeffreys,24.0,1095.8333333333335,-22.383955246793803
jeffreys,24.0,1125.0,-22.72787433712918
jeffreys,24.0,1154.1666666666667,-23.071793427464556
jeffreys,24.0,1183.3333333333335,-23.41571251779994
jeffreys,24.0,1212.5,-23.759631608135315
jeffreys,24.0,1241.6666666666667,-24.103550698470684
jeffreys,24.0,1270.8333333333335,-24.447469788806053
jeffreys,24.0,1300.0,-24.79138887914143
jeffreys,24.0,1329.1666666666667,-25.135307969476813
jeffreys,24.0,1358.3333333333335,-25.47922705981218
jeffreys,24.0,1387.5,-25.823146150147558
jeffreys,24.0,1416.6666666666667,-26.167065240482934
jeffreys,24.0,1445.8333333333335,-26.510984330818317
jeffreys,24.0,1475.0,-26.85490342115368
jeffreys,24.0,1504.1666666666667,-27.19882251148905
jeffreys,24.0,1533.3333333333335,-27.542741601824424
jeffreys,24.0,1562.5,-27.886660692159808
jeffreys,24.0,1591.6666666666667,-28.23057978249517
jeffreys,24.0,1620.8333333333335,-28.574498872830567
jeffreys,24.0,1650.0,-28.918417963165936
jeffreys,24.0,1679.1666666666667,-28.999999999999986
jeffreys,24.0,1708.3333333333335,-28.999999999999986
jeffreys,24.0,1737.5,-28.999999999999993
jeffreys,24.0,1766.6666666666667,-29.0
jeffreys,24.0,1795.8333333333335,-29.0
jeffreys,24.0,1825.0,-28.999999999999993
jeffreys,24.0,1854.1666666666667,-28.999999999999993
jeffreys,24.0,1883.3333333333335,-28.999999999999986
jeffreys,24.0,1912.5,-28.999999999999986
jeffreys,24.0,1941.6666666666667,-28.999999999999993
jeffreys,24.0,1970.8333333333335,-28.999999999999993
jeffreys,24.0,2000.0,-29.0
jeffreys,26.0,250.0,-13.234691728934806
jeffreys,26.0,279.1666666666667,-13.843926082796788
jeffreys,26.0,308.3333333333333,-14.399856502494046
jeffreys,26.0,337.5,-14.81015419909006
jeffreys,26.0,366.6666666666667,-15.220451895686082
jeffreys,26.0,395.83333333333337,-15.6307495922821
jeffreys,26.0,425.0,-16.04104728887811
jeffreys,26.0,454.1666666666667,-16.45134498547413
jeffreys,26.0,483.33333333333337,-16.861642682070148
jeffreys,26.0,512.5,-17.271940378666166
jeffreys,26.0,541.6666666666667,-17.682238075262184
jeffreys,26.0,570.8333333333334,-18.092535771858195
jeffreys,26.0,600.0,-18.502833468454213
jeffreys,26.0,629.1666666666667,-18.881249801427806
jeffreys,26.0,658.3333333333334,-19.225168891763182
jeffreys,26.0,687.5,-19.569087982098566
jeffreys,26.0,716.6666666666667,-19.913007072433928
jeffreys,26.0,745.8333333333334,-20.25692616276931
jeffreys,26.0,775.0,-20.600845253104694
jeffreys,26.0,804.1666666666667,-20.944764343440063
jeffreys,26.0,833.3333333333334,-21.28868343377544
jeffreys,26.0,862.5,-21.63260252411081
jeffreys,26.0,891.6666666666667,-21.976521614446185
jeffreys,26.0,920.8333333333334,-22.32044070478156
jeffreys,26.0,950.0,-22.66435979511693
jeffreys,26.0,979.1666666666667,-23.008278885452306
jeffreys,26.0,1008.3333333333334,-23.352197975787682
jeffreys,26.0,1037.5,-23.69611706612305
jeffreys,26.0,1066.6666666666667,-24.040036156458427
jeffreys,26.0,1095.8333333333335,-24.383955246793803
jeffreys,26.0,1125.0,-24.72787433712918
jeffreys,26.0,1154.1666666666667,-25.071793427464556
jeffreys,26.0,1183.3333333333335,-25.41571251779994
jeffreys,26.0,1212.5,-25.759631608135315
jeffreys,26.0,1241.6666666666667,-26.103550698470684
jeffreys,26.0,1270.8333333333335,-26.447469788806053
jeffreys,26.0,1300.0,-26.79138887914143
jeffreys,26.0,1329.1666666666667,-27.135307969476813
jeffreys,26.0,1358.3333333333335,-27.47922705981219
jeffreys,26.0,1387.5,-27.823146150147558
jeffreys,26.0,1416.6666666666667,-28.167065240482934
jeffreys,26.0,1445.8333333333335,-28.510984330818317
jeffreys,26.0,1475.0,-28.85490342115368
jeffreys,26.0,1504.1666666666667,-29.19882251148905
jeffreys,26.0,1533.3333333333335,-29.542741601824424
jeffreys,26.0,1562.5,-29.886660692159808
jeffreys,26.0,1591.6666666666667,-30.23057978249517
jeffreys,26.0,1620.8333333333335,-30.574498872830567
jeffreys,26.0,1650.0,-30.918417963165936
jeffreys,26.0,1679.1666666666667,-30.999999999999986
jeffreys,26.0,1708.3333333333335,-30.999999999999986
jeffreys,26.0,1737.5,-30.999999999999993
jeffreys,26.0,1766.6666666666667,-31.0
jeffreys,26.0,1795.8333333333335,-31.0
jeffreys,26.0,1825.0,-30.999999999999993
jeffreys,26.0,1854.1666666666667,-30.999999999999993
jeffreys,26.0,1883.3333333333335,-30.999999999999986
jeffreys,26.0,1912.5,-30.999999999999986
jeffreys,26.0,1941.6666666666667,-30.999999999999993
jeffreys,26.0,1970.8333333333335,-30.999999999999993
jeffreys,26.0,2000.0,-31.0
jeffreys,28.0,250.0,-15.234691728934806
jeffreys,28.0,279.1666666666667,-15.843926082796788
jeffreys,28.0,308.3333333333333,-16.399856502494046
jeffreys,28.0,337.5,-16.81015419909006
jeffreys,28.0,366.6666666666667,-17.220451895686082
jeffreys,28.0,395.83333333333337,-17.6307495922821
jeffreys,28.0,425.0,-18.04104728887811
jeffreys,28.0,454.1666666666667,-18.45134498547413
jeffreys,28.0,483.33333333333337,-18.861642682070148
jeffreys,28.0,512.5,-19.271940378666166
jeffreys,28.0,541.6666666666667,-19.682238075262184
jeffreys,28.0,570.8333333333334,-20.092535771858195
jeffreys,28.0,600.0,-20.502833468454213
jeffreys,28.0,629.1666666666667,-20.881249801427806
jeffreys,28.0,658.3333333333334,-21.225168891763182
jeffreys,28.0,687.5,-21.569087982098566
jeffreys,28.0,716.6666666666667,-21.913007072433928
jeffreys,28.0,745.8333333333334,-22.25692616276931
jeffreys,28.0,775.0,-22.600845253104694
jeffreys,28.0,804.1666666666667,-22.944764343440063
jeffreys,28.0,833.3333333333334,-23.28868343377544
jeffreys,28.0,862.5,-23.63260252411081
jeffreys,28.0,891.6666666666667,-23.976521614446185
jeffreys,28.0,920.8333333333334,-24.32044070478156
jeffreys,28.0,950.0,-24.66435979511693
jeffreys,28.0,979.1666666666667,-25.008278885452306
jeffreys,28.0,1008.3333333333334,-25.352197975787682
jeffreys,28.0,1037.5,-25.69611706612305
jeffreys,28.0,1066.6666666666667,-26.040036156458427
jeffreys,28.0,1095.8333333333335,-26.383955246793803
jeffreys,28.0,1125.0,-26.72787433712918
jeffreys,28.0,1154.1666666666667,-27.071793427464556
jeffreys,28.0,1183.3333333333335,-27.41571251779994
jeffreys,28.0,1212.5,-27.759631608135308
jeffreys,28.0,1241.6666666666667,-28.103550698470684
jeffreys,28.0,1270.8333333333335,-28.44746978880606
jeffreys,28.0,1300.0,-28.79138887914143
jeffreys,28.0,1329.1666666666667,-29.135307969476813
jeffreys,28.0,1358.3333333333335,-29.47922705981219
jeffreys,28.0,1387.5,-29.823146150147558
jeffreys,28.0,1416.6666666666667,-30.167065240482934
jeffreys,28.0,1445.8333333333335,-30.510984330818317
jeffreys,28.0,1475.0,-30.85490342115368
jeffreys,28.0,1504.1666666666667,-31.19882251148905
jeffreys,28.0,1533.3333333333335,-31.542741601824424
jeffreys,28.0,1562.5,-31.886660692159808
jeffreys,28.0,1591.6666666666667,-32.23057978249517
jeffreys,28.0,1620.8333333333335,-32.57449887283057
jeffreys,28.0,1650.0,-32.918417963165936
jeffreys,28.0,1679.1666666666667,-32.999999999999986
jeffreys,28.0,1708.3333333333335,-32.999999999999986
jeffreys,28.0,1737.5,-32.99999999999999
jeffreys,28.0,1766.6666666666667,-33.0
jeffreys,28.0,1795.8333333333335,-33.0
jeffreys,28.0,1825.0,-32.99999999999999
jeffreys,28.0,1854.1666666666667,-32.99999999999999
jeffreys,28.0,1883.3333333333335,-32.999999999999986
jeffreys,28.0,1912.5,-32.999999999999986
jeffreys,28.0,1941.6666666666667,-32.99999999999999
jeffreys,28.0,1970.8333333333335,-32.99999999999999
jeffreys,28.0,2000.0,-33.0
jeffreys,30.0,250.0,-17.234691728934806
jeffreys,30.0,279.1666666666667,-17.843926082796788
jeffreys,30.0,308.3333333333333,-18.399856502494046
jeffreys,30.0,337.5,-18.81015419909006
jeffreys,30.0,366.6666666666667,-19.220451895686082
jeffreys,30.0,395.83333333333337,-19.6307495922821
jeffreys,30.0,425.0,-20.04104728887811
jeffreys,30.0,454.1666666666667,-20.45134498547413
jeffreys,30.0,483.33333333333337,-20.861642682070148
jeffreys,30.0,512.5,-21.271940378666166
jeffreys,30.0,541.6666666666667,-21.682238075262184
jeffreys,30.0,570.8333333333334,-22.092535771858195
jeffreys,30.0,600.0,-22.502833468454213
jeffreys,30.0,629.1666666666667,-22.881249801427806
jeffreys,30.0,658.3333333333334,-23.225168891763182
jeffreys,30.0,687.5,-23.569087982098566
jeffreys,30.0,716.6666666666667,-23.913007072433928
jeffreys,30.0,745.8333333333334,-24.25692616276931
jeffreys,30.0,775.0,-24.600845253104694
jeffreys,30.0,804.1666666666667,-24.944764343440063
jeffreys,30.0,833.3333333333334,-25.28868343377544
jeffreys,30.0,862.5,-25.63260252411081
jeffreys,30.0,891.6666666666667,-25.976521614446185
jeffreys,30.0,920.8333333333334,-26.32044070478156
jeffreys,30.0,950.0,-26.66435979511693
jeffreys,30.0,979.1666666666667,-27.008278885452306
jeffreys,30.0,1008.3333333333334,-27.352197975787682
jeffreys,30.0,1037.5,-27.69611706612305
jeffreys,30.0,1066.6666666666667,-28.04003615645842
jeffreys,30.0,1095.8333333333335,-28.38395524679381
jeffreys,30.0,1125.0,-28.72787433712918
jeffreys,30.0,1154.1666666666667,-29.071793427464556
jeffreys,30.0,1183.3333333333335,-29.41571251779994
jeffreys,30.0,1212.5,-29.759631608135308
jeffreys,30.0,1241.6666666666667,-30.103550698470684
jeffreys,30.0,1270.8333333333335,-30.44746978880606
jeffreys,30.0,1300.0,-30.79138887914143
jeffreys,30.0,1329.1666666666667,-31.135307969476813
jeffreys,30.0,1358.3333333333335,-31.47922705981219
jeffreys,30.0,1387.5,-31.823146150147558
jeffreys,30.0,1416.6666666666667,-32.167065240482934
jeffreys,30.0,1445.8333333333335,-32.51098433081832
jeffreys,30.0,1475.0,-32.85490342115368
jeffreys,30.0,1504.1666666666667,-33.19882251148905
jeffreys,30.0,1533.3333333333335,-33.542741601824424
jeffreys,30.0,1562.5,-33.88666069215981
jeffreys,30.0,1591.6666666666667,-34.23057978249517
jeffreys,30.0,1620.8333333333335,-34.57449887283057
jeffreys,30.0,1650.0,-34.918417963165936
jeffreys,30.0,1679.1666666666667,-34.999999999999986
jeffreys,30.0,1708.3333333333335,-34.999999999999986
jeffreys,30.0,1737.5,-34.99999999999999
jeffreys,30.0,1766.6666666666667,-35.0
jeffreys,30.0,1795.8333333333335,-35.0
jeffreys,30.0,1825.0,-34.99999999999999
jeffreys,30.0,1854.1666666666667,-34.99999999999999
jeffreys,30.0,1883.3333333333335,-34.999999999999986
jeffreys,30.0,1912.5,-34.999999999999986
jeffreys,30.0,1941.6666666666667,-34.99999999999999
jeffreys,30.0,1970.8333333333335,-34.99999999999999
jeffreys,30.0,2000.0,-35.0
jeffreys,32.0,250.0,-19.234691728934806
jeffreys,32.0,279.1666666666667,-19.843926082796788
jeffreys,32.0,308.3333333333333,-20.399856502494046
jeffreys,32.0,337.5,-20.81015419909006
jeffreys,32.0,366.6666666666667,-21.220451895686082
jeffreys,32.0,395.83333333333337,-21.6307495922821
jeffreys,32.0,425.0,-22.04104728887811
jeffreys,32.0,454.1666666666667,-22.45134498547413
jeffreys,32.0,483.33333333333337,-22.861642682070148
jeffreys,32.0,512.5,-23.271940378666166
jeffreys,32.0,541.6666666666667,-23.682238075262184
jeffreys,32.0,570.8333333333334,-24.092535771858195
jeffreys,32.0,600.0,-24.502833468454213
jeffreys,32.0,629.1666666666667,-24.881249801427806
jeffreys,32.0,658.3333333333334,-25.225168891763182
jeffreys,32.0,687.5,-25.569087982098566
jeffreys,32.0,716.6666666666667,-25.913007072433928
jeffreys,32.0,745.8333333333334,-26.25692616276931
jeffreys,32.0,775.0,-26.600845253104694
jeffreys,32.0,804.1666666666667,-26.944764343440063
jeffreys,32.0,833.3333333333334,-27.28868343377544
jeffreys,32.0,862.5,-27.63260252411081
jeffreys,32.0,891.6666666666667,-27.976521614446185
jeffreys,32.0,920.8333333333334,-28.32044070478156
jeffreys,32.0,950.0,-28.66435979511693
jeffreys,32.0,979.1666666666667,-29.008278885452306
jeffreys,32.0,1008.3333333333334,-29.35219797578769
jeffreys,32.0,1037.5,-29.69611706612305
jeffreys,32.0,1066.6666666666667,-30.04003615645842
jeffreys,32.0,1095.8333333333335,-30.38395524679381
jeffreys,32.0,1125.0,-30.72787433712918
jeffreys,32.0,1154.1666666666667,-31.071793427464556
jeffreys,32.0,1183.3333333333335,-31.41571251779994
jeffreys,32.0,1212.5,-31.759631608135308
jeffreys,32.0,1241.6666666666667,-32.103550698470684
jeffreys,32.0,1270.8333333333335,-32.44746978880606
jeffreys,32.0,1300.0,-32.79138887914143
jeffreys,32.0,1329.1666666666667,-33.13530796947681
jeffreys,32.0,1358.3333333333335,-33.47922705981219
jeffreys,32.0,1387.5,-33.82314615014756
jeffreys,32.0,1416.6666666666667,-34.167065240482934
jeffreys,32.0,1445.8333333333335,-34.51098433081832
jeffreys,32.0,1475.0,-34.85490342115368
jeffreys,32.0,1504.1666666666667,-35.19882251148905
jeffreys,32.0,1533.3333333333335,-35.542741601824424
jeffreys,32.0,1562.5,-35.88666069215981
jeffreys,32.0,1591.6666666666667,-36.23057978249517
jeffreys,32.0,1620.8333333333335,-36.57449887283057
jeffreys,32.0,1650.0,-36.918417963165936
jeffreys,32.0,1679.1666666666667,-36.999999999999986
jeffreys,32.0,1708.3333333333335,-36.999999999999986
jeffreys,32.0,1737.5,-36.99999999999999
jeffreys,32.0,1766.6666666666667,-37.0
jeffreys,32.0,1795.8333333333335,-37.0
jeffreys,32.0,1825.0,-36.99999999999999
jeffreys,32.0,1854.1666666666667,-36.99999999999999
jeffreys,32.0,1883.3333333333335,-36.999999999999986
jeffreys,32.0,1912.5,-36.999999999999986
jeffreys,32.0,1941.6666666666667,-36.99999999999999
jeffreys,32.0,1970.8333333333335,-36.99999999999999
jeffreys,32.0,2000.0,-37.0
jeffreys,34.0,250.0,-21.234691728934806
jeffreys,34.0,279.1666666666667,-21.843926082796788
jeffreys,34.0,308.3333333333333,-22.399856502494046
jeffreys,34.0,337.5,-22.81015419909006
jeffreys,34.0,366.6666666666667,-23.220451895686082
jeffreys,34.0,395.83333333333337,-23.6307495922821
jeffreys,34.0,425.0,-24.04104728887811
jeffreys,34.0,454.1666666666667,-24.45134498547413
jeffreys,34.0,483.33333333333337,-24.861642682070148
jeffreys,34.0,512.5,-25.271940378666166
jeffreys,34.0,541.6666666666667,-25.682238075262184
jeffreys,34.0,570.8333333333334,-26.092535771858195
jeffreys,34.0,600.0,-26.502833468454213
jeffreys,34.0,629.1666666666667,-26.881249801427806
jeffreys,34.0,658.3333333333334,-27.225168891763182
jeffreys,34.0,687.5,-27.569087982098566
jeffreys,34.0,716.6666666666667,-27.913007072433928
jeffreys,34.0,745.8333333333334,-28.25692616276931
jeffreys,34.0,775.0,-28.600845253104694
jeffreys,34.0,804.1666666666667,-28.944764343440063
jeffreys,34.0,833.3333333333334,-29.28868343377544
jeffreys,34.0,862.5,-29.6326025241108
jeffreys,34.0,891.6666666666667,-29.976521614446185
jeffreys,34.0,920.8333333333334,-30.32044070478156
jeffreys,34.0,950.0,-30.66435979511693
jeffreys,34.0,979.1666666666667,-31.008278885452306
jeffreys,34.0,1008.3333333333334,-31.35219797578769
jeffreys,34.0,1037.5,-31.69611706612305
jeffreys,34.0,1066.6666666666667,-32.04003615645842
jeffreys,34.0,1095.8333333333335,-32.38395524679381
jeffreys,34.0,1125.0,-32.72787433712918
jeffreys,34.0,1154.1666666666667,-33.071793427464556
jeffreys,34.0,1183.3333333333335,-33.41571251779994
jeffreys,34.0,1212.5,-33.75963160813531
jeffreys,34.0,1241.6666666666667,-34.103550698470684
jeffreys,34.0,1270.8333333333335,-34.44746978880606
jeffreys,34.0,1300.0,-34.79138887914143
jeffreys,34.0,1329.1666666666667,-35.13530796947681
jeffreys,34.0,1358.3333333333335,-35.47922705981219
jeffreys,34.0,1387.5,-35.82314615014756
jeffreys,34.0,1416.6666666666667,-36.167065240482934
jeffreys,34.0,1445.8333333333335,-36.51098433081832
jeffreys,34.0,1475.0,-36.85490342115368
jeffreys,34.0,1504.1666666666667,-37.19882251148905
jeffreys,34.0,1533.3333333333335,-37.542741601824424
jeffreys,34.0,1562.5,-37.88666069215981
jeffreys,34.0,1591.6666666666667,-38.23057978249517
jeffreys,34.0,1620.8333333333335,-38.57449887283057
jeffreys,34.0,1650.0,-38.918417963165936
jeffreys,34.0,1679.1666666666667,-38.999999999999986
jeffreys,34.0,1708.3333333333335,-38.999999999999986
jeffreys,34.0,1737.5,-38.99999999999999
jeffreys,34.0,1766.6666666666667,-39.0
jeffreys,34.0,1795.8333333333335,-39.0
jeffreys,34.0,1825.0,-38.99999999999999
jeffreys,34.0,1854.1666666666667,-38.99999999999999
jeffreys,34.0,1883.3333333333335,-38.999999999999986
jeffreys,34.0,1912.5,-38.999999999999986
jeffreys,34.0,1941.6666666666667,-38.99999999999999
jeffreys,34.0,1970.8333333333335,-38.99999999999999
jeffreys,34.0,2000.0,-39.0
jeffreys,36.0,250.0,-23.234691728934806
jeffreys,36.0,279.1666666666667,-23.843926082796788
jeffreys,36.0,308.3333333333333,-24.399856502494046
jeffreys,36.0,337.5,-24.81015419909006
jeffreys,36.0,366.6666666666667,-25.220451895686082
jeffreys,36.0,395.83333333333337,-25.6307495922821
jeffreys,36.0,425.0,-26.04104728887811
jeffreys,36.0,454.1666666666667,-26.45134498547413
jeffreys,36.0,483.33333333333337,-26.861642682070148
jeffreys,36.0,512.5,-27.271940378666166
jeffreys,36.0,541.6666666666667,-27.682238075262184
jeffreys,36.0,570.8333333333334,-28.092535771858195
jeffreys,36.0,600.0,-28.502833468454213
jeffreys,36.0,629.1666666666667,-28.881249801427806
jeffreys,36.0,658.3333333333334,-29.225168891763182
jeffreys,36.0,687.5,-29.569087982098566
jeffreys,36.0,716.6666666666667,-29.913007072433928
jeffreys,36.0,745.8333333333334,-30.25692616276931
jeffreys,36.0,775.0,-30.600845253104694
jeffreys,36.0,804.1666666666667,-30.94476434344007
jeffreys,36.0,833.3333333333334,-31.28868343377544
jeffreys,36.0,862.5,-31.6326025241108
jeffreys,36.0,891.6666666666667,-31.976521614446185
jeffreys,36.0,920.8333333333334,-32.32044070478156
jeffreys,36.0,950.0,-32.66435979511693
jeffreys,36.0,979.1666666666667,-33.008278885452306
jeffreys,36.0,1008.3333333333334,-33.35219797578769
jeffreys,36.0,1037.5,-33.69611706612305
jeffreys,36.0,1066.6666666666667,-34.04003615645842
jeffreys,36.0,1095.8333333333335,-34.38395524679381
jeffreys,36.0,1125.0,-34.72787433712918
jeffreys,36.0,1154.1666666666667,-35.071793427464556
jeffreys,36.0,1183.3333333333335,-35.41571251779994
jeffreys,36.0,1212.5,-35.75963160813531
jeffreys,36.0,1241.6666666666667,-36.103550698470684
jeffreys,36.0,1270.8333333333335,-36.44746978880606
jeffreys,36.0,1300.0,-36.79138887914143
jeffreys,36.0,1329.1666666666667,-37.13530796947681
jeffreys,36.0,1358.3333333333335,-37.47922705981219
jeffreys,36.0,1387.5,-37.82314615014756
jeffreys,36.0,1416.6666666666667,-38.167065240482934
jeffreys,36.0,1445.8333333333335,-38.51098433081832
jeffreys,36.0,1475.0,-38.85490342115368
jeffreys,36.0,1504.1666666666667,-39.19882251148905
jeffreys,36.0,1533.3333333333335,-39.542741601824424
jeffreys,36.0,1562.5,-39.88666069215981
jeffreys,36.0,1591.6666666666667,-40.23057978249517
jeffreys,36.0,1620.8333333333335,-40.57449887283057
jeffreys,36.0,1650.0,-40.918417963165936
jeffreys,36.0,1679.1666666666667,-40.999999999999986
jeffreys,36.0,1708.3333333333335,-40.999999999999986
jeffreys,36.0,1737.5,-40.99999999999999
jeffreys,36.0,1766.6666666666667,-41.0
jeffreys,36.0,1795.8333333333335,-41.0
jeffreys,36.0,1825.0,-40.99999999999999
jeffreys,36.0,1854.1666666666667,-40.99999999999999
jeffreys,36.0,1883.3333333333335,-40.999999999999986
jeffreys,36.0,1912.5,-40.999999999999986
jeffreys,36.0,1941.6666666666667,-40.99999999999999
jeffreys,36.0,1970.8333333333335,-40.99999999999999
jeffreys,36.0,2000.0,-41.0
jeffreys,38.0,250.0,-25.234691728934806
jeffreys,38.0,279.1666666666667,-25.843926082796788
jeffreys,38.0,308.3333333333333,-26.399856502494046
jeffreys,38.0,337.5,-26.81015419909006
jeffreys,38.0,366.6666666666667,-27.220451895686082
jeffreys,38.0,395.83333333333337,-27.6307495922821
jeffreys,38.0,425.0,-28.04104728887811
jeffreys,38.0,454.1666666666667,-28.45134498547413
jeffreys,38.0,483.33333333333337,-28.861642682070148
jeffreys,38.0,512.5,-29.271940378666166
jeffreys,38.0,541.6666666666667,-29.682238075262184
jeffreys,38.0,570.8333333333334,-30.092535771858195
jeffreys,38.0,600.0,-30.502833468454213
jeffreys,38.0,629.1666666666667,-30.881249801427806
jeffreys,38.0,658.3333333333334,-31.225168891763182
jeffreys,38.0,687.5,-31.569087982098566
jeffreys,38.0,716.6666666666667,-31.913007072433928
jeffreys,38.0,745.8333333333334,-32.25692616276931
jeffreys,38.0,775.0,-32.600845253104694
jeffreys,38.0,804.1666666666667,-32.94476434344007
jeffreys,38.0,833.3333333333334,-33.28868343377544
jeffreys,38.0,862.5,-33.6326025241108
jeffreys,38.0,891.6666666666667,-33.976521614446185
jeffreys,38.0,920.8333333333334,-34.32044070478156
jeffreys,38.0,950.0,-34.66435979511693
jeffreys,38.0,979.1666666666667,-35.008278885452306
jeffreys,38.0,1008.3333333333334,-35.35219797578769
jeffreys,38.0,1037.5,-35.69611706612305
jeffreys,38.0,1066.6666666666667,-36.04003615645842
jeffreys,38.0,1095.8333333333335,-36.38395524679381
jeffreys,38.0,1125.0,-36.72787433712918
jeffreys,38.0,1154.1666666666667,-37.071793427464556
jeffreys,38.0,1183.3333333333335,-37.41571251779994
jeffreys,38.0,1212.5,-37.75963160813531
jeffreys,38.0,1241.6666666666667,-38.103550698470684
jeffreys,38.0,1270.8333333333335,-38.44746978880606
jeffreys,38.0,1300.0,-38.79138887914143
jeffreys,38.0,1329.1666666666667,-39.13530796947681
jeffreys,38.0,1358.3333333333335,-39.47922705981219
jeffreys,38.0,1387.5,-39.82314615014756
jeffreys,38.0,1416.6666666666667,-40.167065240482934
jeffreys,38.0,1445.8333333333335,-40.51098433081832
jeffreys,38.0,1475.0,-40.85490342115368
jeffreys,38.0,1504.1666666666667,-41.19882251148905
jeffreys,38.0,1533.3333333333335,-41.542741601824424
jeffreys,38.0,1562.5,-41.88666069215981
jeffreys,38.0,1591.6666666666667,-42.23057978249517
jeffreys,38.0,1620.8333333333335,-42.57449887283057
jeffreys,38.0,1650.0,-42.918417963165936
jeffreys,38.0,1679.1666666666667,-42.999999999999986
jeffreys,38.0,1708.3333333333335,-42.999999999999986
jeffreys,38.0,1737.5,-42.99999999999999
jeffreys,38.0,1766.6666666666667,-43.0
jeffreys,38.0,1795.8333333333335,-43.0
jeffreys,38.0,1825.0,-42.99999999999999
jeffreys,38.0,1854.1666666666667,-42.99999999999999
jeffreys,38.0,1883.3333333333335,-42.999999999999986
jeffreys,38.0,1912.5,-42.999999999999986
jeffreys,38.0,1941.6666666666667,-42.99999999999999
jeffreys,38.0,1970.8333333333335,-42.99999999999999
jeffreys,38.0,2000.0,-43.0
jeffreys,40.0,250.0,-27.234691728934806
jeffreys,40.0,279.1666666666667,-27.843926082796788
jeffreys,40.0,308.3333333333333,-28.399856502494046
jeffreys,40.0,337.5,-28.81015419909006
jeffreys,40.0,366.6666666666667,-29.220451895686082
jeffreys,40.0,395.83333333333337,-29.6307495922821
jeffreys,40.0,425.0,-30.04104728887811
jeffreys,40.0,454.1666666666667,-30.45134498547413
jeffreys,40.0,483.33333333333337,-30.861642682070148
jeffreys,40.0,512.5,-31.271940378666166
jeffreys,40.0,541.6666666666667,-31.682238075262184
jeffreys,40.0,570.8333333333334,-32.092535771858195
jeffreys,40.0,600.0,-32.50283346845421
jeffreys,40.0,629.1666666666667,-32.881249801427806
jeffreys,40.0,658.3333333333334,-33.22516889176318
jeffreys,40.0,687.5,-33.569087982098566
jeffreys,40.0,716.6666666666667,-33.91300707243393
jeffreys,40.0,745.8333333333334,-34.25692616276931
jeffreys,40.0,775.0,-34.600845253104694
jeffreys,40.0,804.1666666666667,-34.94476434344007
jeffreys,40.0,833.3333333333334,-35.28868343377544
jeffreys,40.0,862.5,-35.6326025241108
jeffreys,40.0,891.6666666666667,-35.976521614446185
jeffreys,40.0,920.8333333333334,-36.32044070478156
jeffreys,40.0,950.0,-36.66435979511693
jeffreys,40.0,979.1666666666667,-37.008278885452306
jeffreys,40.0,1008.3333333333334,-37.35219797578769
jeffreys,40.0,1037.5,-37.69611706612305
jeffreys,40.0,1066.6666666666667,-38.04003615645842
jeffreys,40.0,1095.8333333333335,-38.38395524679381
jeffreys,40.0,1125.0,-38.72787433712918
jeffreys,40.0,1154.1666666666667,-39.071793427464556
jeffreys,40.0,1183.3333333333335,-39.41571251779994
jeffreys,40.0,1212.5,-39.75963160813531
jeffreys,40.0,1241.6666666666667,-40.103550698470684
jeffreys,40.0,1270.8333333333335,-40.44746978880606
jeffreys,40.0,1300.0,-40.79138887914143
jeffreys,40.0,1329.1666666666667,-41.13530796947681
jeffreys,40.0,1358.3333333333335,-41.47922705981219
jeffreys,40.0,1387.5,-41.82314615014756
jeffreys,40.0,1416.6666666666667,-42.167065240482934
jeffreys,40.0,1445.8333333333335,-42.51098433081832
jeffreys,40.0,1475.0,-42.85490342115368
jeffreys,40.0,1504.1666666666667,-43.19882251148905
jeffreys,40.0,1533.3333333333335,-43.542741601824424
jeffreys,40.0,1562.5,-43.88666069215981
jeffreys,40.0,1591.6666666666667,-44.23057978249517
jeffreys,40.0,1620.8333333333335,-44.57449887283057
jeffreys,40.0,1650.0,-44.918417963165936
jeffreys,40.0,1679.1666666666667,-44.999999999999986
jeffreys,40.0,1708.3333333333335,-44.999999999999986
jeffreys,40.0,1737.5,-44.99999999999999
jeffreys,40.0,1766.6666666666667,-45.0
jeffreys,40.0,1795.8333333333335,-45.0
jeffreys,40.0,1825.0,-44.99999999999999
jeffreys,40.0,1854.1666666666667,-44.99999999999999
jeffreys,40.0,1883.3333333333335,-44.999999999999986
jeffreys,40.0,1912.5,-44.999999999999986
jeffreys,40.0,1941.6666666666667,-44.99999999999999
jeffreys,40.0,1970.8333333333335,-44.99999999999999
jeffreys,40.0,2000.0,-45.0
jeffreys,42.0,250.0,-29.234691728934806
jeffreys,42.0,279.1666666666667,-29.843926082796788
jeffreys,42.0,308.3333333333333,-30.399856502494046
jeffreys,42.0,337.5,-30.81015419909006
jeffreys,42.0,366.6666666666667,-31.220451895686082
jeffreys,42.0,395.83333333333337,-31.6307495922821
jeffreys,42.0,425.0,-32.04104728887811
jeffreys,42.0,454.1666666666667,-32.45134498547412
jeffreys,42.0,483.33333333333337,-32.86164268207014
jeffreys,42.0,512.5,-33.271940378666166
jeffreys,42.0,541.6666666666667,-33.682238075262184
jeffreys,42.0,570.8333333333334,-34.092535771858195
jeffreys,42.0,600.0,-34.50283346845421
jeffreys,42.0,629.1666666666667,-34.881249801427806
jeffreys,42.0,658.3333333333334,-35.22516889176318
jeffreys,42.0,687.5,-35.569087982098566
jeffreys,42.0,716.6666666666667,-35.91300707243393
jeffreys,42.0,745.8333333333334,-36.25692616276931
jeffreys,42.0,775.0,-36.600845253104694
jeffreys,42.0,804.1666666666667,-36.94476434344007
jeffreys,42.0,833.3333333333334,-37.28868343377544
jeffreys,42.0,862.5,-37.6326025241108
jeffreys,42.0,891.6666666666667,-37.976521614446185
jeffreys,42.0,920.8333333333334,-38.32044070478156
jeffreys,42.0,950.0,-38.66435979511693
jeffreys,42.0,979.1666666666667,-39.008278885452306
jeffreys,42.0,1008.3333333333334,-39.35219797578769
jeffreys,42.0,1037.5,-39.69611706612305
jeffreys,42.0,1066.6666666666667,-40.04003615645842
jeffreys,42.0,1095.8333333333335,-40.38395524679381
jeffreys,42.0,1125.0,-40.72787433712918
jeffreys,42.0,1154.1666666666667,-41.071793427464556
jeffreys,42.0,1183.3333333333335,-41.41571251779994
jeffreys,42.0,1212.5,-41.75963160813531
jeffreys,42.0,1241.6666666666667,-42.103550698470684
jeffreys,42.0,1270.8333333333335,-42.44746978880606
jeffreys,42.0,1300.0,-42.79138887914143
jeffreys,42.0,1329.1666666666667,-43.13530796947681
jeffreys,42.0,1358.3333333333335,-43.47922705981219
jeffreys,42.0,1387.5,-43.82314615014756
jeffreys,42.0,1416.6666666666667,-44.167065240482934
jeffreys,42.0,1445.8333333333335,-44.51098433081832
jeffreys,42.0,1475.0,-44.85490342115368
jeffreys,42.0,1504.1666666666667,-45.19882251148905
jeffreys,42.0,1533.3333333333335,-45.542741601824424
jeffreys,42.0,1562.5,-45.88666069215981
jeffreys,42.0,1591.6666666666667,-46.23057978249517
jeffreys,42.0,1620.8333333333335,-46.57449887283057
jeffreys,42.0,1650.0,-46.918417963165936
jeffreys,42.0,1679.1666666666667,-46.999999999999986
jeffreys,42.0,1708.3333333333335,-46.999999999999986
jeffreys,42.0,1737.5,-46.99999999999999
jeffreys,42.0,1766.6666666666667,-47.0
jeffreys,42.0,1795.8333333333335,-47.0
jeffreys,42.0,1825.0,-46.99999999999999
jeffreys,42.0,1854.1666666666667,-46.99999999999999
jeffreys,42.0,1883.3333333333335,-46.999999999999986
jeffreys,42.0,1912.5,-46.999999999999986
jeffreys,42.0,1941.6666666666667,-46.99999999999999
jeffreys,42.0,1970.8333333333335,-46.99999999999999
jeffreys,42.0,2000.0,-47.0
jeffreys,44.0,250.0,-31.234691728934806
jeffreys,44.0,279.1666666666667,-31.843926082796788
jeffreys,44.0,308.3333333333333,-32.39985650249404
jeffreys,44.0,337.5,-32.810154199090064
jeffreys,44.0,366.6666666666667,-33.22045189568608
jeffreys,44.0,395.83333333333337,-33.63074959228211
jeffreys,44.0,425.0,-34.04104728887811
jeffreys,44.0,454.1666666666667,-34.45134498547412
jeffreys,44.0,483.33333333333337,-34.86164268207014
jeffreys,44.0,512.5,-35.271940378666166
jeffreys,44.0,541.6666666666667,-35.682238075262184
jeffreys,44.0,570.8333333333334,-36.092535771858195
jeffreys,44.0,600.0,-36.50283346845421
jeffreys,44.0,629.1666666666667,-36.881249801427806
jeffreys,44.0,658.3333333333334,-37.22516889176318
jeffreys,44.0,687.5,-37.569087982098566
jeffreys,44.0,716.6666666666667,-37.91300707243393
jeffreys,44.0,745.8333333333334,-38.25692616276931
jeffreys,44.0,775.0,-38.600845253104694
jeffreys,44.0,804.1666666666667,-38.94476434344007
jeffreys,44.0,833.3333333333334,-39.28868343377544
jeffreys,44.0,862.5,-39.6326025241108
jeffreys,44.0,891.6666666666667,-39.976521614446185
jeffreys,44.0,920.8333333333334,-40.32044070478156
jeffreys,44.0,950.0,-40.66435979511693
jeffreys,44.0,979.1666666666667,-41.008278885452306
jeffreys,44.0,1008.3333333333334,-41.35219797578769
jeffreys,44.0,1037.5,-41.69611706612305
jeffreys,44.0,1066.6666666666667,-42.04003615645842
jeffreys,44.0,1095.8333333333335,-42.38395524679381
jeffreys,44.0,1125.0,-42.72787433712918
jeffreys,44.0,1154.1666666666667,-43.071793427464556
jeffreys,44.0,1183.3333333333335,-43.41571251779994
jeffreys,44.0,1212.5,-43.75963160813531
jeffreys,44.0,1241.6666666666667,-44.103550698470684
jeffreys,44.0,1270.8333333333335,-44.44746978880606
jeffreys,44.0,1300.0,-44.79138887914143
jeffreys,44.0,1329.1666666666667,-45.13530796947681
jeffreys,44.0,1358.3333333333335,-45.47922705981219
jeffreys,44.0,1387.5,-45.82314615014756
jeffreys,44.0,1416.6666666666667,-46.167065240482934
jeffreys,44.0,1445.8333333333335,-46.51098433081832
jeffreys,44.0,1475.0,-46.85490342115368
jeffreys,44.0,1504.1666666666667,-47.19882251148905
jeffreys,44.0,1533.3333333333335,-47.542741601824424
jeffreys,44.0,1562.5,-47.88666069215981
jeffreys,44.0,1591.6666666666667,-48.23057978249517
jeffreys,44.0,1620.8333333333335,-48.57449887283057
jeffreys,44.0,1650.0,-48.918417963165936
jeffreys,44.0,1679.1666666666667,-48.999999999999986
jeffreys,44.0,1708.3333333333335,-48.999999999999986
jeffreys,44.0,1737.5,-48.99999999999999
jeffreys,44.0,1766.6666666666667,-49.0
jeffreys,44.0,1795.8333333333335,-49.0
jeffreys,44.0,1825.0,-48.99999999999999
jeffreys,44.0,1854.1666666666667,-48.99999999999999
jeffreys,44.0,1883.3333333333335,-48.999999999999986
jeffreys,44.0,1912.5,-48.999999999999986
jeffreys,44.0,1941.6666666666667,-48.99999999999999
jeffreys,44.0,1970.8333333333335,-48.99999999999999
jeffreys,44.0,2000.0,-49.0
jeffreys,46.0,250.0,-33.234691728934806
jeffreys,46.0,279.1666666666667,-33.843926082796784
jeffreys,46.0,308.3333333333333,-34.39985650249404
jeffreys,46.0,337.5,-34.810154199090064
jeffreys,46.0,366.6666666666667,-35.22045189568608
jeffreys,46.0,395.83333333333337,-35.63074959228211
jeffreys,46.0,425.0,-36.04104728887811
jeffreys,46.0,454.1666666666667,-36.45134498547412
jeffreys,46.0,483.33333333333337,-36.86164268207014
jeffreys,46.0,512.5,-37.271940378666166
jeffreys,46.0,541.6666666666667,-37.682238075262184
jeffreys,46.0,570.8333333333334,-38.092535771858195
jeffreys,46.0,600.0,-38.50283346845421
jeffreys,46.0,629.1666666666667,-38.881249801427806
jeffreys,46.0,658.3333333333334,-39.22516889176318
jeffreys,46.0,687.5,-39.569087982098566
jeffreys,46.0,716.6666666666667,-39.91300707243393
jeffreys,46.0,745.8333333333334,-40.25692616276931
jeffreys,46.0,775.0,-40.600845253104694
jeffreys,46.0,804.1666666666667,-40.94476434344007
jeffreys,46.0,833.3333333333334,-41.28868343377544
jeffreys,46.0,862.5,-41.6326025241108
jeffreys,46.0,891.6666666666667,-41.976521614446185
jeffreys,46.0,920.8333333333334,-42.32044070478156
jeffreys,46.0,950.0,-42.66435979511693
jeffreys,46.0,979.1666666666667,-43.008278885452306
jeffreys,46.0,1008.3333333333334,-43.35219797578769
jeffreys,46.0,1037.5,-43.69611706612305
jeffreys,46.0,1066.6666666666667,-44.04003615645842
jeffreys,46.0,1095.8333333333335,-44.38395524679381
jeffreys,46.0,1125.0,-44.72787433712918
jeffreys,46.0,1154.1666666666667,-45.071793427464556
jeffreys,46.0,1183.3333333333335,-45.41571251779994
jeffreys,46.0,1212.5,-45.75963160813531
jeffreys,46.0,1241.6666666666667,-46.103550698470684
jeffreys,46.0,1270.8333333333335,-46.44746978880606
jeffreys,46.0,1300.0,-46.79138887914143
jeffreys,46.0,1329.1666666666667,-47.13530796947681
jeffreys,46.0,1358.3333333333335,-47.47922705981219
jeffreys,46.0,1387.5,-47.82314615014756
jeffreys,46.0,1416.6666666666667,-48.167065240482934
jeffreys,46.0,1445.8333333333335,-48.51098433081832
jeffreys,46.0,1475.0,-48.85490342115368
jeffreys,46.0,1504.1666666666667,-49.19882251148905
jeffreys,46.0,1533.3333333333335,-49.542741601824424
jeffreys,46.0,1562.5,-49.88666069215981
jeffreys,46.0,1591.6666666666667,-50.23057978249517
jeffreys,46.0,1620.8333333333335,-50.57449887283057
jeffreys,46.0,1650.0,-50.918417963165936
jeffreys,46.0,1679.1666666666667,-50.999999999999986
jeffreys,46.0,1708.3333333333335,-50.999999999999986
jeffreys,46.0,1737.5,-50.99999999999999
jeffreys,46.0,1766.6666666666667,-51.0
jeffreys,46.0,1795.8333333333335,-51.0
jeffreys,46.0,1825.0,-50.99999999999999
jeffreys,46.0,1854.1666666666667,-50.99999999999999
jeffreys,46.0,1883.3333333333335,-50.999999999999986
jeffreys,46.0,1912.5,-50.999999999999986
jeffreys,46.0,1941.6666666666667,-50.99999999999999
jeffreys,46.0,1970.8333333333335,-50.99999999999999
jeffreys,46.0,2000.0,-51.0
jeffreys,48.0,250.0,-35.234691728934806
jeffreys,48.0,279.1666666666667,-35.843926082796784
jeffreys,48.0,308.3333333333333,-36.39985650249404
jeffreys,48.0,337.5,-36.810154199090064
jeffreys,48.0,366.6666666666667,-37.22045189568608
jeffreys,48.0,395.83333333333337,-37.63074959228211
jeffreys,48.0,425.0,-38.04104728887811
jeffreys,48.0,454.1666666666667,-38.45134498547412
jeffreys,48.0,483.33333333333337,-38.86164268207014
jeffreys,48.0,512.5,-39.271940378666166
jeffreys,48.0,541.6666666666667,-39.682238075262184
jeffreys,48.0,570.8333333333334,-40.092535771858195
jeffreys,48.0,600.0,-40.50283346845421
jeffreys,48.0,629.1666666666667,-40.881249801427806
jeffreys,48.0,658.3333333333334,-41.22516889176318
jeffreys,48.0,687.5,-41.569087982098566
jeffreys,48.0,716.6666666666667,-41.91300707243393
jeffreys,48.0,745.8333333333334,-42.25692616276931
jeffreys,48.0,775.0,-42.600845253104694
jeffreys,48.0,804.1666666666667,-42.94476434344007
jeffreys,48.0,833.3333333333334,-43.28868343377544
jeffreys,48.0,862.5,-43.6326025241108
jeffreys,48.0,891.6666666666667,-43.976521614446185
jeffreys,48.0,920.8333333333334,-44.32044070478156
jeffreys,48.0,950.0,-44.66435979511693
jeffreys,48.0,979.1666666666667,-45.008278885452306
jeffreys,48.0,1008.3333333333334,-45.35219797578769
jeffreys,48.0,1037.5,-45.69611706612305
jeffreys,48.0,1066.6666666666667,-46.04003615645842
jeffreys,48.0,1095.8333333333335,-46.38395524679381
jeffreys,48.0,1125.0,-46.72787433712918
jeffreys,48.0,1154.1666666666667,-47.071793427464556
jeffreys,48.0,1183.3333333333335,-47.41571251779994
jeffreys,48.0,1212.5,-47.75963160813531
jeffreys,48.0,1241.6666666666667,-48.103550698470684
jeffreys,48.0,1270.8333333333335,-48.44746978880606
jeffreys,48.0,1300.0,-48.79138887914143
jeffreys,48.0,1329.1666666666667,-49.13530796947681
jeffreys,48.0,1358.3333333333335,-49.47922705981219
jeffreys,48.0,1387.5,-49.82314615014756
jeffreys,48.0,1416.6666666666667,-50.167065240482934
jeffreys,48.0,1445.8333333333335,-50.51098433081832
jeffreys,48.0,1475.0,-50.85490342115368
jeffreys,48.0,1504.1666666666667,-51.19882251148905
jeffreys,48.0,1533.3333333333335,-51.542741601824424
jeffreys,48.0,1562.5,-51.88666069215981
jeffreys,48.0,1591.6666666666667,-52.23057978249517
jeffreys,48.0,1620.8333333333335,-52.57449887283057
jeffreys,48.0,1650.0,-52.918417963165936
jeffreys,48.0,1679.1666666666667,-52.999999999999986
jeffreys,48.0,1708.3333333333335,-52.999999999999986
jeffreys,48.0,1737.5,-52.99999999999999
jeffreys,48.0,1766.6666666666667,-53.0
jeffreys,48.0,1795.8333333333335,-53.0
jeffreys,48.0,1825.0,-52.99999999999999
jeffreys,48.0,1854.1666666666667,-52.99999999999999
jeffreys,48.0,1883.3333333333335,-52.999999999999986
jeffreys,48.0,1912.5,-52.999999999999986
jeffreys,48.0,1941.6666666666667,-52.99999999999999
jeffreys,48.0,1970.8333333333335,-52.99999999999999
jeffreys,48.0,2000.0,-53.0
jeffreys,50.0,250.0,-37.234691728934806
jeffreys,50.0,279.1666666666667,-37.843926082796784
jeffreys,50.0,308.3333333333333,-38.39985650249404
jeffreys,50.0,337.5,-38.810154199090064
jeffreys,50.0,366.6666666666667,-39.22045189568608
jeffreys,50.0,395.83333333333337,-39.63074959228211
jeffreys,50.0,425.0,-40.04104728887811
jeffreys,50.0,454.1666666666667,-40.45134498547412
jeffreys,50.0,483.33333333333337,-40.86164268207014
jeffreys,50.0,512.5,-41.271940378666166
jeffreys,50.0,541.6666666666667,-41.682238075262184
jeffreys,50.0,570.8333333333334,-42.092535771858195
jeffreys,50.0,600.0,-42.50283346845421
jeffreys,50.0,629.1666666666667,-42.881249801427806
jeffreys,50.0,658.3333333333334,-43.22516889176318
jeffreys,50.0,687.5,-43.569087982098566
jeffreys,50.0,716.6666666666667,-43.91300707243393
jeffreys,50.0,745.8333333333334,-44.25692616276931
jeffreys,50.0,775.0,-44.600845253104694
jeffreys,50.0,804.1666666666667,-44.94476434344007
jeffreys,50.0,833.3333333333334,-45.28868343377544
jeffreys,50.0,862.5,-45.6326025241108
jeffreys,50.0,891.6666666666667,-45.976521614446185
jeffreys,50.0,920.8333333333334,-46.32044070478156
jeffreys,50.0,950.0,-46.66435979511693
jeffreys,50.0,979.1666666666667,-47.008278885452306
jeffreys,50.0,1008.3333333333334,-47.35219797578769
jeffreys,50.0,1037.5,-47.69611706612305
jeffreys,50.0,1066.6666666666667,-48.04003615645842
jeffreys,50.0,1095.8333333333335,-48.38395524679381
jeffreys,50.0,1125.0,-48.72787433712918
jeffreys,50.0,1154.1666666666667,-49.071793427464556
jeffreys,50.0,1183.3333333333335,-49.41571251779994
jeffreys,50.0,1212.5,-49.75963160813531
jeffreys,50.0,1241.6666666666667,-50.103550698470684
jeffreys,50.0,1270.8333333333335,-50.44746978880606
jeffreys,50.0,1300.0,-50.79138887914143
jeffreys,50.0,1329.1666666666667,-51.13530796947681
jeffreys,50.0,1358.3333333333335,-51.47922705981219
jeffreys,50.0,1387.5,-51.82314615014756
jeffreys,50.0,1416.6666666666667,-52.167065240482934
jeffreys,50.0,1445.8333333333335,-52.51098433081832
jeffreys,50.0,1475.0,-52.85490342115368
jeffreys,50.0,1504.1666666666667,-53.19882251148905
jeffreys,50.0,1533.3333333333335,-53.542741601824424
jeffreys,50.0,1562.5,-53.88666069215981
jeffreys,50.0,1591.6666666666667,-54.23057978249517
jeffreys,50.0,1620.8333333333335,-54.57449887283057
jeffreys,50.0,1650.0,-54.918417963165936
jeffreys,50.0,1679.1666666666667,-54.999999999999986
jeffreys,50.0,1708.3333333333335,-54.999999999999986
jeffreys,50.0,1737.5,-54.99999999999999
jeffreys,50.0,1766.6666666666667,-55.0
jeffreys,50.0,1795.8333333333335,-55.0
jeffreys,50.0,1825.0,-54.99999999999999
jeffreys,50.0,1854.1666666666667,-54.99999999999999
jeffreys,50.0,1883.3333333333335,-54.999999999999986
jeffreys,50.0,1912.5,-54.999999999999986
jeffreys,50.0,1941.6666666666667,-54.99999999999999
jeffreys,50.0,1970.8333333333335,-54.99999999999999
jeffreys,50.0,2000.0,-55.0
jeffreys,52.0,250.0,-39.234691728934806
jeffreys,52.0,279.1666666666667,-39.843926082796784
jeffreys,52.0,308.3333333333333,-40.39985650249404
jeffreys,52.0,337.5,-40.810154199090064
jeffreys,52.0,366.6666666666667,-41.22045189568608
jeffreys,52.0,395.83333333333337,-41.63074959228211
jeffreys,52.0,425.0,-42.04104728887811
jeffreys,52.0,454.1666666666667,-42.45134498547412
jeffreys,52.0,483.33333333333337,-42.86164268207014
jeffreys,52.0,512.5,-43.271940378666166
jeffreys,52.0,541.6666666666667,-43.682238075262184
jeffreys,52.0,570.8333333333334,-44.092535771858195
jeffreys,52.0,600.0,-44.50283346845421
jeffreys,52.0,629.1666666666667,-44.881249801427806
jeffreys,52.0,658.3333333333334,-45.22516889176318
jeffreys,52.0,687.5,-45.569087982098566
jeffreys,52.0,716.6666666666667,-45.91300707243393
jeffreys,52.0,745.8333333333334,-46.25692616276931
jeffreys,52.0,775.0,-46.600845253104694
jeffreys,52.0,804.1666666666667,-46.94476434344007
jeffreys,52.0,833.3333333333334,-47.28868343377544
jeffreys,52.0,862.5,-47.6326025241108
jeffreys,52.0,891.6666666666667,-47.976521614446185
jeffreys,52.0,920.8333333333334,-48.32044070478156
jeffreys,52.0,950.0,-48.66435979511693
jeffreys,52.0,979.1666666666667,-49.008278885452306
jeffreys,52.0,1008.3333333333334,-49.35219797578769
jeffreys,52.0,1037.5,-49.69611706612305
jeffreys,52.0,1066.6666666666667,-50.04003615645842
jeffreys,52.0,1095.8333333333335,-50.38395524679381
jeffreys,52.0,1125.0,-50.72787433712918
jeffreys,52.0,1154.1666666666667,-51.071793427464556
jeffreys,52.0,1183.3333333333335,-51.41571251779994
jeffreys,52.0,1212.5,-51.75963160813531
jeffreys,52.0,1241.6666666666667,-52.103550698470684
jeffreys,52.0,1270.8333333333335,-52.44746978880606
jeffreys,52.0,1300.0,-52.79138887914143
jeffreys,52.0,1329.1666666666667,-53.13530796947681
jeffreys,52.0,1358.3333333333335,-53.47922705981219
jeffreys,52.0,1387.5,-53.82314615014756
jeffreys,52.0,1416.6666666666667,-54.167065240482934
jeffreys,52.0,1445.8333333333335,-54.51098433081832
jeffreys,52.0,1475.0,-54.85490342115368
jeffreys,52.0,1504.1666666666667,-55.19882251148905
jeffreys,52.0,1533.3333333333335,-55.542741601824424
jeffreys,52.0,1562.5,-55.88666069215981
jeffreys,52.0,1591.6666666666667,-56.23057978249517
jeffreys,52.0,1620.8333333333335,-56.57449887283057
jeffreys,52.0,1650.0,-56.918417963165936
jeffreys,52.0,1679.1666666666667,-56.999999999999986
jeffreys,52.0,1708.3333333333335,-56.999999999999986
jeffreys,52.0,1737.5,-56.99999999999999
jeffreys,52.0,1766.6666666666667,-57.0
jeffreys,52.0,1795.8333333333335,-57.0
jeffreys,52.0,1825.0,-56.99999999999999
jeffreys,52.0,1854.1666666666667,-56.99999999999999
jeffreys,52.0,1883.3333333333335,-56.999999999999986
jeffreys,52.0,1912.5,-56.999999999999986
jeffreys,52.0,1941.6666666666667,-56.99999999999999
jeffreys,52.0,1970.8333333333335,-56.99999999999999
jeffreys,52.0,2000.0,-57.0
jeffreys,54.0,250.0,-41.234691728934806
jeffreys,54.0,279.1666666666667,-41.843926082796784
jeffreys,54.0,308.3333333333333,-42.39985650249404
jeffreys,54.0,337.5,-42.810154199090064
jeffreys,54.0,366.6666666666667,-43.22045189568608
jeffreys,54.0,395.83333333333337,-43.63074959228211
jeffreys,54.0,425.0,-44.04104728887811
jeffreys,54.0,454.1666666666667,-44.45134498547412
jeffreys,54.0,483.33333333333337,-44.86164268207014
jeffreys,54.0,512.5,-45.271940378666166
jeffreys,54.0,541.6666666666667,-45.682238075262184
jeffreys,54.0,570.8333333333334,-46.092535771858195
jeffreys,54.0,600.0,-46.50283346845421
jeffreys,54.0,629.1666666666667,-46.881249801427806
jeffreys,54.0,658.3333333333334,-47.22516889176318
jeffreys,54.0,687.5,-47.569087982098566
jeffreys,54.0,716.6666666666667,-47.91300707243393
jeffreys,54.0,745.8333333333334,-48.25692616276931
jeffreys,54.0,775.0,-48.600845253104694
jeffreys,54.0,804.1666666666667,-48.94476434344007
jeffreys,54.0,833.3333333333334,-49.28868343377544
jeffreys,54.0,862.5,-49.6326025241108
jeffreys,54.0,891.6666666666667,-49.976521614446185
jeffreys,54.0,920.8333333333334,-50.32044070478156
jeffreys,54.0,950.0,-50.66435979511693
jeffreys,54.0,979.1666666666667,-51.008278885452306
jeffreys,54.0,1008.3333333333334,-51.35219797578769
jeffreys,54.0,1037.5,-51.69611706612305
jeffreys,54.0,1066.6666666666667,-52.04003615645842
jeffreys,54.0,1095.8333333333335,-52.38395524679381
jeffreys,54.0,1125.0,-52.72787433712918
jeffreys,54.0,1154.1666666666667,-53.071793427464556
jeffreys,54.0,1183.3333333333335,-53.41571251779994
jeffreys,54.0,1212.5,-53.75963160813531
jeffreys,54.0,1241.6666666666667,-54.103550698470684
jeffreys,54.0,1270.8333333333335,-54.44746978880606
jeffreys,54.0,1300.0,-54.79138887914143
jeffreys,54.0,1329.1666666666667,-55.13530796947681
jeffreys,54.0,1358.3333333333335,-55.47922705981219
jeffreys,54.0,1387.5,-55.82314615014756
jeffreys,54.0,1416.6666666666667,-56.167065240482934
jeffreys,54.0,1445.8333333333335,-56.51098433081832
jeffreys,54.0,1475.0,-56.85490342115368
jeffreys,54.0,1504.1666666666667,-57.19882251148905
jeffreys,54.0,1533.3333333333335,-57.542741601824424
jeffreys,54.0,1562.5,-57.88666069215981
jeffreys,54.0,1591.6666666666667,-58.23057978249517
jeffreys,54.0,1620.8333333333335,-58.57449887283057
jeffreys,54.0,1650.0,-58.918417963165936
jeffreys,54.0,1679.1666666666667,-58.999999999999986
jeffreys,54.0,1708.3333333333335,-58.999999999999986
jeffreys,54.0,1737.5,-58.99999999999999
jeffreys,54.0,1766.6666666666667,-59.0
jeffreys,54.0,1795.8333333333335,-59.0
jeffreys,54.0,1825.0,-58.99999999999999
jeffreys,54.0,1854.1666666666667,-58.99999999999999
jeffreys,54.0,1883.3333333333335,-58.999999999999986
jeffreys,54.0,1912.5,-58.999999999999986
jeffreys,54.0,1941.6666666666667,-58.99999999999999
jeffreys,54.0,1970.8333333333335,-58.99999999999999
jeffreys,54.0,2000.0,-59.0
jeffreys,56.0,250.0,-43.234691728934806
jeffreys,56.0,279.1666666666667,-43.843926082796784
jeffreys,56.0,308.3333333333333,-44.39985650249404
jeffreys,56.0,337.5,-44.810154199090064
jeffreys,56.0,366.6666666666667,-45.22045189568608
jeffreys,56.0,395.83333333333337,-45.63074959228211
jeffreys,56.0,425.0,-46.04104728887811
jeffreys,56.0,454.1666666666667,-46.45134498547412
jeffreys,56.0,483.33333333333337,-46.86164268207014
jeffreys,56.0,512.5,-47.271940378666166
jeffreys,56.0,541.6666666666667,-47.682238075262184
jeffreys,56.0,570.8333333333334,-48.092535771858195
jeffreys,56.0,600.0,-48.50283346845421
jeffreys,56.0,629.1666666666667,-48.881249801427806
jeffreys,56.0,658.3333333333334,-49.22516889176318
jeffreys,56.0,687.5,-49.569087982098566
jeffreys,56.0,716.6666666666667,-49.91300707243393
jeffreys,56.0,745.8333333333334,-50.25692616276931
jeffreys,56.0,775.0,-50.600845253104694
jeffreys,56.0,804.1666666666667,-50.94476434344007
jeffreys,56.0,833.3333333333334,-51.28868343377544
jeffreys,56.0,862.5,-51.6326025241108
jeffreys,56.0,891.6666666666667,-51.976521614446185
jeffreys,56.0,920.8333333333334,-52.32044070478156
jeffreys,56.0,950.0,-52.66435979511693
jeffreys,56.0,979.1666666666667,-53.008278885452306
jeffreys,56.0,1008.3333333333334,-53.35219797578769
jeffreys,56.0,1037.5,-53.69611706612305
jeffreys,56.0,1066.6666666666667,-54.04003615645842
jeffreys,56.0,1095.8333333333335,-54.38395524679381
jeffreys,56.0,1125.0,-54.72787433712918
jeffreys,56.0,1154.1666666666667,-55.071793427464556
jeffreys,56.0,1183.3333333333335,-55.41571251779994
jeffreys,56.0,1212.5,-55.75963160813531
jeffreys,56.0,1241.6666666666667,-56.103550698470684
jeffreys,56.0,1270.8333333333335,-56.44746978880606
jeffreys,56.0,1300.0,-56.79138887914143
jeffreys,56.0,1329.1666666666667,-57.13530796947681
jeffreys,56.0,1358.3333333333335,-57.47922705981219
jeffreys,56.0,1387.5,-57.82314615014756
jeffreys,56.0,1416.6666666666667,-58.167065240482934
jeffreys,56.0,1445.8333333333335,-58.51098433081832
jeffreys,56.0,1475.0,-58.85490342115368
jeffreys,56.0,1504.1666666666667,-59.19882251148905
jeffreys,56.0,1533.3333333333335,-59.542741601824424
jeffreys,56.0,1562.5,-59.88666069215981
jeffreys,56.0,1591.6666666666667,-60.23057978249517
jeffreys,56.0,1620.8333333333335,-60.57449887283057
jeffreys,56.0,1650.0,-60.918417963165936
jeffreys,56.0,1679.1666666666667,-60.999999999999986
jeffreys,56.0,1708.3333333333335,-60.999999999999986
jeffreys,56.0,1737.5,-60.99999999999999
jeffreys,56.0,1766.6666666666667,-61.0
jeffreys,56.0,1795.8333333333335,-61.0
jeffreys,56.0,1825.0,-60.99999999999999
jeffreys,56.0,1854.1666666666667,-60.99999999999999
jeffreys,56.0,1883.3333333333335,-60.999999999999986
jeffreys,56.0,1912.5,-60.999999999999986
jeffreys,56.0,1941.6666666666667,-60.99999999999999
jeffreys,56.0,1970.8333333333335,-60.99999999999999
jeffreys,56.0,2000.0,-61.0
jeffreys,58.0,250.0,-45.234691728934806
jeffreys,58.0,279.1666666666667,-45.843926082796784
jeffreys,58.0,308.3333333333333,-46.39985650249404
jeffreys,58.0,337.5,-46.810154199090064
jeffreys,58.0,366.6666666666667,-47.22045189568608
jeffreys,58.0,395.83333333333337,-47.63074959228211
jeffreys,58.0,425.0,-48.04104728887811
jeffreys,58.0,454.1666666666667,-48.45134498547412
jeffreys,58.0,483.33333333333337,-48.86164268207014
jeffreys,58.0,512.5,-49.271940378666166
jeffreys,58.0,541.6666666666667,-49.682238075262184
jeffreys,58.0,570.8333333333334,-50.092535771858195
jeffreys,58.0,600.0,-50.50283346845421
jeffreys,58.0,629.1666666666667,-50.881249801427806
jeffreys,58.0,658.3333333333334,-51.22516889176318
jeffreys,58.0,687.5,-51.569087982098566
jeffreys,58.0,716.6666666666667,-51.91300707243393
jeffreys,58.0,745.8333333333334,-52.25692616276931
jeffreys,58.0,775.0,-52.600845253104694
jeffreys,58.0,804.1666666666667,-52.94476434344007
jeffreys,58.0,833.3333333333334,-53.28868343377544
jeffreys,58.0,862.5,-53.6326025241108
jeffreys,58.0,891.6666666666667,-53.976521614446185
jeffreys,58.0,920.8333333333334,-54.32044070478156
jeffreys,58.0,950.0,-54.66435979511693
jeffreys,58.0,979.1666666666667,-55.008278885452306
jeffreys,58.0,1008.3333333333334,-55.35219797578769
jeffreys,58.0,1037.5,-55.69611706612305
jeffreys,58.0,1066.6666666666667,-56.04003615645842
jeffreys,58.0,1095.8333333333335,-56.38395524679381
jeffreys,58.0,1125.0,-56.72787433712918
jeffreys,58.0,1154.1666666666667,-57.071793427464556
jeffreys,58.0,1183.3333333333335,-57.41571251779994
jeffreys,58.0,1212.5,-57.75963160813531
jeffreys,58.0,1241.6666666666667,-58.103550698470684
jeffreys,58.0,1270.8333333333335,-58.44746978880606
jeffreys,58.0,1300.0,-58.79138887914143
jeffreys,58.0,1329.1666666666667,-59.13530796947681
jeffreys,58.0,1358.3333333333335,-59.47922705981219
jeffreys,58.0,1387.5,-59.82314615014756
jeffreys,58.0,1416.6666666666667,-60.167065240482934
jeffreys,58.0,1445.8333333333335,-60.51098433081832
jeffreys,58.0,1475.0,-60.85490342115368
jeffreys,58.0,1504.1666666666667,-61.19882251148905
jeffreys,58.0,1533.3333333333335,-61.542741601824424
jeffreys,58.0,1562.5,-61.88666069215981
jeffreys,58.0,1591.6666666666667,-62.23057978249517
jeffreys,58.0,1620.8333333333335,-62.57449887283057
jeffreys,58.0,1650.0,-62.918417963165936
jeffreys,58.0,1679.1666666666667,-62.999999999999986
jeffreys,58.0,1708.3333333333335,-62.999999999999986
jeffreys,58.0,1737.5,-62.99999999999999
jeffreys,58.0,1766.6666666666667,-63.0
jeffreys,58.0,1795.8333333333335,-63.0
jeffreys,58.0,1825.0,-62.99999999999999
jeffreys,58.0,1854.1666666666667,-62.99999999999999
jeffreys,58.0,1883.3333333333335,-62.999999999999986
jeffreys,58.0,1912.5,-62.999999999999986
jeffreys,58.0,1941.6666666666667,-62.99999999999999
jeffreys,58.0,1970.8333333333335,-62.99999999999999
jeffreys,58.0,2000.0,-63.0
jeffreys,60.0,250.0,-47.234691728934806
jeffreys,60.0,279.1666666666667,-47.843926082796784
jeffreys,60.0,308.3333333333333,-48.39985650249404
jeffreys,60.0,337.5,-48.810154199090064
jeffreys,60.0,366.6666666666667,-49.22045189568608
jeffreys,60.0,395.83333333333337,-49.63074959228211
jeffreys,60.0,425.0,-50.04104728887811
jeffreys,60.0,454.1666666666667,-50.45134498547412
jeffreys,60.0,483.33333333333337,-50.86164268207014
jeffreys,60.0,512.5,-51.271940378666166
jeffreys,60.0,541.6666666666667,-51.682238075262184
jeffreys,60.0,570.8333333333334,-52.092535771858195
jeffreys,60.0,600.0,-52.50283346845421
jeffreys,60.0,629.1666666666667,-52.881249801427806
jeffreys,60.0,658.3333333333334,-53.22516889176318
jeffreys,60.0,687.5,-53.569087982098566
jeffreys,60.0,716.6666666666667,-53.91300707243393
jeffreys,60.0,745.8333333333334,-54.25692616276931
jeffreys,60.0,775.0,-54.600845253104694
jeffreys,60.0,804.1666666666667,-54.94476434344007
jeffreys,60.0,833.3333333333334,-55.28868343377544
jeffreys,60.0,862.5,-55.6326025241108
jeffreys,60.0,891.6666666666667,-55.976521614446185
jeffreys,60.0,920.8333333333334,-56.32044070478156
jeffreys,60.0,950.0,-56.66435979511693
jeffreys,60.0,979.1666666666667,-57.008278885452306
jeffreys,60.0,1008.3333333333334,-57.35219797578769
jeffreys,60.0,1037.5,-57.69611706612305
jeffreys,60.0,1066.6666666666667,-58.04003615645842
jeffreys,60.0,1095.8333333333335,-58.38395524679381
jeffreys,60.0,1125.0,-58.72787433712918
jeffreys,60.0,1154.1666666666667,-59.071793427464556
jeffreys,60.0,1183.3333333333335,-59.41571251779994
jeffreys,60.0,1212.5,-59.75963160813531
jeffreys,60.0,1241.6666666666667,-60.103550698470684
jeffreys,60.0,1270.8333333333335,-60.44746978880606
jeffreys,60.0,1300.0,-60.79138887914143
jeffreys,60.0,1329.1666666666667,-61.13530796947681
jeffreys,60.0,1358.3333333333335,-61.47922705981219
jeffreys,60.0,1387.5,-61.82314615014756
jeffreys,60.0,1416.6666666666667,-62.167065240482934
jeffreys,60.0,1445.8333333333335,-62.51098433081832
jeffreys,60.0,1475.0,-62.85490342115368
jeffreys,60.0,1504.1666666666667,-63.19882251148905
jeffreys,60.0,1533.3333333333335,-63.542741601824424
jeffreys,60.0,1562.5,-63.88666069215981
jeffreys,60.0,1591.6666666666667,-64.23057978249517
jeffreys,60.0,1620.8333333333335,-64.57449887283056
jeffreys,60.0,1650.0,-64.91841796316594
jeffreys,60.0,1679.1666666666667,-64.99999999999999
jeffreys,60.0,1708.3333333333335,-64.99999999999999
jeffreys,60.0,1737.5,-65.0
jeffreys,60.0,1766.6666666666667,-65.0
jeffreys,60.0,1795.8333333333335,-65.0
jeffreys,60.0,1825.0,-65.0
jeffreys,60.0,1854.1666666666667,-65.0
jeffreys,60.0,1883.3333333333335,-64.99999999999999
jeffreys,60.0,1912.5,-64.99999999999999
jeffreys,60.0,1941.6666666666667,-65.0
jeffreys,60.0,1970.8333333333335,-65.0
jeffreys,60.0,2000.0,-65.0
jeffreys,62.0,250.0,-49.234691728934806
jeffreys,62.0,279.1666666666667,-49.843926082796784
jeffreys,62.0,308.3333333333333,-50.39985650249404
jeffreys,62.0,337.5,-50.810154199090064
jeffreys,62.0,366.6666666666667,-51.22045189568608
jeffreys,62.0,395.83333333333337,-51.63074959228211
jeffreys,62.0,425.0,-52.04104728887811
jeffreys,62.0,454.1666666666667,-52.45134498547412
jeffreys,62.0,483.33333333333337,-52.86164268207014
jeffreys,62.0,512.5,-53.271940378666166
jeffreys,62.0,541.6666666666667,-53.682238075262184
jeffreys,62.0,570.8333333333334,-54.092535771858195
jeffreys,62.0,600.0,-54.50283346845421
jeffreys,62.0,629.1666666666667,-54.881249801427806
jeffreys,62.0,658.3333333333334,-55.22516889176318
jeffreys,62.0,687.5,-55.569087982098566
jeffreys,62.0,716.6666666666667,-55.91300707243393
jeffreys,62.0,745.8333333333334,-56.25692616276931
jeffreys,62.0,775.0,-56.600845253104694
jeffreys,62.0,804.1666666666667,-56.94476434344007
jeffreys,62.0,833.3333333333334,-57.28868343377544
jeffreys,62.0,862.5,-57.6326025241108
jeffreys,62.0,891.6666666666667,-57.976521614446185
jeffreys,62.0,920.8333333333334,-58.32044070478156
jeffreys,62.0,950.0,-58.66435979511693
jeffreys,62.0,979.1666666666667,-59.008278885452306
jeffreys,62.0,1008.3333333333334,-59.35219797578769
jeffreys,62.0,1037.5,-59.69611706612305
jeffreys,62.0,1066.6666666666667,-60.04003615645842
jeffreys,62.0,1095.8333333333335,-60.38395524679381
jeffreys,62.0,1125.0,-60.72787433712918
jeffreys,62.0,1154.1666666666667,-61.071793427464556
jeffreys,62.0,1183.3333333333335,-61.41571251779994
jeffreys,62.0,1212.5,-61.75963160813531
jeffreys,62.0,1241.6666666666667,-62.103550698470684
jeffreys,62.0,1270.8333333333335,-62.44746978880606
jeffreys,62.0,1300.0,-62.79138887914143
jeffreys,62.0,1329.1666666666667,-63.13530796947681
jeffreys,62.0,1358.3333333333335,-63.47922705981219
jeffreys,62.0,1387.5,-63.82314615014756
jeffreys,62.0,1416.6666666666667,-64.16706524048294
jeffreys,62.0,1445.8333333333335,-64.51098433081832
jeffreys,62.0,1475.0,-64.85490342115368
jeffreys,62.0,1504.1666666666667,-65.19882251148906
jeffreys,62.0,1533.3333333333335,-65.54274160182442
jeffreys,62.0,1562.5,-65.88666069215981
jeffreys,62.0,1591.6666666666667,-66.23057978249517
jeffreys,62.0,1620.8333333333335,-66.57449887283056
jeffreys,62.0,1650.0,-66.91841796316594
jeffreys,62.0,1679.1666666666667,-66.99999999999999
jeffreys,62.0,1708.3333333333335,-66.99999999999999
jeffreys,62.0,1737.5,-67.0
jeffreys,62.0,1766.6666666666667,-67.0
jeffreys,62.0,1795.8333333333335,-67.0
jeffreys,62.0,1825.0,-67.0
jeffreys,62.0,1854.1666666666667,-67.0
jeffreys,62.0,1883.3333333333335,-66.99999999999999
jeffreys,62.0,1912.5,-66.99999999999999
jeffreys,62.0,1941.6666666666667,-67.0
jeffreys,62.0,1970.8333333333335,-67.0
jeffreys,62.0,2000.0,-67.0
jeffreys,64.0,250.0,-51.234691728934806
jeffreys,64.0,279.1666666666667,-51.843926082796784
jeffreys,64.0,308.3333333333333,-52.39985650249404
jeffreys,64.0,337.5,-52.810154199090064
jeffreys,64.0,366.6666666666667,-53.22045189568608
jeffreys,64.0,395.83333333333337,-53.63074959228211
jeffreys,64.0,425.0,-54.04104728887811
jeffreys,64.0,454.1666666666667,-54.45134498547412
jeffreys,64.0,483.33333333333337,-54.86164268207014
jeffreys,64.0,512.5,-55.271940378666166
jeffreys,64.0,541.6666666666667,-55.682238075262184
jeffreys,64.0,570.8333333333334,-56.092535771858195
jeffreys,64.0,600.0,-56.50283346845421
jeffreys,64.0,629.1666666666667,-56.881249801427806
jeffreys,64.0,658.3333333333334,-57.22516889176318
jeffreys,64.0,687.5,-57.569087982098566
jeffreys,64.0,716.6666666666667,-57.91300707243393
jeffreys,64.0,745.8333333333334,-58.25692616276931
jeffreys,64.0,775.0,-58.600845253104694
jeffreys,64.0,804.1666666666667,-58.94476434344007
jeffreys,64.0,833.3333333333334,-59.28868343377544
jeffreys,64.0,862.5,-59.6326025241108
jeffreys,64.0,891.6666666666667,-59.976521614446185
jeffreys,64.0,920.8333333333334,-60.32044070478156
jeffreys,64.0,950.0,-60.66435979511693
jeffreys,64.0,979.1666666666667,-61.008278885452306
jeffreys,64.0,1008.3333333333334,-61.35219797578769
jeffreys,64.0,1037.5,-61.69611706612305
jeffreys,64.0,1066.6666666666667,-62.04003615645842
jeffreys,64.0,1095.8333333333335,-62.38395524679381
jeffreys,64.0,1125.0,-62.72787433712918
jeffreys,64.0,1154.1666666666667,-63.071793427464556
jeffreys,64.0,1183.3333333333335,-63.41571251779994
jeffreys,64.0,1212.5,-63.75963160813531
jeffreys,64.0,1241.6666666666667,-64.10355069847068
jeffreys,64.0,1270.8333333333335,-64.44746978880606
jeffreys,64.0,1300.0,-64.79138887914144
jeffreys,64.0,1329.1666666666667,-65.13530796947681
jeffreys,64.0,1358.3333333333335,-65.47922705981219
jeffreys,64.0,1387.5,-65.82314615014755
jeffreys,64.0,1416.6666666666667,-66.16706524048294
jeffreys,64.0,1445.8333333333335,-66.51098433081832
jeffreys,64.0,1475.0,-66.85490342115368
jeffreys,64.0,1504.1666666666667,-67.19882251148906
jeffreys,64.0,1533.3333333333335,-67.54274160182442
jeffreys,64.0,1562.5,-67.88666069215981
jeffreys,64.0,1591.6666666666667,-68.23057978249517
jeffreys,64.0,1620.8333333333335,-68.57449887283056
jeffreys,64.0,1650.0,-68.91841796316594
jeffreys,64.0,1679.1666666666667,-68.99999999999999
jeffreys,64.0,1708.3333333333335,-68.99999999999999
jeffreys,64.0,1737.5,-69.0
jeffreys,64.0,1766.6666666666667,-69.0
jeffreys,64.0,1795.8333333333335,-69.0
jeffreys,64.0,1825.0,-69.0
jeffreys,64.0,1854.1666666666667,-69.0
jeffreys,64.0,1883.3333333333335,-68.99999999999999
jeffreys,64.0,1912.5,-68.99999999999999
jeffreys,64.0,1941.6666666666667,-69.0
jeffreys,64.0,1970.8333333333335,-69.0
jeffreys,64.0,2000.0,-69.0
jeffreys,66.0,250.0,-53.234691728934806
jeffreys,66.0,279.1666666666667,-53.843926082796784
jeffreys,66.0,308.3333333333333,-54.39985650249404
jeffreys,66.0,337.5,-54.810154199090064
jeffreys,66.0,366.6666666666667,-55.22045189568608
jeffreys,66.0,395.83333333333337,-55.63074959228211
jeffreys,66.0,425.0,-56.04104728887811
jeffreys,66.0,454.1666666666667,-56.45134498547412
jeffreys,66.0,483.33333333333337,-56.86164268207014
jeffreys,66.0,512.5,-57.271940378666166
jeffreys,66.0,541.6666666666667,-57.682238075262184
jeffreys,66.0,570.8333333333334,-58.092535771858195
jeffreys,66.0,600.0,-58.50283346845421
jeffreys,66.0,629.1666666666667,-58.881249801427806
jeffreys,66.0,658.3333333333334,-59.22516889176318
jeffreys,66.0,687.5,-59.569087982098566
jeffreys,66.0,716.6666666666667,-59.91300707243393
jeffreys,66.0,745.8333333333334,-60.25692616276931
jeffreys,66.0,775.0,-60.600845253104694
jeffreys,66.0,804.1666666666667,-60.94476434344007
jeffreys,66.0,833.3333333333334,-61.28868343377544
jeffreys,66.0,862.5,-61.6326025241108
jeffreys,66.0,891.6666666666667,-61.976521614446185
jeffreys,66.0,920.8333333333334,-62.32044070478156
jeffreys,66.0,950.0,-62.66435979511693
jeffreys,66.0,979.1666666666667,-63.008278885452306
jeffreys,66.0,1008.3333333333334,-63.35219797578769
jeffreys,66.0,1037.5,-63.69611706612305
jeffreys,66.0,1066.6666666666667,-64.04003615645843
jeffreys,66.0,1095.8333333333335,-64.38395524679382
jeffreys,66.0,1125.0,-64.72787433712918
jeffreys,66.0,1154.1666666666667,-65.07179342746456
jeffreys,66.0,1183.3333333333335,-65.41571251779993
jeffreys,66.0,1212.5,-65.75963160813531
jeffreys,66.0,1241.6666666666667,-66.10355069847068
jeffreys,66.0,1270.8333333333335,-66.44746978880606
jeffreys,66.0,1300.0,-66.79138887914144
jeffreys,66.0,1329.1666666666667,-67.13530796947681
jeffreys,66.0,1358.3333333333335,-67.47922705981219
jeffreys,66.0,1387.5,-67.82314615014755
jeffreys,66.0,1416.6666666666667,-68.16706524048294
jeffreys,66.0,1445.8333333333335,-68.51098433081832
jeffreys,66.0,1475.0,-68.85490342115368
jeffreys,66.0,1504.1666666666667,-69.19882251148906
jeffreys,66.0,1533.3333333333335,-69.54274160182442
jeffreys,66.0,1562.5,-69.88666069215981
jeffreys,66.0,1591.6666666666667,-70.23057978249517
jeffreys,66.0,1620.8333333333335,-70.57449887283056
jeffreys,66.0,1650.0,-70.91841796316594
jeffreys,66.0,1679.1666666666667,-70.99999999999999
jeffreys,66.0,1708.3333333333335,-70.99999999999999
jeffreys,66.0,1737.5,-71.0
jeffreys,66.0,1766.6666666666667,-71.0
jeffreys,66.0,1795.8333333333335,-71.0
jeffreys,66.0,1825.0,-71.0
jeffreys,66.0,1854.1666666666667,-71.0
jeffreys,66.0,1883.3333333333335,-70.99999999999999
jeffreys,66.0,1912.5,-70.99999999999999
jeffreys,66.0,1941.6666666666667,-71.0
jeffreys,66.0,1970.8333333333335,-71.0
jeffreys,66.0,2000.0,-71.0
jeffreys,68.0,250.0,-55.234691728934806
jeffreys,68.0,279.1666666666667,-55.843926082796784
jeffreys,68.0,308.3333333333333,-56.39985650249404
jeffreys,68.0,337.5,-56.810154199090064
jeffreys,68.0,366.6666666666667,-57.22045189568608
jeffreys,68.0,395.83333333333337,-57.63074959228211
jeffreys,68.0,425.0,-58.04104728887811
jeffreys,68.0,454.1666666666667,-58.45134498547412
jeffreys,68.0,483.33333333333337,-58.86164268207014
jeffreys,68.0,512.5,-59.271940378666166
jeffreys,68.0,541.6666666666667,-59.682238075262184
jeffreys,68.0,570.8333333333334,-60.092535771858195
jeffreys,68.0,600.0,-60.50283346845421
jeffreys,68.0,629.1666666666667,-60.881249801427806
jeffreys,68.0,658.3333333333334,-61.22516889176318
jeffreys,68.0,687.5,-61.569087982098566
jeffreys,68.0,716.6666666666667,-61.91300707243393
jeffreys,68.0,745.8333333333334,-62.25692616276931
jeffreys,68.0,775.0,-62.600845253104694
jeffreys,68.0,804.1666666666667,-62.94476434344007
jeffreys,68.0,833.3333333333334,-63.28868343377544
jeffreys,68.0,862.5,-63.6326025241108
jeffreys,68.0,891.6666666666667,-63.976521614446185
jeffreys,68.0,920.8333333333334,-64.32044070478156
jeffreys,68.0,950.0,-64.66435979511692
jeffreys,68.0,979.1666666666667,-65.00827888545231
jeffreys,68.0,1008.3333333333334,-65.35219797578769
jeffreys,68.0,1037.5,-65.69611706612305
jeffreys,68.0,1066.6666666666667,-66.04003615645843
jeffreys,68.0,1095.8333333333335,-66.38395524679382
jeffreys,68.0,1125.0,-66.72787433712918
jeffreys,68.0,1154.1666666666667,-67.07179342746456
jeffreys,68.0,1183.3333333333335,-67.41571251779993
jeffreys,68.0,1212.5,-67.75963160813531
jeffreys,68.0,1241.6666666666667,-68.10355069847068
jeffreys,68.0,1270.8333333333335,-68.44746978880606
jeffreys,68.0,1300.0,-68.79138887914144
jeffreys,68.0,1329.1666666666667,-69.13530796947681
jeffreys,68.0,1358.3333333333335,-69.47922705981219
jeffreys,68.0,1387.5,-69.82314615014755
jeffreys,68.0,1416.6666666666667,-70.16706524048294
jeffreys,68.0,1445.8333333333335,-70.51098433081832
jeffreys,68.0,1475.0,-70.85490342115368
jeffreys,68.0,1504.1666666666667,-71.19882251148906
jeffreys,68.0,1533.3333333333335,-71.54274160182442
jeffreys,68.0,1562.5,-71.88666069215981
jeffreys,68.0,1591.6666666666667,-72.23057978249517
jeffreys,68.0,1620.8333333333335,-72.57449887283056
jeffreys,68.0,1650.0,-72.91841796316594
jeffreys,68.0,1679.1666666666667,-72.99999999999999
jeffreys,68.0,1708.3333333333335,-72.99999999999999
jeffreys,68.0,1737.5,-73.0
jeffreys,68.0,1766.6666666666667,-73.0
jeffreys,68.0,1795.8333333333335,-73.0
jeffreys,68.0,1825.0,-73.0
jeffreys,68.0,1854.1666666666667,-73.0
jeffreys,68.0,1883.3333333333335,-72.99999999999999
jeffreys,68.0,1912.5,-72.99999999999999
jeffreys,68.0,1941.6666666666667,-73.0
jeffreys,68.0,1970.8333333333335,-73.0
jeffreys,68.0,2000.0,-73.0
jeffreys,70.0,250.0,-57.234691728934806
jeffreys,70.0,279.1666666666667,-57.843926082796784
jeffreys,70.0,308.3333333333333,-58.39985650249404
jeffreys,70.0,337.5,-58.810154199090064
jeffreys,70.0,366.6666666666667,-59.22045189568608
jeffreys,70.0,395.83333333333337,-59.63074959228211
jeffreys,70.0,425.0,-60.04104728887811
jeffreys,70.0,454.1666666666667,-60.45134498547412
jeffreys,70.0,483.33333333333337,-60.86164268207014
jeffreys,70.0,512.5,-61.271940378666166
jeffreys,70.0,541.6666666666667,-61.682238075262184
jeffreys,70.0,570.8333333333334,-62.092535771858195
jeffreys,70.0,600.0,-62.50283346845421
jeffreys,70.0,629.1666666666667,-62.881249801427806
jeffreys,70.0,658.3333333333334,-63.22516889176318
jeffreys,70.0,687.5,-63.569087982098566
jeffreys,70.0,716.6666666666667,-63.91300707243393
jeffreys,70.0,745.8333333333334,-64.2569261627693
jeffreys,70.0,775.0,-64.6008452531047
jeffreys,70.0,804.1666666666667,-64.94476434344007
jeffreys,70.0,833.3333333333334,-65.28868343377545
jeffreys,70.0,862.5,-65.63260252411081
jeffreys,70.0,891.6666666666667,-65.97652161444618
jeffreys,70.0,920.8333333333334,-66.32044070478156
jeffreys,70.0,950.0,-66.66435979511692
jeffreys,70.0,979.1666666666667,-67.00827888545231
jeffreys,70.0,1008.3333333333334,-67.35219797578769
jeffreys,70.0,1037.5,-67.69611706612305
jeffreys,70.0,1066.6666666666667,-68.04003615645843
jeffreys,70.0,1095.8333333333335,-68.38395524679382
jeffreys,70.0,1125.0,-68.72787433712918
jeffreys,70.0,1154.1666666666667,-69.07179342746456
jeffreys,70.0,1183.3333333333335,-69.41571251779993
jeffreys,70.0,1212.5,-69.75963160813531
jeffreys,70.0,1241.6666666666667,-70.10355069847068
jeffreys,70.0,1270.8333333333335,-70.44746978880606
jeffreys,70.0,1300.0,-70.79138887914144
jeffreys,70.0,1329.1666666666667,-71.13530796947681
jeffreys,70.0,1358.3333333333335,-71.47922705981219
jeffreys,70.0,1387.5,-71.82314615014755
jeffreys,70.0,1416.6666666666667,-72.16706524048294
jeffreys,70.0,1445.8333333333335,-72.51098433081832
jeffreys,70.0,1475.0,-72.85490342115368
jeffreys,70.0,1504.1666666666667,-73.19882251148906
jeffreys,70.0,1533.3333333333335,-73.54274160182442
jeffreys,70.0,1562.5,-73.88666069215981
jeffreys,70.0,1591.6666666666667,-74.23057978249517
jeffreys,70.0,1620.8333333333335,-74.57449887283056
jeffreys,70.0,1650.0,-74.91841796316594
jeffreys,70.0,1679.1666666666667,-74.99999999999999
jeffreys,70.0,1708.3333333333335,-74.99999999999999
jeffreys,70.0,1737.5,-75.0
jeffreys,70.0,1766.6666666666667,-75.0
jeffreys,70.0,1795.8333333333335,-75.0
jeffreys,70.0,1825.0,-75.0
jeffreys,70.0,1854.1666666666667,-75.0
jeffreys,70.0,1883.3333333333335,-74.99999999999999
jeffreys,70.0,1912.5,-74.99999999999999
jeffreys,70.0,1941.6666666666667,-75.0
jeffreys,70.0,1970.8333333333335,-75.0
jeffreys,70.0,2000.0,-75.0
jeffreys,72.0,250.0,-59.234691728934806
jeffreys,72.0,279.1666666666667,-59.843926082796784
jeffreys,72.0,308.3333333333333,-60.39985650249404
jeffreys,72.0,337.5,-60.810154199090064
jeffreys,72.0,366.6666666666667,-61.22045189568608
jeffreys,72.0,395.83333333333337,-61.63074959228211
jeffreys,72.0,425.0,-62.04104728887811
jeffreys,72.0,454.1666666666667,-62.45134498547412
jeffreys,72.0,483.33333333333337,-62.86164268207014
jeffreys,72.0,512.5,-63.271940378666166
jeffreys,72.0,541.6666666666667,-63.682238075262184
jeffreys,72.0,570.8333333333334,-64.0925357718582
jeffreys,72.0,600.0,-64.50283346845421
jeffreys,72.0,629.1666666666667,-64.8812498014278
jeffreys,72.0,658.3333333333334,-65.22516889176319
jeffreys,72.0,687.5,-65.56908798209857
jeffreys,72.0,716.6666666666667,-65.91300707243393
jeffreys,72.0,745.8333333333334,-66.2569261627693
jeffreys,72.0,775.0,-66.6008452531047
jeffreys,72.0,804.1666666666667,-66.94476434344007
jeffreys,72.0,833.3333333333334,-67.28868343377545
jeffreys,72.0,862.5,-67.63260252411081
jeffreys,72.0,891.6666666666667,-67.97652161444618
jeffreys,72.0,920.8333333333334,-68.32044070478156
jeffreys,72.0,950.0,-68.66435979511692
jeffreys,72.0,979.1666666666667,-69.00827888545231
jeffreys,72.0,1008.3333333333334,-69.35219797578769
jeffreys,72.0,1037.5,-69.69611706612305
jeffreys,72.0,1066.6666666666667,-70.04003615645843
jeffreys,72.0,1095.8333333333335,-70.38395524679382
jeffreys,72.0,1125.0,-70.72787433712918
jeffreys,72.0,1154.1666666666667,-71.07179342746456
jeffreys,72.0,1183.3333333333335,-71.41571251779993
jeffreys,72.0,1212.5,-71.75963160813531
jeffreys,72.0,1241.6666666666667,-72.10355069847068
jeffreys,72.0,1270.8333333333335,-72.44746978880606
jeffreys,72.0,1300.0,-72.79138887914144
jeffreys,72.0,1329.1666666666667,-73.13530796947681
jeffreys,72.0,1358.3333333333335,-73.47922705981219
jeffreys,72.0,1387.5,-73.82314615014755
jeffreys,72.0,1416.6666666666667,-74.16706524048294
jeffreys,72.0,1445.8333333333335,-74.51098433081832
jeffreys,72.0,1475.0,-74.85490342115368
jeffreys,72.0,1504.1666666666667,-75.19882251148906
jeffreys,72.0,1533.3333333333335,-75.54274160182442
jeffreys,72.0,1562.5,-75.88666069215981
jeffreys,72.0,1591.6666666666667,-76.23057978249517
jeffreys,72.0,1620.8333333333335,-76.57449887283056
jeffreys,72.0,1650.0,-76.91841796316594
jeffreys,72.0,1679.1666666666667,-76.99999999999999
jeffreys,72.0,1708.3333333333335,-76.99999999999999
jeffreys,72.0,1737.5,-77.0
jeffreys,72.0,1766.6666666666667,-77.0
jeffreys,72.0,1795.8333333333335,-77.0
jeffreys,72.0,1825.0,-77.0
jeffreys,72.0,1854.1666666666667,-77.0
jeffreys,72.0,1883.3333333333335,-76.99999999999999
jeffreys,72.0,1912.5,-76.99999999999999
jeffreys,72.0,1941.6666666666667,-77.0
jeffreys,72.0,1970.8333333333335,-77.0
jeffreys,72.0,2000.0,-77.0
jeffreys,74.0,250.0,-61.234691728934806
jeffreys,74.0,279.1666666666667,-61.843926082796784
jeffreys,74.0,308.3333333333333,-62.39985650249404
jeffreys,74.0,337.5,-62.810154199090064
jeffreys,74.0,366.6666666666667,-63.22045189568608
jeffreys,74.0,395.83333333333337,-63.63074959228211
jeffreys,74.0,425.0,-64.0410472888781
jeffreys,74.0,454.1666666666667,-64.45134498547412
jeffreys,74.0,483.33333333333337,-64.86164268207014
jeffreys,74.0,512.5,-65.27194037866616
jeffreys,74.0,541.6666666666667,-65.68223807526218
jeffreys,74.0,570.8333333333334,-66.0925357718582
jeffreys,74.0,600.0,-66.50283346845421
jeffreys,74.0,629.1666666666667,-66.8812498014278
jeffreys,74.0,658.3333333333334,-67.22516889176319
jeffreys,74.0,687.5,-67.56908798209857
jeffreys,74.0,716.6666666666667,-67.91300707243393
jeffreys,74.0,745.8333333333334,-68.2569261627693
jeffreys,74.0,775.0,-68.6008452531047
jeffreys,74.0,804.1666666666667,-68.94476434344007
jeffreys,74.0,833.3333333333334,-69.28868343377545
jeffreys,74.0,862.5,-69.63260252411081
jeffreys,74.0,891.6666666666667,-69.97652161444618
jeffreys,74.0,920.8333333333334,-70.32044070478156
jeffreys,74.0,950.0,-70.66435979511692
jeffreys,74.0,979.1666666666667,-71.00827888545231
jeffreys,74.0,1008.3333333333334,-71.35219797578769
jeffreys,74.0,1037.5,-71.69611706612305
jeffreys,74.0,1066.6666666666667,-72.04003615645843
jeffreys,74.0,1095.8333333333335,-72.38395524679382
jeffreys,74.0,1125.0,-72.72787433712918
jeffreys,74.0,1154.1666666666667,-73.07179342746456
jeffreys,74.0,1183.3333333333335,-73.41571251779993
jeffreys,74.0,1212.5,-73.75963160813531
jeffreys,74.0,1241.6666666666667,-74.10355069847068
jeffreys,74.0,1270.8333333333335,-74.44746978880606
jeffreys,74.0,1300.0,-74.79138887914144
jeffreys,74.0,1329.1666666666667,-75.13530796947681
jeffreys,74.0,1358.3333333333335,-75.47922705981219
jeffreys,74.0,1387.5,-75.82314615014755
jeffreys,74.0,1416.6666666666667,-76.16706524048294
jeffreys,74.0,1445.8333333333335,-76.51098433081832
jeffreys,74.0,1475.0,-76.85490342115368
jeffreys,74.0,1504.1666666666667,-77.19882251148906
jeffreys,74.0,1533.3333333333335,-77.54274160182442
jeffreys,74.0,1562.5,-77.88666069215981
jeffreys,74.0,1591.6666666666667,-78.23057978249517
jeffreys,74.0,1620.8333333333335,-78.57449887283056
jeffreys,74.0,1650.0,-78.91841796316594
jeffreys,74.0,1679.1666666666667,-78.99999999999999
jeffreys,74.0,1708.3333333333335,-78.99999999999999
jeffreys,74.0,1737.5,-79.0
jeffreys,74.0,1766.6666666666667,-79.0
jeffreys,74.0,1795.8333333333335,-79.0
jeffreys,74.0,1825.0,-79.0
jeffreys,74.0,1854.1666666666667,-79.0
jeffreys,74.0,1883.3333333333335,-78.99999999999999
jeffreys,74.0,1912.5,-78.99999999999999
jeffreys,74.0,1941.6666666666667,-79.0
jeffreys,74.0,1970.8333333333335,-79.0
jeffreys,74.0,2000.0,-79.0
jeffreys,76.0,250.0,-63.234691728934806
jeffreys,76.0,279.1666666666667,-63.843926082796784
jeffreys,76.0,308.3333333333333,-64.39985650249403
jeffreys,76.0,337.5,-64.81015419909006
jeffreys,76.0,366.6666666666667,-65.22045189568608
jeffreys,76.0,395.83333333333337,-65.63074959228211
jeffreys,76.0,425.0,-66.0410472888781
jeffreys,76.0,454.1666666666667,-66.45134498547412
jeffreys,76.0,483.33333333333337,-66.86164268207014
jeffreys,76.0,512.5,-67.27194037866616
jeffreys,76.0,541.6666666666667,-67.68223807526218
jeffreys,76.0,570.8333333333334,-68.0925357718582
jeffreys,76.0,600.0,-68.50283346845421
jeffreys,76.0,629.1666666666667,-68.8812498014278
jeffreys,76.0,658.3333333333334,-69.22516889176319
jeffreys,76.0,687.5,-69.56908798209857
jeffreys,76.0,716.6666666666667,-69.91300707243393
jeffreys,76.0,745.8333333333334,-70.2569261627693
jeffreys,76.0,775.0,-70.6008452531047
jeffreys,76.0,804.1666666666667,-70.94476434344007
jeffreys,76.0,833.3333333333334,-71.28868343377545
jeffreys,76.0,862.5,-71.63260252411081
jeffreys,76.0,891.6666666666667,-71.97652161444618
jeffreys,76.0,920.8333333333334,-72.32044070478156
jeffreys,76.0,950.0,-72.66435979511692
jeffreys,76.0,979.1666666666667,-73.00827888545231
jeffreys,76.0,1008.3333333333334,-73.35219797578769
jeffreys,76.0,1037.5,-73.69611706612305
jeffreys,76.0,1066.6666666666667,-74.04003615645843
jeffreys,76.0,1095.8333333333335,-74.38395524679382
jeffreys,76.0,1125.0,-74.72787433712918
jeffreys,76.0,1154.1666666666667,-75.07179342746456
jeffreys,76.0,1183.3333333333335,-75.41571251779993
jeffreys,76.0,1212.5,-75.75963160813531
jeffreys,76.0,1241.6666666666667,-76.10355069847068
jeffreys,76.0,1270.8333333333335,-76.44746978880606
jeffreys,76.0,1300.0,-76.79138887914144
jeffreys,76.0,1329.1666666666667,-77.13530796947681
jeffreys,76.0,1358.3333333333335,-77.47922705981219
jeffreys,76.0,1387.5,-77.82314615014755
jeffreys,76.0,1416.6666666666667,-78.16706524048294
jeffreys,76.0,1445.8333333333335,-78.51098433081832
jeffreys,76.0,1475.0,-78.85490342115368
jeffreys,76.0,1504.1666666666667,-79.19882251148906
jeffreys,76.0,1533.3333333333335,-79.54274160182442
jeffreys,76.0,1562.5,-79.88666069215981
jeffreys,76.0,1591.6666666666667,-80.23057978249517
jeffreys,76.0,1620.8333333333335,-80.57449887283056
jeffreys,76.0,1650.0,-80.91841796316594
jeffreys,76.0,1679.1666666666667,-80.99999999999999
jeffreys,76.0,1708.3333333333335,-80.99999999999999
jeffreys,76.0,1737.5,-81.0
jeffreys,76.0,1766.6666666666667,-81.0
jeffreys,76.0,1795.8333333333335,-81.0
jeffreys,76.0,1825.0,-81.0
jeffreys,76.0,1854.1666666666667,-81.0
jeffreys,76.0,1883.3333333333335,-80.99999999999999
jeffreys,76.0,1912.5,-80.99999999999999
jeffreys,76.0,1941.6666666666667,-81.0
jeffreys,76.0,1970.8333333333335,-81.0
jeffreys,76.0,2000.0,-81.0
jeffreys,78.0,250.0,-65.2346917289348
jeffreys,78.0,279.1666666666667,-65.84392608279678
jeffreys,78.0,308.3333333333333,-66.39985650249403
jeffreys,78.0,337.5,-66.81015419909006
jeffreys,78.0,366.6666666666667,-67.22045189568608
jeffreys,78.0,395.83333333333337,-67.63074959228211
jeffreys,78.0,425.0,-68.0410472888781
jeffreys,78.0,454.1666666666667,-68.45134498547412
jeffreys,78.0,483.33333333333337,-68.86164268207014
jeffreys,78.0,512.5,-69.27194037866616
jeffreys,78.0,541.6666666666667,-69.68223807526218
jeffreys,78.0,570.8333333333334,-70.0925357718582
jeffreys,78.0,600.0,-70.50283346845421
jeffreys,78.0,629.1666666666667,-70.8812498014278
jeffreys,78.0,658.3333333333334,-71.22516889176319
jeffreys,78.0,687.5,-71.56908798209857
jeffreys,78.0,716.6666666666667,-71.91300707243393
jeffreys,78.0,745.8333333333334,-72.2569261627693
jeffreys,78.0,775.0,-72.6008452531047
jeffreys,78.0,804.1666666666667,-72.94476434344007
jeffreys,78.0,833.3333333333334,-73.28868343377545
jeffreys,78.0,862.5,-73.63260252411081
jeffreys,78.0,891.6666666666667,-73.97652161444618
jeffreys,78.0,920.8333333333334,-74.32044070478156
jeffreys,78.0,950.0,-74.66435979511692
jeffreys,78.0,979.1666666666667,-75.00827888545231
jeffreys,78.0,1008.3333333333334,-75.35219797578769
jeffreys,78.0,1037.5,-75.69611706612305
jeffreys,78.0,1066.6666666666667,-76.04003615645843
jeffreys,78.0,1095.8333333333335,-76.38395524679382
jeffreys,78.0,1125.0,-76.72787433712918
jeffreys,78.0,1154.1666666666667,-77.07179342746456
jeffreys,78.0,1183.3333333333335,-77.41571251779993
jeffreys,78.0,1212.5,-77.75963160813531
jeffreys,78.0,1241.6666666666667,-78.10355069847068
jeffreys,78.0,1270.8333333333335,-78.44746978880606
jeffreys,78.0,1300.0,-78.79138887914144
jeffreys,78.0,1329.1666666666667,-79.13530796947681
jeffreys,78.0,1358.3333333333335,-79.47922705981219
jeffreys,78.0,1387.5,-79.82314615014755
jeffreys,78.0,1416.6666666666667,-80.16706524048294
jeffreys,78.0,1445.8333333333335,-80.51098433081832
jeffreys,78.0,1475.0,-80.85490342115368
jeffreys,78.0,1504.1666666666667,-81.19882251148906
jeffreys,78.0,1533.3333333333335,-81.54274160182442
jeffreys,78.0,1562.5,-81.88666069215981
jeffreys,78.0,1591.6666666666667,-82.23057978249517
jeffreys,78.0,1620.8333333333335,-82.57449887283056
jeffreys,78.0,1650.0,-82.91841796316594
jeffreys,78.0,1679.1666666666667,-82.99999999999999
jeffreys,78.0,1708.3333333333335,-82.99999999999999
jeffreys,78.0,1737.5,-83.0
jeffreys,78.0,1766.6666666666667,-83.0
jeffreys,78.0,1795.8333333333335,-83.0
jeffreys,78.0,1825.0,-83.0
jeffreys,78.0,1854.1666666666667,-83.0
jeffreys,78.0,1883.3333333333335,-82.99999999999999
jeffreys,78.0,1912.5,-82.99999999999999
jeffreys,78.0,1941.6666666666667,-83.0
jeffreys,78.0,1970.8333333333335,-83.0
jeffreys,78.0,2000.0,-83.0
jeffreys,80.0,250.0,-67.2346917289348
jeffreys,80.0,279.1666666666667,-67.84392608279678
jeffreys,80.0,308.3333333333333,-68.39985650249403
jeffreys,80.0,337.5,-68.81015419909006
jeffreys,80.0,366.6666666666667,-69.22045189568608
jeffreys,80.0,395.83333333333337,-69.63074959228211
jeffreys,80.0,425.0,-70.0410472888781
jeffreys,80.0,454.1666666666667,-70.45134498547412
jeffreys,80.0,483.33333333333337,-70.86164268207014
jeffreys,80.0,512.5,-71.27194037866616
jeffreys,80.0,541.6666666666667,-71.68223807526218
jeffreys,80.0,570.8333333333334,-72.0925357718582
jeffreys,80.0,600.0,-72.50283346845421
jeffreys,80.0,629.1666666666667,-72.8812498014278
jeffreys,80.0,658.3333333333334,-73.22516889176319
jeffreys,80.0,687.5,-73.56908798209857
jeffreys,80.0,716.6666666666667,-73.91300707243393
jeffreys,80.0,745.8333333333334,-74.2569261627693
jeffreys,80.0,775.0,-74.6008452531047
jeffreys,80.0,804.1666666666667,-74.94476434344007
jeffreys,80.0,833.3333333333334,-75.28868343377545
jeffreys,80.0,862.5,-75.63260252411081
jeffreys,80.0,891.6666666666667,-75.97652161444618
jeffreys,80.0,920.8333333333334,-76.32044070478156
jeffreys,80.0,950.0,-76.66435979511692
jeffreys,80.0,979.1666666666667,-77.00827888545231
jeffreys,80.0,1008.3333333333334,-77.35219797578769
jeffreys,80.0,1037.5,-77.69611706612305
jeffreys,80.0,1066.6666666666667,-78.04003615645843
jeffreys,80.0,1095.8333333333335,-78.38395524679382
jeffreys,80.0,1125.0,-78.72787433712918
jeffreys,80.0,1154.1666666666667,-79.07179342746456
jeffreys,80.0,1183.3333333333335,-79.41571251779993
jeffreys,80.0,1212.5,-79.75963160813531
jeffreys,80.0,1241.6666666666667,-80.10355069847068
jeffreys,80.0,1270.8333333333335,-80.44746978880606
jeffreys,80.0,1300.0,-80.79138887914144
jeffreys,80.0,1329.1666666666667,-81.13530796947681
jeffreys,80.0,1358.3333333333335,-81.47922705981219
jeffreys,80.0,1387.5,-81.82314615014755
jeffreys,80.0,1416.6666666666667,-82.16706524048294
jeffreys,80.0,1445.8333333333335,-82.51098433081832
jeffreys,80.0,1475.0,-82.85490342115368
jeffreys,80.0,1504.1666666666667,-83.19882251148906
jeffreys,80.0,1533.3333333333335,-83.54274160182442
jeffreys,80.0,1562.5,-83.88666069215981
jeffreys,80.0,1591.6666666666667,-84.23057978249517
jeffreys,80.0,1620.8333333333335,-84.57449887283056
jeffreys,80.0,1650.0,-84.91841796316594
jeffreys,80.0,1679.1666666666667,-84.99999999999999
jeffreys,80.0,1708.3333333333335,-84.99999999999999
jeffreys,80.0,1737.5,-85.0
jeffreys,80.0,1766.6666666666667,-85.0
jeffreys,80.0,1795.8333333333335,-85.0
jeffreys,80.0,1825.0,-85.0
jeffreys,80.0,1854.1666666666667,-85.0
jeffreys,80.0,1883.3333333333335,-84.99999999999999
jeffreys,80.0,1912.5,-84.99999999999999
jeffreys,80.0,1941.6666666666667,-85.0
jeffreys,80.0,1970.8333333333335,-85.0
jeffreys,80.0,2000.0,-85.0
jeffreys,82.0,250.0,-69.2346917289348
jeffreys,82.0,279.1666666666667,-69.84392608279678
jeffreys,82.0,308.3333333333333,-70.39985650249403
jeffreys,82.0,337.5,-70.81015419909006
jeffreys,82.0,366.6666666666667,-71.22045189568608
jeffreys,82.0,395.83333333333337,-71.63074959228211
jeffreys,82.0,425.0,-72.0410472888781
jeffreys,82.0,454.1666666666667,-72.45134498547412
jeffreys,82.0,483.33333333333337,-72.86164268207014
jeffreys,82.0,512.5,-73.27194037866616
jeffreys,82.0,541.6666666666667,-73.68223807526218
jeffreys,82.0,570.8333333333334,-74.0925357718582
jeffreys,82.0,600.0,-74.50283346845421
jeffreys,82.0,629.1666666666667,-74.8812498014278
jeffreys,82.0,658.3333333333334,-75.22516889176319
jeffreys,82.0,687.5,-75.56908798209857
jeffreys,82.0,716.6666666666667,-75.91300707243393
jeffreys,82.0,745.8333333333334,-76.2569261627693
jeffreys,82.0,775.0,-76.6008452531047
jeffreys,82.0,804.1666666666667,-76.94476434344007
jeffreys,82.0,833.3333333333334,-77.28868343377545
jeffreys,82.0,862.5,-77.63260252411081
jeffreys,82.0,891.6666666666667,-77.97652161444618
jeffreys,82.0,920.8333333333334,-78.32044070478156
jeffreys,82.0,950.0,-78.66435979511692
jeffreys,82.0,979.1666666666667,-79.00827888545231
jeffreys,82.0,1008.3333333333334,-79.35219797578769
jeffreys,82.0,1037.5,-79.69611706612305
jeffreys,82.0,1066.6666666666667,-80.04003615645843
jeffreys,82.0,1095.8333333333335,-80.38395524679382
jeffreys,82.0,1125.0,-80.72787433712918
jeffreys,82.0,1154.1666666666667,-81.07179342746456
jeffreys,82.0,1183.3333333333335,-81.41571251779993
jeffreys,82.0,1212.5,-81.75963160813531
jeffreys,82.0,1241.6666666666667,-82.10355069847068
jeffreys,82.0,1270.8333333333335,-82.44746978880606
jeffreys,82.0,1300.0,-82.79138887914144
jeffreys,82.0,1329.1666666666667,-83.13530796947681
jeffreys,82.0,1358.3333333333335,-83.47922705981219
jeffreys,82.0,1387.5,-83.82314615014755
jeffreys,82.0,1416.6666666666667,-84.16706524048294
jeffreys,82.0,1445.8333333333335,-84.51098433081832
jeffreys,82.0,1475.0,-84.85490342115368
jeffreys,82.0,1504.1666666666667,-85.19882251148906
jeffreys,82.0,1533.3333333333335,-85.54274160182442
jeffreys,82.0,1562.5,-85.88666069215981
jeffreys,82.0,1591.6666666666667,-86.23057978249517
jeffreys,82.0,1620.8333333333335,-86.57449887283056
jeffreys,82.0,1650.0,-86.91841796316594
jeffreys,82.0,1679.1666666666667,-86.99999999999999
jeffreys,82.0,1708.3333333333335,-86.99999999999999
jeffreys,82.0,1737.5,-87.0
jeffreys,82.0,1766.6666666666667,-87.0
jeffreys,82.0,1795.8333333333335,-87.0
jeffreys,82.0,1825.0,-87.0
jeffreys,82.0,1854.1666666666667,-87.0
jeffreys,82.0,1883.3333333333335,-86.99999999999999
jeffreys,82.0,1912.5,-86.99999999999999
jeffreys,82.0,1941.6666666666667,-87.0
jeffreys,82.0,1970.8333333333335,-87.0
jeffreys,82.0,2000.0,-87.0
jeffreys,84.0,250.0,-71.2346917289348
jeffreys,84.0,279.1666666666667,-71.84392608279678
jeffreys,84.0,308.3333333333333,-72.39985650249403
jeffreys,84.0,337.5,-72.81015419909006
jeffreys,84.0,366.6666666666667,-73.22045189568608
jeffreys,84.0,395.83333333333337,-73.63074959228211
jeffreys,84.0,425.0,-74.0410472888781
jeffreys,84.0,454.1666666666667,-74.45134498547412
jeffreys,84.0,483.33333333333337,-74.86164268207014
jeffreys,84.0,512.5,-75.27194037866616
jeffreys,84.0,541.6666666666667,-75.68223807526218
jeffreys,84.0,570.8333333333334,-76.0925357718582
jeffreys,84.0,600.0,-76.50283346845421
jeffreys,84.0,629.1666666666667,-76.8812498014278
jeffreys,84.0,658.3333333333334,-77.22516889176319
jeffreys,84.0,687.5,-77.56908798209857
jeffreys,84.0,716.6666666666667,-77.91300707243393
jeffreys,84.0,745.8333333333334,-78.2569261627693
jeffreys,84.0,775.0,-78.6008452531047
jeffreys,84.0,804.1666666666667,-78.94476434344007
jeffreys,84.0,833.3333333333334,-79.28868343377545
jeffreys,84.0,862.5,-79.63260252411081
jeffreys,84.0,891.6666666666667,-79.97652161444618
jeffreys,84.0,920.8333333333334,-80.32044070478156
jeffreys,84.0,950.0,-80.66435979511692
jeffreys,84.0,979.1666666666667,-81.00827888545231
jeffreys,84.0,1008.3333333333334,-81.35219797578769
jeffreys,84.0,1037.5,-81.69611706612305
jeffreys,84.0,1066.6666666666667,-82.04003615645843
jeffreys,84.0,1095.8333333333335,-82.38395524679382
jeffreys,84.0,1125.0,-82.72787433712918
jeffreys,84.0,1154.1666666666667,-83.07179342746456
jeffreys,84.0,1183.3333333333335,-83.41571251779993
jeffreys,84.0,1212.5,-83.75963160813531
jeffreys,84.0,1241.6666666666667,-84.10355069847068
jeffreys,84.0,1270.8333333333335,-84.44746978880606
jeffreys,84.0,1300.0,-84.79138887914144
jeffreys,84.0,1329.1666666666667,-85.13530796947681
jeffreys,84.0,1358.3333333333335,-85.47922705981219
jeffreys,84.0,1387.5,-85.82314615014755
jeffreys,84.0,1416.6666666666667,-86.16706524048294
jeffreys,84.0,1445.8333333333335,-86.51098433081832
jeffreys,84.0,1475.0,-86.85490342115368
jeffreys,84.0,1504.1666666666667,-87.19882251148906
jeffreys,84.0,1533.3333333333335,-87.54274160182442
jeffreys,84.0,1562.5,-87.88666069215981
jeffreys,84.0,1591.6666666666667,-88.23057978249517
jeffreys,84.0,1620.8333333333335,-88.57449887283056
jeffreys,84.0,1650.0,-88.91841796316594
jeffreys,84.0,1679.1666666666667,-88.99999999999999
jeffreys,84.0,1708.3333333333335,-88.99999999999999
jeffreys,84.0,1737.5,-89.0
jeffreys,84.0,1766.6666666666667,-89.0
jeffreys,84.0,1795.8333333333335,-89.0
jeffreys,84.0,1825.0,-88.99999999999997
jeffreys,84.0,1854.1666666666667,-88.99999999999997
jeffreys,84.0,1883.3333333333335,-88.99999999999999
jeffreys,84.0,1912.5,-88.99999999999999
jeffreys,84.0,1941.6666666666667,-89.0
jeffreys,84.0,1970.8333333333335,-89.0
jeffreys,84.0,2000.0,-89.0
jeffreys,86.0,250.0,-73.2346917289348
jeffreys,86.0,279.1666666666667,-73.84392608279678
jeffreys,86.0,308.3333333333333,-74.39985650249403
jeffreys,86.0,337.5,-74.81015419909006
jeffreys,86.0,366.6666666666667,-75.22045189568608
jeffreys,86.0,395.83333333333337,-75.63074959228211
jeffreys,86.0,425.0,-76.0410472888781
jeffreys,86.0,454.1666666666667,-76.45134498547412
jeffreys,86.0,483.33333333333337,-76.86164268207014
jeffreys,86.0,512.5,-77.27194037866616
jeffreys,86.0,541.6666666666667,-77.68223807526218
jeffreys,86.0,570.8333333333334,-78.0925357718582
jeffreys,86.0,600.0,-78.50283346845421
jeffreys,86.0,629.1666666666667,-78.8812498014278
jeffreys,86.0,658.3333333333334,-79.22516889176319
jeffreys,86.0,687.5,-79.56908798209857
jeffreys,86.0,716.6666666666667,-79.91300707243393
jeffreys,86.0,745.8333333333334,-80.2569261627693
jeffreys,86.0,775.0,-80.6008452531047
jeffreys,86.0,804.1666666666667,-80.94476434344007
jeffreys,86.0,833.3333333333334,-81.28868343377545
jeffreys,86.0,862.5,-81.63260252411081
jeffreys,86.0,891.6666666666667,-81.97652161444618
jeffreys,86.0,920.8333333333334,-82.32044070478156
jeffreys,86.0,950.0,-82.66435979511692
jeffreys,86.0,979.1666666666667,-83.00827888545231
jeffreys,86.0,1008.3333333333334,-83.35219797578769
jeffreys,86.0,1037.5,-83.69611706612305
jeffreys,86.0,1066.6666666666667,-84.04003615645843
jeffreys,86.0,1095.8333333333335,-84.38395524679382
jeffreys,86.0,1125.0,-84.72787433712918
jeffreys,86.0,1154.1666666666667,-85.07179342746456
jeffreys,86.0,1183.3333333333335,-85.41571251779993
jeffreys,86.0,1212.5,-85.75963160813531
jeffreys,86.0,1241.6666666666667,-86.10355069847068
jeffreys,86.0,1270.8333333333335,-86.44746978880606
jeffreys,86.0,1300.0,-86.79138887914144
jeffreys,86.0,1329.1666666666667,-87.13530796947681
jeffreys,86.0,1358.3333333333335,-87.47922705981219
jeffreys,86.0,1387.5,-87.82314615014755
jeffreys,86.0,1416.6666666666667,-88.16706524048294
jeffreys,86.0,1445.8333333333335,-88.51098433081832
jeffreys,86.0,1475.0,-88.85490342115368
jeffreys,86.0,1504.1666666666667,-89.19882251148906
jeffreys,86.0,1533.3333333333335,-89.54274160182445
jeffreys,86.0,1562.5,-89.88666069215981
jeffreys,86.0,1591.6666666666667,-90.23057978249517
jeffreys,86.0,1620.8333333333335,-90.57449887283056
jeffreys,86.0,1650.0,-90.91841796316594
jeffreys,86.0,1679.1666666666667,-90.99999999999999
jeffreys,86.0,1708.3333333333335,-90.99999999999999
jeffreys,86.0,1737.5,-91.0
jeffreys,86.0,1766.6666666666667,-91.0
jeffreys,86.0,1795.8333333333335,-91.0
jeffreys,86.0,1825.0,-90.99999999999997
jeffreys,86.0,1854.1666666666667,-90.99999999999997
jeffreys,86.0,1883.3333333333335,-90.99999999999999
jeffreys,86.0,1912.5,-90.99999999999999
jeffreys,86.0,1941.6666666666667,-91.0
jeffreys,86.0,1970.8333333333335,-91.0
jeffreys,86.0,2000.0,-91.0
jeffreys,88.0,250.0,-75.2346917289348
jeffreys,88.0,279.1666666666667,-75.84392608279678
jeffreys,88.0,308.3333333333333,-76.39985650249403
jeffreys,88.0,337.5,-76.81015419909006
jeffreys,88.0,366.6666666666667,-77.22045189568608
jeffreys,88.0,395.83333333333337,-77.63074959228211
jeffreys,88.0,425.0,-78.0410472888781
jeffreys,88.0,454.1666666666667,-78.45134498547412
jeffreys,88.0,483.33333333333337,-78.86164268207014
jeffreys,88.0,512.5,-79.27194037866616
jeffreys,88.0,541.6666666666667,-79.68223807526218
jeffreys,88.0,570.8333333333334,-80.0925357718582
jeffreys,88.0,600.0,-80.50283346845421
jeffreys,88.0,629.1666666666667,-80.8812498014278
jeffreys,88.0,658.3333333333334,-81.22516889176319
jeffreys,88.0,687.5,-81.56908798209857
jeffreys,88.0,716.6666666666667,-81.91300707243393
jeffreys,88.0,745.8333333333334,-82.2569261627693
jeffreys,88.0,775.0,-82.6008452531047
jeffreys,88.0,804.1666666666667,-82.94476434344007
jeffreys,88.0,833.3333333333334,-83.28868343377545
jeffreys,88.0,862.5,-83.63260252411081
jeffreys,88.0,891.6666666666667,-83.97652161444618
jeffreys,88.0,920.8333333333334,-84.32044070478156
jeffreys,88.0,950.0,-84.66435979511692
jeffreys,88.0,979.1666666666667,-85.00827888545231
jeffreys,88.0,1008.3333333333334,-85.35219797578769
jeffreys,88.0,1037.5,-85.69611706612305
jeffreys,88.0,1066.6666666666667,-86.04003615645843
jeffreys,88.0,1095.8333333333335,-86.38395524679382
jeffreys,88.0,1125.0,-86.72787433712918
jeffreys,88.0,1154.1666666666667,-87.07179342746456
jeffreys,88.0,1183.3333333333335,-87.41571251779993
jeffreys,88.0,1212.5,-87.75963160813531
jeffreys,88.0,1241.6666666666667,-88.10355069847068
jeffreys,88.0,1270.8333333333335,-88.44746978880606
jeffreys,88.0,1300.0,-88.79138887914144
jeffreys,88.0,1329.1666666666667,-89.13530796947681
jeffreys,88.0,1358.3333333333335,-89.47922705981219
jeffreys,88.0,1387.5,-89.82314615014755
jeffreys,88.0,1416.6666666666667,-90.16706524048291
jeffreys,88.0,1445.8333333333335,-90.51098433081832
jeffreys,88.0,1475.0,-90.85490342115368
jeffreys,88.0,1504.1666666666667,-91.19882251148906
jeffreys,88.0,1533.3333333333335,-91.54274160182445
jeffreys,88.0,1562.5,-91.88666069215981
jeffreys,88.0,1591.6666666666667,-92.23057978249517
jeffreys,88.0,1620.8333333333335,-92.57449887283056
jeffreys,88.0,1650.0,-92.91841796316594
jeffreys,88.0,1679.1666666666667,-92.99999999999999
jeffreys,88.0,1708.3333333333335,-92.99999999999999
jeffreys,88.0,1737.5,-93.0
jeffreys,88.0,1766.6666666666667,-93.0
jeffreys,88.0,1795.8333333333335,-93.0
jeffreys,88.0,1825.0,-92.99999999999997
jeffreys,88.0,1854.1666666666667,-92.99999999999997
jeffreys,88.0,1883.3333333333335,-92.99999999999999
jeffreys,88.0,1912.5,-92.99999999999999
jeffreys,88.0,1941.6666666666667,-93.0
jeffreys,88.0,1970.8333333333335,-93.0
jeffreys,88.0,2000.0,-93.0
jeffreys,90.0,250.0,-77.2346917289348
jeffreys,90.0,279.1666666666667,-77.84392608279678
jeffreys,90.0,308.3333333333333,-78.39985650249403
jeffreys,90.0,337.5,-78.81015419909006
jeffreys,90.0,366.6666666666667,-79.22045189568608
jeffreys,90.0,395.83333333333337,-79.63074959228211
jeffreys,90.0,425.0,-80.0410472888781
jeffreys,90.0,454.1666666666667,-80.45134498547412
jeffreys,90.0,483.33333333333337,-80.86164268207014
jeffreys,90.0,512.5,-81.27194037866616
jeffreys,90.0,541.6666666666667,-81.68223807526218
jeffreys,90.0,570.8333333333334,-82.0925357718582
jeffreys,90.0,600.0,-82.50283346845421
jeffreys,90.0,629.1666666666667,-82.8812498014278
jeffreys,90.0,658.3333333333334,-83.22516889176319
jeffreys,90.0,687.5,-83.56908798209857
jeffreys,90.0,716.6666666666667,-83.91300707243393
jeffreys,90.0,745.8333333333334,-84.2569261627693
jeffreys,90.0,775.0,-84.6008452531047
jeffreys,90.0,804.1666666666667,-84.94476434344007
jeffreys,90.0,833.3333333333334,-85.28868343377545
jeffreys,90.0,862.5,-85.63260252411081
jeffreys,90.0,891.6666666666667,-85.97652161444618
jeffreys,90.0,920.8333333333334,-86.32044070478156
jeffreys,90.0,950.0,-86.66435979511692
jeffreys,90.0,979.1666666666667,-87.00827888545231
jeffreys,90.0,1008.3333333333334,-87.35219797578769
jeffreys,90.0,1037.5,-87.69611706612305
jeffreys,90.0,1066.6666666666667,-88.04003615645843
jeffreys,90.0,1095.8333333333335,-88.38395524679382
jeffreys,90.0,1125.0,-88.72787433712918
jeffreys,90.0,1154.1666666666667,-89.07179342746456
jeffreys,90.0,1183.3333333333335,-89.41571251779993
jeffreys,90.0,1212.5,-89.75963160813531
jeffreys,90.0,1241.6666666666667,-90.10355069847068
jeffreys,90.0,1270.8333333333335,-90.44746978880606
jeffreys,90.0,1300.0,-90.79138887914144
jeffreys,90.0,1329.1666666666667,-91.13530796947683
jeffreys,90.0,1358.3333333333335,-91.47922705981219
jeffreys,90.0,1387.5,-91.82314615014755
jeffreys,90.0,1416.6666666666667,-92.16706524048291
jeffreys,90.0,1445.8333333333335,-92.51098433081832
jeffreys,90.0,1475.0,-92.85490342115368
jeffreys,90.0,1504.1666666666667,-93.19882251148906
jeffreys,90.0,1533.3333333333335,-93.54274160182445
jeffreys,90.0,1562.5,-93.88666069215981
jeffreys,90.0,1591.6666666666667,-94.23057978249517
jeffreys,90.0,1620.8333333333335,-94.57449887283056
jeffreys,90.0,1650.0,-94.91841796316594
jeffreys,90.0,1679.1666666666667,-94.99999999999999
jeffreys,90.0,1708.3333333333335,-94.99999999999999
jeffreys,90.0,1737.5,-95.0
jeffreys,90.0,1766.6666666666667,-95.0
jeffreys,90.0,1795.8333333333335,-95.0
jeffreys,90.0,1825.0,-94.99999999999997
jeffreys,90.0,1854.1666666666667,-94.99999999999997
jeffreys,90.0,1883.3333333333335,-94.99999999999999
jeffreys,90.0,1912.5,-94.99999999999999
jeffreys,90.0,1941.6666666666667,-95.0
jeffreys,90.0,1970.8333333333335,-95.0
jeffreys,90.0,2000.0,-95.0
jeffreys,92.0,250.0,-79.2346917289348
jeffreys,92.0,279.1666666666667,-79.84392608279678
jeffreys,92.0,308.3333333333333,-80.39985650249403
jeffreys,92.0,337.5,-80.81015419909006
jeffreys,92.0,366.6666666666667,-81.22045189568608
jeffreys,92.0,395.83333333333337,-81.63074959228211
jeffreys,92.0,425.0,-82.0410472888781
jeffreys,92.0,454.1666666666667,-82.45134498547412
jeffreys,92.0,483.33333333333337,-82.86164268207014
jeffreys,92.0,512.5,-83.27194037866616
jeffreys,92.0,541.6666666666667,-83.68223807526218
jeffreys,92.0,570.8333333333334,-84.0925357718582
jeffreys,92.0,600.0,-84.50283346845421
jeffreys,92.0,629.1666666666667,-84.8812498014278
jeffreys,92.0,658.3333333333334,-85.22516889176319
jeffreys,92.0,687.5,-85.56908798209857
jeffreys,92.0,716.6666666666667,-85.91300707243393
jeffreys,92.0,745.8333333333334,-86.2569261627693
jeffreys,92.0,775.0,-86.6008452531047
jeffreys,92.0,804.1666666666667,-86.94476434344007
jeffreys,92.0,833.3333333333334,-87.28868343377545
jeffreys,92.0,862.5,-87.63260252411081
jeffreys,92.0,891.6666666666667,-87.97652161444618
jeffreys,92.0,920.8333333333334,-88.32044070478156
jeffreys,92.0,950.0,-88.66435979511692
jeffreys,92.0,979.1666666666667,-89.00827888545231
jeffreys,92.0,1008.3333333333334,-89.35219797578769
jeffreys,92.0,1037.5,-89.69611706612305
jeffreys,92.0,1066.6666666666667,-90.04003615645843
jeffreys,92.0,1095.8333333333335,-90.38395524679382
jeffreys,92.0,1125.0,-90.72787433712918
jeffreys,92.0,1154.1666666666667,-91.07179342746456
jeffreys,92.0,1183.3333333333335,-91.41571251779993
jeffreys,92.0,1212.5,-91.75963160813531
jeffreys,92.0,1241.6666666666667,-92.10355069847067
jeffreys,92.0,1270.8333333333335,-92.44746978880606
jeffreys,92.0,1300.0,-92.79138887914144
jeffreys,92.0,1329.1666666666667,-93.13530796947683
jeffreys,92.0,1358.3333333333335,-93.47922705981219
jeffreys,92.0,1387.5,-93.82314615014755
jeffreys,92.0,1416.6666666666667,-94.16706524048291
jeffreys,92.0,1445.8333333333335,-94.51098433081832
jeffreys,92.0,1475.0,-94.85490342115368
jeffreys,92.0,1504.1666666666667,-95.19882251148906
jeffreys,92.0,1533.3333333333335,-95.54274160182445
jeffreys,92.0,1562.5,-95.88666069215981
jeffreys,92.0,1591.6666666666667,-96.23057978249517
jeffreys,92.0,1620.8333333333335,-96.57449887283056
jeffreys,92.0,1650.0,-96.91841796316594
jeffreys,92.0,1679.1666666666667,-96.99999999999999
jeffreys,92.0,1708.3333333333335,-96.99999999999999
jeffreys,92.0,1737.5,-97.0
jeffreys,92.0,1766.6666666666667,-97.0
jeffreys,92.0,1795.8333333333335,-97.0
jeffreys,92.0,1825.0,-96.99999999999997
jeffreys,92.0,1854.1666666666667,-96.99999999999997
jeffreys,92.0,1883.3333333333335,-96.99999999999999
jeffreys,92.0,1912.5,-96.99999999999999
jeffreys,92.0,1941.6666666666667,-97.0
jeffreys,92.0,1970.8333333333335,-97.0
jeffreys,92.0,2000.0,-97.0
jeffreys,94.0,250.0,-81.2346917289348
jeffreys,94.0,279.1666666666667,-81.84392608279678
jeffreys,94.0,308.3333333333333,-82.39985650249403
jeffreys,94.0,337.5,-82.81015419909006
jeffreys,94.0,366.6666666666667,-83.22045189568608
jeffreys,94.0,395.83333333333337,-83.63074959228211
jeffreys,94.0,425.0,-84.0410472888781
jeffreys,94.0,454.1666666666667,-84.45134498547412
jeffreys,94.0,483.33333333333337,-84.86164268207014
jeffreys,94.0,512.5,-85.27194037866616
jeffreys,94.0,541.6666666666667,-85.68223807526218
jeffreys,94.0,570.8333333333334,-86.0925357718582
jeffreys,94.0,600.0,-86.50283346845421
jeffreys,94.0,629.1666666666667,-86.8812498014278
jeffreys,94.0,658.3333333333334,-87.22516889176319
jeffreys,94.0,687.5,-87.56908798209857
jeffreys,94.0,716.6666666666667,-87.91300707243393
jeffreys,94.0,745.8333333333334,-88.2569261627693
jeffreys,94.0,775.0,-88.6008452531047
jeffreys,94.0,804.1666666666667,-88.94476434344007
jeffreys,94.0,833.3333333333334,-89.28868343377545
jeffreys,94.0,862.5,-89.63260252411081
jeffreys,94.0,891.6666666666667,-89.97652161444618
jeffreys,94.0,920.8333333333334,-90.32044070478156
jeffreys,94.0,950.0,-90.66435979511692
jeffreys,94.0,979.1666666666667,-91.00827888545231
jeffreys,94.0,1008.3333333333334,-91.35219797578769
jeffreys,94.0,1037.5,-91.69611706612305
jeffreys,94.0,1066.6666666666667,-92.04003615645843
jeffreys,94.0,1095.8333333333335,-92.38395524679382
jeffreys,94.0,1125.0,-92.72787433712918
jeffreys,94.0,1154.1666666666667,-93.07179342746457
jeffreys,94.0,1183.3333333333335,-93.41571251779993
jeffreys,94.0,1212.5,-93.75963160813531
jeffreys,94.0,1241.6666666666667,-94.10355069847067
jeffreys,94.0,1270.8333333333335,-94.44746978880606
jeffreys,94.0,1300.0,-94.79138887914144
jeffreys,94.0,1329.1666666666667,-95.13530796947683
jeffreys,94.0,1358.3333333333335,-95.47922705981219
jeffreys,94.0,1387.5,-95.82314615014755
jeffreys,94.0,1416.6666666666667,-96.16706524048291
jeffreys,94.0,1445.8333333333335,-96.51098433081832
jeffreys,94.0,1475.0,-96.85490342115368
jeffreys,94.0,1504.1666666666667,-97.19882251148906
jeffreys,94.0,1533.3333333333335,-97.54274160182445
jeffreys,94.0,1562.5,-97.88666069215981
jeffreys,94.0,1591.6666666666667,-98.23057978249517
jeffreys,94.0,1620.8333333333335,-98.57449887283056
jeffreys,94.0,1650.0,-98.91841796316594
jeffreys,94.0,1679.1666666666667,-98.99999999999999
jeffreys,94.0,1708.3333333333335,-98.99999999999999
jeffreys,94.0,1737.5,-99.0
jeffreys,94.0,1766.6666666666667,-99.0
jeffreys,94.0,1795.8333333333335,-99.0
jeffreys,94.0,1825.0,-98.99999999999997
jeffreys,94.0,1854.1666666666667,-98.99999999999997
jeffreys,94.0,1883.3333333333335,-98.99999999999999
jeffreys,94.0,1912.5,-98.99999999999999
jeffreys,94.0,1941.6666666666667,-99.0
jeffreys,94.0,1970.8333333333335,-99.0
jeffreys,94.0,2000.0,-99.0
jeffreys,96.0,250.0,-83.2346917289348
jeffreys,96.0,279.1666666666667,-83.84392608279678
jeffreys,96.0,308.3333333333333,-84.39985650249403
jeffreys,96.0,337.5,-84.81015419909006
jeffreys,96.0,366.6666666666667,-85.22045189568608
jeffreys,96.0,395.83333333333337,-85.63074959228211
jeffreys,96.0,425.0,-86.0410472888781
jeffreys,96.0,454.1666666666667,-86.45134498547412
jeffreys,96.0,483.33333333333337,-86.86164268207014
jeffreys,96.0,512.5,-87.27194037866616
jeffreys,96.0,541.6666666666667,-87.68223807526218
jeffreys,96.0,570.8333333333334,-88.0925357718582
jeffreys,96.0,600.0,-88.50283346845421
jeffreys,96.0,629.1666666666667,-88.8812498014278
jeffreys,96.0,658.3333333333334,-89.22516889176319
jeffreys,96.0,687.5,-89.56908798209857
jeffreys,96.0,716.6666666666667,-89.91300707243393
jeffreys,96.0,745.8333333333334,-90.2569261627693
jeffreys,96.0,775.0,-90.6008452531047
jeffreys,96.0,804.1666666666667,-90.94476434344007
jeffreys,96.0,833.3333333333334,-91.28868343377545
jeffreys,96.0,862.5,-91.63260252411081
jeffreys,96.0,891.6666666666667,-91.97652161444618
jeffreys,96.0,920.8333333333334,-92.32044070478156
jeffreys,96.0,950.0,-92.66435979511692
jeffreys,96.0,979.1666666666667,-93.00827888545231
jeffreys,96.0,1008.3333333333334,-93.35219797578769
jeffreys,96.0,1037.5,-93.69611706612305
jeffreys,96.0,1066.6666666666667,-94.04003615645843
jeffreys,96.0,1095.8333333333335,-94.38395524679382
jeffreys,96.0,1125.0,-94.72787433712918
jeffreys,96.0,1154.1666666666667,-95.07179342746457
jeffreys,96.0,1183.3333333333335,-95.41571251779993
jeffreys,96.0,1212.5,-95.75963160813531
jeffreys,96.0,1241.6666666666667,-96.10355069847067
jeffreys,96.0,1270.8333333333335,-96.44746978880606
jeffreys,96.0,1300.0,-96.79138887914144
jeffreys,96.0,1329.1666666666667,-97.13530796947683
jeffreys,96.0,1358.3333333333335,-97.47922705981219
jeffreys,96.0,1387.5,-97.82314615014755
jeffreys,96.0,1416.6666666666667,-98.16706524048291
jeffreys,96.0,1445.8333333333335,-98.51098433081832
jeffreys,96.0,1475.0,-98.85490342115368
jeffreys,96.0,1504.1666666666667,-99.19882251148906
jeffreys,96.0,1533.3333333333335,-99.54274160182445
jeffreys,96.0,1562.5,-99.88666069215981
jeffreys,96.0,1591.6666666666667,-100.23057978249517
jeffreys,96.0,1620.8333333333335,-100.57449887283056
jeffreys,96.0,1650.0,-100.91841796316594
jeffreys,96.0,1679.1666666666667,-100.99999999999999
jeffreys,96.0,1708.3333333333335,-100.99999999999999
jeffreys,96.0,1737.5,-101.0
jeffreys,96.0,1766.6666666666667,-101.0
jeffreys,96.0,1795.8333333333335,-101.0
jeffreys,96.0,1825.0,-100.99999999999997
jeffreys,96.0,1854.1666666666667,-100.99999999999997
jeffreys,96.0,1883.3333333333335,-100.99999999999999
jeffreys,96.0,1912.5,-100.99999999999999
jeffreys,96.0,1941.6666666666667,-101.0
jeffreys,96.0,1970.8333333333335,-101.0
jeffreys,96.0,2000.0,-101.0
jeffreys,98.0,250.0,-85.2346917289348
jeffreys,98.0,279.1666666666667,-85.84392608279678
jeffreys,98.0,308.3333333333333,-86.39985650249403
jeffreys,98.0,337.5,-86.81015419909006
jeffreys,98.0,366.6666666666667,-87.22045189568608
jeffreys,98.0,395.83333333333337,-87.63074959228211
jeffreys,98.0,425.0,-88.0410472888781
jeffreys,98.0,454.1666666666667,-88.45134498547412
jeffreys,98.0,483.33333333333337,-88.86164268207014
jeffreys,98.0,512.5,-89.27194037866616
jeffreys,98.0,541.6666666666667,-89.68223807526218
jeffreys,98.0,570.8333333333334,-90.0925357718582
jeffreys,98.0,600.0,-90.50283346845421
jeffreys,98.0,629.1666666666667,-90.8812498014278
jeffreys,98.0,658.3333333333334,-91.22516889176319
jeffreys,98.0,687.5,-91.56908798209857
jeffreys,98.0,716.6666666666667,-91.91300707243393
jeffreys,98.0,745.8333333333334,-92.2569261627693
jeffreys,98.0,775.0,-92.6008452531047
jeffreys,98.0,804.1666666666667,-92.94476434344007
jeffreys,98.0,833.3333333333334,-93.28868343377545
jeffreys,98.0,862.5,-93.63260252411081
jeffreys,98.0,891.6666666666667,-93.9765216144462
jeffreys,98.0,920.8333333333334,-94.32044070478156
jeffreys,98.0,950.0,-94.66435979511692
jeffreys,98.0,979.1666666666667,-95.00827888545231
jeffreys,98.0,1008.3333333333334,-95.35219797578769
jeffreys,98.0,1037.5,-95.69611706612305
jeffreys,98.0,1066.6666666666667,-96.04003615645843
jeffreys,98.0,1095.8333333333335,-96.38395524679382
jeffreys,98.0,1125.0,-96.72787433712918
jeffreys,98.0,1154.1666666666667,-97.07179342746457
jeffreys,98.0,1183.3333333333335,-97.41571251779993
jeffreys,98.0,1212.5,-97.75963160813531
jeffreys,98.0,1241.6666666666667,-98.10355069847067
jeffreys,98.0,1270.8333333333335,-98.44746978880606
jeffreys,98.0,1300.0,-98.79138887914144
jeffreys,98.0,1329.1666666666667,-99.13530796947683
jeffreys,98.0,1358.3333333333335,-99.47922705981219
jeffreys,98.0,1387.5,-99.82314615014755
jeffreys,98.0,1416.6666666666667,-100.16706524048291
jeffreys,98.0,1445.8333333333335,-100.51098433081832
jeffreys,98.0,1475.0,-100.85490342115368
jeffreys,98.0,1504.1666666666667,-101.19882251148906
jeffreys,98.0,1533.3333333333335,-101.54274160182445
jeffreys,98.0,1562.5,-101.88666069215981
jeffreys,98.0,1591.6666666666667,-102.23057978249517
jeffreys,98.0,1620.8333333333335,-102.57449887283056
jeffreys,98.0,1650.0,-102.91841796316594
jeffreys,98.0,1679.1666666666667,-102.99999999999999
jeffreys,98.0,1708.3333333333335,-102.99999999999999
jeffreys,98.0,1737.5,-103.0
jeffreys,98.0,1766.6666666666667,-103.0
jeffreys,98.0,1795.8333333333335,-103.0
jeffreys,98.0,1825.0,-102.99999999999997
jeffreys,98.0,1854.1666666666667,-102.99999999999997
jeffreys,98.0,1883.3333333333335,-102.99999999999999
jeffreys,98.0,1912.5,-102.99999999999999
jeffreys,98.0,1941.6666666666667,-103.0
jeffreys,98.0,1970.8333333333335,-103.0
jeffreys,98.0,2000.0,-103.0
jeffreys,100.0,250.0,-87.2346917289348
jeffreys,100.0,279.1666666666667,-87.84392608279678
jeffreys,100.0,308.3333333333333,-88.39985650249403
jeffreys,100.0,337.5,-88.81015419909006
jeffreys,100.0,366.6666666666667,-89.22045189568608
jeffreys,100.0,395.83333333333337,-89.63074959228211
jeffreys,100.0,425.0,-90.0410472888781
jeffreys,100.0,454.1666666666667,-90.45134498547412
jeffreys,100.0,483.33333333333337,-90.86164268207014
jeffreys,100.0,512.5,-91.27194037866616
jeffreys,100.0,541.6666666666667,-91.68223807526218
jeffreys,100.0,570.8333333333334,-92.0925357718582
jeffreys,100.0,600.0,-92.50283346845421
jeffreys,100.0,629.1666666666667,-92.8812498014278
jeffreys,100.0,658.3333333333334,-93.22516889176319
jeffreys,100.0,687.5,-93.56908798209857
jeffreys,100.0,716.6666666666667,-93.91300707243394
jeffreys,100.0,745.8333333333334,-94.2569261627693
jeffreys,100.0,775.0,-94.60084525310468
jeffreys,100.0,804.1666666666667,-94.94476434344007
jeffreys,100.0,833.3333333333334,-95.28868343377545
jeffreys,100.0,862.5,-95.63260252411081
jeffreys,100.0,891.6666666666667,-95.9765216144462
jeffreys,100.0,920.8333333333334,-96.32044070478156
jeffreys,100.0,950.0,-96.66435979511692
jeffreys,100.0,979.1666666666667,-97.00827888545231
jeffreys,100.0,1008.3333333333334,-97.35219797578769
jeffreys,100.0,1037.5,-97.69611706612305
jeffreys,100.0,1066.6666666666667,-98.04003615645843
jeffreys,100.0,1095.8333333333335,-98.38395524679382
jeffreys,100.0,1125.0,-98.72787433712918
jeffreys,100.0,1154.1666666666667,-99.07179342746457
jeffreys,100.0,1183.3333333333335,-99.41571251779993
jeffreys,100.0,1212.5,-99.75963160813531
jeffreys,100.0,1241.6666666666667,-100.10355069847067
jeffreys,100.0,1270.8333333333335,-100.44746978880606
jeffreys,100.0,1300.0,-100.79138887914144
jeffreys,100.0,1329.1666666666667,-101.13530796947683
jeffreys,100.0,1358.3333333333335,-101.47922705981219
jeffreys,100.0,1387.5,-101.82314615014755
jeffreys,100.0,1416.6666666666667,-102.16706524048291
jeffreys,100.0,1445.8333333333335,-102.51098433081832
jeffreys,100.0,1475.0,-102.85490342115368
jeffreys,100.0,1504.1666666666667,-103.19882251148906
jeffreys,100.0,1533.3333333333335,-103.54274160182445
jeffreys,100.0,1562.5,-103.88666069215981
jeffreys,100.0,1591.6666666666667,-104.23057978249517
jeffreys,100.0,1620.8333333333335,-104.57449887283056
jeffreys,100.0,1650.0,-104.91841796316594
jeffreys,100.0,1679.1666666666667,-104.99999999999999
jeffreys,100.0,1708.3333333333335,-104.99999999999999
jeffreys,100.0,1737.5,-105.0
jeffreys,100.0,1766.6666666666667,-105.0
jeffreys,100.0,1795.8333333333335,-105.0
jeffreys,100.0,1825.0,-104.99999999999997
jeffreys,100.0,1854.1666666666667,-104.99999999999997
jeffreys,100.0,1883.3333333333335,-104.99999999999999
jeffreys,100.0,1912.5,-104.99999999999999
jeffreys,100.0,1941.6666666666667,-105.0
jeffreys,100.0,1970.8333333333335,-105.0
jeffreys,100.0,2000.0,-105.0
